sector,production_tonnes,reported_emissions_tco2e,historical_emissions_tco2e,stat_fuel_liters,mob_fuel_liters,biomass_tonnes,clinker_tonnes,cost_solar_idr,cost_coal_idr,cost_gas_idr,cost_pln_idr,is_anomaly,anomaly_type
Kelapa Sawit & CPO,692121.57,99920.57,102048.39,19837767.55,4959441.89,588.9,0.0,350460199441.93,1461475588.37,0.0,56612330955.09,0,NORMAL
Manufaktur & Pengolahan,632281.52,185873.38,188194.93,13775769.62,3443942.41,0.0,0.0,281974991918.79,28777836267.4,174062145552.33,102950790511.32,0,NORMAL
Logam & Baja,133579.22,199379.25,195815.33,3757222.23,939305.56,0.0,0.0,64871263421.4,46453676288.45,99791710110.57,84742042120.41,0,NORMAL
Semen & Bahan Bangunan,533841.53,302360.8,324555.23,2453082.14,613270.53,7706.34,387718.78,60548169540.95,43851408863.49,29225614471.82,29956707256.84,0,NORMAL
Pulp & Kertas,767424.37,287653.44,275113.33,13003098.04,3250774.51,23450.46,0.0,320678912773.24,61075635473.89,147493531471.36,135623725484.19,0,NORMAL
Kelapa Sawit & CPO,456443.99,55764.7,57306.7,11183800.83,2795950.21,3838.78,0.0,231580058061.28,1076343087.14,0.0,33615795577.49,0,NORMAL
Semen & Bahan Bangunan,394964.42,319124.82,327465.75,3951432.89,987858.22,10728.92,295343.96,96289184696.04,65065180934.12,53465201909.17,44749038574.11,0,NORMAL
Kelapa Sawit & CPO,296347.51,41476.6,41092.28,8266387.5,2066596.87,5468.87,0.0,153343034658.13,819933296.61,0.0,26924332048.42,0,NORMAL
Pulp & Kertas,850147.15,344538.51,328474.35,15333816.32,3833454.08,22618.95,0.0,277566886400.47,67438540784.54,225295527388.96,192527761943.57,0,NORMAL
Logam & Baja,462723.3,755911.2,767954.37,14222378.38,3555594.6,0.0,0.0,335341087380.92,181969316959.1,382797261007.31,332747001919.45,0,NORMAL
Semen & Bahan Bangunan,132834.02,84351.98,88493.31,846424.64,211606.16,12051.51,93201.89,19252370318.39,16263851624.4,15253170205.68,11408893300.87,0,NORMAL
Ketenagalistrikan & PLTU,120606.19,121787.01,114682.97,1799996.86,449999.21,10180.83,0.0,29710971194.52,60701097365.5,0.0,21148366763.75,0,NORMAL
Semen & Bahan Bangunan,511459.99,310097.21,305339.52,2739832.87,684958.22,23560.51,375971.2,50233463911.89,37731665537.59,40119306152.14,36550384838.95,0,NORMAL
Manufaktur & Pengolahan,845022.79,313920.93,301333.91,23354096.87,5838524.22,0.0,0.0,470219825194.4,42440488394.79,321882767837.19,185803407323.61,0,NORMAL
Ketenagalistrikan & PLTU,408333.3,132113.23,422317.56,3010123.4,757179.24,12742.98,0.0,63752777323.28,5655777046.39,6096732774.83,4678060668.15,1,UNDER_REPORTING_FRAUD
Ketenagalistrikan & PLTU,474220.49,142533.13,391524.36,3148786.5,536149.48,4964.41,355665.37,70716358562.64,9116739672.53,2005387228.33,8806824572.67,1,UNREPORTED_PROCESS_EMISSIONS
Manufaktur & Pengolahan,897870.5,225834.29,215780.21,16956442.73,4239110.68,0.0,0.0,277021240761.86,26787029178.81,175870551764.09,152787719670.75,0,NORMAL
Pulp & Kertas,477504.86,216054.74,217431.37,9554836.78,2388709.19,8475.24,0.0,225304820189.6,45558685454.44,134655505002.18,101462584349.58,0,NORMAL
Semen & Bahan Bangunan,564532.15,87392.81,371905.45,7761546.95,977073.53,8476.42,406463.15,160136182878.44,11270483701.36,1620240414.87,7572503609.01,1,UNDER_REPORTING_FRAUD
Ketenagalistrikan & PLTU,995218.78,910532.28,864600.9,13609771.09,3402442.77,24341.49,0.0,283365692739.52,321664905209.98,0.0,191835063267.41,0,NORMAL
Kelapa Sawit & CPO,291875.06,5959.44,63606.49,4420657.98,1465233.21,10573.64,0.0,85452664043.46,6909412848.45,2389027214.15,12541655951.56,1,EXTREME_YOY_COLLAPSE
Ketenagalistrikan & PLTU,153695.19,37551.02,127847.78,8321688.55,1141738.7,2637.69,0.0,163357516915.53,7946161111.76,1083171228.69,12697365476.54,1,UNDER_REPORTING_FRAUD
Manufaktur & Pengolahan,554831.78,80568.83,115829.37,5265611.08,1665395.38,9792.73,0.0,111287293155.56,14558022929.6,5467396414.0,3328198522.47,1,UNDER_REPORTING_SUBTLE
Manufaktur & Pengolahan,378807.19,99665.97,95672.01,7513658.57,1878414.64,0.0,0.0,123858626845.7,15052809274.87,68939686114.57,69063874706.44,0,NORMAL
Ketenagalistrikan & PLTU,489638.92,439682.62,423656.22,6658728.64,1664682.16,15935.94,0.0,156810381253.5,184982040689.54,0.0,83743251267.08,0,NORMAL
Semen & Bahan Bangunan,392749.11,308945.38,319910.64,3866247.03,966561.76,857.52,275141.87,69224474529.73,74589294509.13,46271914008.84,40482889527.1,0,NORMAL
Logam & Baja,455512.58,860411.2,863760.04,16411788.47,4102947.12,0.0,0.0,283829703103.68,226938720238.65,372984333252.02,311583613947.33,0,NORMAL
Manufaktur & Pengolahan,375445.74,105817.2,107089.66,7928695.41,1982173.85,0.0,0.0,192502554917.46,12113916997.32,99272542745.4,63508139006.25,0,NORMAL
Ketenagalistrikan & PLTU,213745.93,204908.27,211395.77,3030557.42,757639.35,9560.65,0.0,56932921324.56,100307914822.19,0.0,33850585348.77,0,NORMAL
Pulp & Kertas,101526.11,16476.27,45450.13,6983127.78,479166.02,3525.9,76144.58,133564530223.36,12277950242.11,2521362544.89,7680800609.57,1,UNREPORTED_PROCESS_EMISSIONS
Pulp & Kertas,791446.15,54754.35,313002.08,4782213.52,1195700.53,8960.91,0.0,104792320035.37,13440214213.06,2936889658.49,4913788378.49,1,EXTREME_YOY_COLLAPSE
Kelapa Sawit & CPO,535721.42,105296.81,106217.95,21201434.2,5300358.55,4610.76,0.0,454413935623.62,1362244141.43,0.0,56340832132.2,0,NORMAL
Logam & Baja,482227.34,513847.8,729154.67,3162583.01,1544549.96,3388.73,0.0,63721231287.22,16856120483.93,3051597740.14,9891504345.4,1,UNDER_REPORTING_SUBTLE
Kelapa Sawit & CPO,687474.19,121060.35,127093.66,24323418.66,6080854.67,14970.48,0.0,438809757865.29,2280756175.15,0.0,75354035703.35,0,NORMAL
Logam & Baja,215740.67,435958.23,466226.54,8773005.01,2193251.25,0.0,0.0,169737662306.5,131759985802.32,190125053982.01,186347391677.78,0,NORMAL
Pulp & Kertas,564198.43,54975.33,286584.72,6118691.8,1475895.7,12940.91,0.0,123692465629.8,10558841514.03,3242456832.24,7371074250.54,1,UNDER_REPORTING_FRAUD
Semen & Bahan Bangunan,871809.13,599069.83,615672.58,6721006.11,1680251.53,4065.22,599088.25,111423132162.04,90999788485.61,138580985567.98,89521659067.6,0,NORMAL
Kelapa Sawit & CPO,540740.08,92319.87,92748.89,18383663.02,4595915.75,3176.18,0.0,446569596639.5,1346683124.65,0.0,49689071505.49,0,NORMAL
Kelapa Sawit & CPO,833926.34,147275.21,141779.52,29658267.61,7414566.9,19522.96,0.0,678147477567.97,3273497683.36,0.0,76058505293.02,0,NORMAL
Semen & Bahan Bangunan,580621.41,354345.39,375606.27,3492528.85,873132.21,12347.12,398871.32,61810715746.26,38036267095.43,62841654987.96,35687616557.59,0,NORMAL
Semen & Bahan Bangunan,572893.82,237679.78,378561.56,6742466.83,1500845.36,6026.87,412483.55,150653234888.59,7882900718.21,2383403866.63,9153770450.12,1,UNDER_REPORTING_SUBTLE
Manufaktur & Pengolahan,573692.92,54715.82,160511.26,8140964.01,471979.87,10494.56,430269.69,176852145312.6,5778513454.74,2532463012.16,5000370120.16,1,UNREPORTED_PROCESS_EMISSIONS
Kelapa Sawit & CPO,362226.62,78581.89,75595.45,15448831.17,3862207.79,13615.03,0.0,280912740737.67,1318921295.15,0.0,44239608445.6,0,NORMAL
Pulp & Kertas,498960.58,207674.25,200766.37,9237921.97,2309480.49,23104.51,0.0,195640362908.42,41676952044.41,125820445537.74,106430948490.7,0,NORMAL
Kelapa Sawit & CPO,213352.73,36134.5,36460.75,7254909.2,1813727.3,21532.26,0.0,164483327651.29,677682264.03,0.0,18929193594.65,0,NORMAL
Kelapa Sawit & CPO,236382.36,29274.99,41383.12,5190903.14,1469057.88,4127.79,0.0,100363909113.26,9468323810.88,2065477874.3,6066533599.2,1,UNDER_REPORTING_SUBTLE
Kelapa Sawit & CPO,455708.51,66785.52,70336.09,13481028.04,3370257.01,4690.34,0.0,333961715934.85,1143737237.06,0.0,38167583079.32,0,NORMAL
Manufaktur & Pengolahan,162934.07,40704.99,38769.6,3019841.62,754960.4,0.0,0.0,73568516671.46,3839177207.22,28363011848.6,27844062585.99,0,NORMAL
Logam & Baja,344905.05,576986.0,595988.65,10793581.09,2698395.27,0.0,0.0,178663676609.84,100046439408.08,183201367456.29,258015956030.95,0,NORMAL
Manufaktur & Pengolahan,325877.31,54746.86,55812.11,4098478.24,1024619.56,0.0,0.0,86563581458.86,6301862701.97,51367515696.6,37302867410.56,0,NORMAL
Manufaktur & Pengolahan,189554.2,7366.47,42583.09,5647717.71,918949.86,6535.51,0.0,108820484355.87,8784460595.58,5993569083.36,13349202033.28,1,EXTREME_YOY_COLLAPSE
Semen & Bahan Bangunan,684327.28,436654.78,412167.78,4352019.68,1088004.92,16676.14,476989.54,73069864802.91,56035854707.47,63918807767.36,47300043462.43,0,NORMAL
Pulp & Kertas,238008.32,97205.36,97368.4,4375700.78,1093925.19,15016.12,0.0,72057405766.07,23733757710.46,71889265233.86,57647593501.95,0,NORMAL
Kelapa Sawit & CPO,778642.31,105656.69,105428.53,20764346.51,5191086.63,7745.33,0.0,455768419521.36,2046800248.62,0.0,51642321311.79,0,NORMAL
Manufaktur & Pengolahan,526810.72,151776.06,157647.62,11189246.95,2797311.74,0.0,0.0,259837742884.59,17603196130.48,110253647693.72,106290918123.56,0,NORMAL
Kelapa Sawit & CPO,178186.24,1285.84,36214.76,3844769.26,954817.44,3247.84,0.0,79648753540.98,16781999376.89,4619320484.75,11833429337.02,1,IMPOSSIBLE_PRODUCTION_INTENSITY
Ketenagalistrikan & PLTU,858814.52,647482.51,632189.3,9613595.33,2403398.83,4483.75,0.0,231600273609.36,319541073812.53,0.0,127970283299.35,0,NORMAL
Semen & Bahan Bangunan,526430.62,322323.88,311032.32,2737431.35,684357.84,23101.9,388462.81,55666928501.83,28207265045.19,32672984772.45,35257591901.94,0,NORMAL
Kelapa Sawit & CPO,758002.28,127032.38,128836.73,25463278.96,6365819.74,20090.7,0.0,425390053624.61,2304545289.5,0.0,65195113989.07,0,NORMAL
Kelapa Sawit & CPO,610205.8,109408.86,115791.89,21742588.99,5435647.25,22385.94,0.0,512855981105.68,1969279634.56,0.0,54290423347.9,0,NORMAL
Pulp & Kertas,558224.95,189163.52,178902.47,8382757.07,2095689.27,18230.99,0.0,177284722729.07,45936541160.83,141788193140.63,114051116380.58,0,NORMAL
Kelapa Sawit & CPO,387646.19,59529.04,58356.86,11750635.22,2937658.81,21651.81,0.0,267245966788.96,1135374558.44,0.0,35008559109.17,0,NORMAL
Kelapa Sawit & CPO,195642.85,6114.76,32040.44,4221131.08,1269016.62,9427.6,0.0,85444596475.05,12539553960.52,2205673310.0,12984423388.25,1,EXTREME_YOY_COLLAPSE
Logam & Baja,126692.31,82069.08,231687.5,2701403.81,1252543.95,8565.83,95019.23,55012214485.68,4543654985.36,6339925586.36,9920081492.57,1,UNREPORTED_PROCESS_EMISSIONS
Pulp & Kertas,768383.45,447736.31,457284.59,20081317.51,5020329.38,15404.68,0.0,492536374672.16,77977405443.19,251031567980.4,211194824728.57,0,NORMAL
Manufaktur & Pengolahan,444901.99,113935.44,115728.29,8406286.98,2101571.75,0.0,0.0,178125781012.23,11096236730.1,99609067376.7,86199372181.89,0,NORMAL
Logam & Baja,513547.62,475487.62,809111.25,7171001.71,1512969.29,604.37,0.0,147873956967.42,12752268015.35,4833516189.47,11243742416.72,1,UNDER_REPORTING_SUBTLE
Ketenagalistrikan & PLTU,503736.15,503894.49,537553.16,7577123.56,1894280.89,8434.02,0.0,156916233802.39,199629304262.67,0.0,105788710279.44,0,NORMAL
Semen & Bahan Bangunan,97268.43,73248.57,69960.65,920803.94,230200.99,8999.68,66842.61,19076128934.14,12912763194.97,18599358513.71,9277331490.01,0,NORMAL
Logam & Baja,289371.48,527155.28,529217.83,10250624.16,2562656.04,0.0,0.0,245886089385.43,114851247730.43,185858673088.86,244601625117.67,0,NORMAL
Pulp & Kertas,238738.5,100520.69,100324.84,4463425.23,1115856.31,20066.2,0.0,90484956619.81,22229312240.55,72230445504.47,61725104808.29,0,NORMAL
Ketenagalistrikan & PLTU,975215.18,879737.92,894305.08,13206057.15,3301514.29,16783.09,0.0,306487618852.01,316986829550.59,0.0,175796208224.11,0,NORMAL
Kelapa Sawit & CPO,376454.95,6981.06,67892.05,3526527.4,1715263.46,7572.63,0.0,73769761213.76,18319138250.99,3254322743.84,10436831773.9,1,IMPOSSIBLE_PRODUCTION_INTENSITY
Kelapa Sawit & CPO,896553.25,137826.05,145204.49,27307786.2,6826946.55,14948.5,0.0,591811831976.52,2376341309.42,0.0,90803862900.14,0,NORMAL
Manufaktur & Pengolahan,340287.54,46477.16,65329.97,6902754.95,884009.09,12004.45,0.0,133485302157.05,6777237015.51,3385310881.44,13250394372.29,1,UNDER_REPORTING_SUBTLE
Logam & Baja,569291.25,8320.31,1412945.38,3668868.84,1301343.82,12435.33,0.0,77249003168.01,10229761733.93,3283018804.28,3016921873.43,1,IMPOSSIBLE_PRODUCTION_INTENSITY
Semen & Bahan Bangunan,152154.29,108224.34,108432.62,1231614.12,307903.53,5920.92,106046.33,27050310712.97,16606793292.67,19654781198.51,16159894351.0,0,NORMAL
Logam & Baja,458881.92,904998.74,874953.48,4222075.78,829345.06,9500.51,0.0,2236497398.52,17324204297.65,3069195824.46,5984684868.45,1,FUEL_COST_MISMATCH
Ketenagalistrikan & PLTU,1496002.7,1518194.69,1588491.17,22449641.6,5612410.4,14735.93,0.0,532348849088.24,772926821233.27,0.0,309088717576.56,0,NORMAL
Ketenagalistrikan & PLTU,1083471.08,1113597.08,1089483.82,16411270.28,4102817.57,8866.56,0.0,289669942319.71,544349336516.02,0.0,193804197500.38,0,NORMAL
Ketenagalistrikan & PLTU,1077782.95,822922.4,825210.55,12259263.08,3064815.77,7531.31,0.0,221594674026.5,411807173642.79,0.0,149138306885.58,0,NORMAL
Ketenagalistrikan & PLTU,770508.56,792135.92,742628.66,11698791.42,2924697.85,22932.77,0.0,278481233455.3,402819971769.01,0.0,145811370228.05,0,NORMAL
Logam & Baja,245366.47,480389.32,463496.45,9585455.12,2396363.78,0.0,0.0,238375542527.14,121961366175.85,230206807996.52,213602013681.36,0,NORMAL
Manufaktur & Pengolahan,457689.64,123659.99,124517.49,9299047.01,2324761.75,0.0,0.0,229732393794.19,17311880508.1,107710446525.34,87651917020.12,0,NORMAL
Kelapa Sawit & CPO,847734.37,129482.41,124135.61,25786409.06,6446602.26,2376.5,0.0,575096451481.03,1706613661.96,0.0,84574102734.78,0,NORMAL
Semen & Bahan Bangunan,759715.78,444100.22,455153.83,3633824.42,908456.1,23549.84,556848.93,84102651564.37,67147287098.42,72272219201.93,38472174062.6,0,NORMAL
Semen & Bahan Bangunan,492783.46,316740.64,316092.73,3295008.88,823752.22,16344.05,337830.91,69489407852.55,49120742027.1,51268997201.76,36901021816.43,0,NORMAL
Semen & Bahan Bangunan,340860.38,259332.89,268535.88,3141629.32,785407.33,19934.17,248208.57,62828490637.71,51764691170.13,50455694531.51,37560600055.97,0,NORMAL
Kelapa Sawit & CPO,700354.93,108674.47,110192.42,21335809.83,5333952.46,18065.6,0.0,418975377609.41,1338028050.02,0.0,55096213253.6,0,NORMAL
Ketenagalistrikan & PLTU,633226.81,567825.31,581117.93,8453272.76,2113318.19,21463.45,0.0,184563797423.69,280696838746.37,0.0,97292239276.57,0,NORMAL
Semen & Bahan Bangunan,814840.27,502327.5,530637.3,4317692.85,1079423.21,14387.94,609903.04,78627005351.3,74350347387.39,58488155903.55,46639388700.57,0,NORMAL
Manufaktur & Pengolahan,848507.92,316776.14,302292.52,23649502.42,5912375.61,0.0,0.0,501294124058.18,35938168901.92,335282355842.78,203030429426.17,0,NORMAL
Manufaktur & Pengolahan,395556.1,11973.86,115709.01,6271964.65,574093.55,3324.9,0.0,121363418955.25,15545739530.4,2644926457.88,7713601052.46,1,EXTREME_YOY_COLLAPSE
Kelapa Sawit & CPO,531900.86,95806.07,93441.14,19234858.29,4808714.57,16122.41,0.0,310325870435.18,1533114644.81,0.0,57251888447.14,0,NORMAL
Logam & Baja,321734.82,557341.5,543218.12,10827150.4,2706787.6,0.0,0.0,221758335598.95,151257735412.19,270816921386.09,260484982096.49,0,NORMAL
Manufaktur & Pengolahan,180659.28,64829.53,61517.06,4868564.0,1217141.0,0.0,0.0,89190648048.53,7025419697.84,56723012000.24,48363263777.69,0,NORMAL
Pulp & Kertas,596184.62,275869.99,266249.5,12264245.7,3066061.42,19585.61,0.0,238253342578.03,46417157101.56,207653451841.31,141645779949.08,0,NORMAL
Kelapa Sawit & CPO,81502.11,12220.8,12978.7,2463429.39,615857.35,10759.07,0.0,55339927934.69,257783179.79,0.0,7663593850.33,0,NORMAL
Logam & Baja,420979.0,902954.52,937060.52,18146157.24,4536539.31,0.0,0.0,414123061787.13,154471720246.9,390301331771.33,335257858679.06,0,NORMAL
Logam & Baja,588007.71,11813.26,1135248.57,6024510.41,1477834.32,8475.21,0.0,121910941419.48,11392329046.78,6877181296.89,10760527307.03,1,IMPOSSIBLE_PRODUCTION_INTENSITY
Ketenagalistrikan & PLTU,753286.21,105868.96,619967.14,8810322.25,1500570.72,7693.23,0.0,174105729853.26,15310639907.21,2155333031.31,7047640390.75,1,EXTREME_YOY_COLLAPSE
Manufaktur & Pengolahan,666308.72,167484.29,157562.77,12346499.97,3086624.99,0.0,0.0,226667224121.75,24921746259.72,101787356474.77,109326058072.46,0,NORMAL
Pulp & Kertas,632735.86,370092.33,390862.51,16644987.76,4161246.94,20550.69,0.0,311287771808.74,94872704076.43,183730923602.14,185587628588.51,0,NORMAL
Ketenagalistrikan & PLTU,829879.92,718010.41,674887.21,10611012.18,2652753.05,18382.06,0.0,208097506981.56,285759429668.78,0.0,133309112510.42,0,NORMAL
Kelapa Sawit & CPO,452197.5,97154.38,100740.56,19109679.43,4777419.86,24857.81,0.0,418983236192.83,1815917422.23,0.0,59556415675.06,0,NORMAL
Kelapa Sawit & CPO,170201.15,28794.95,30605.4,5777695.38,1444423.85,18228.58,0.0,139348643419.51,636236611.75,0.0,16404465454.77,0,NORMAL
Manufaktur & Pengolahan,118705.37,39685.27,39547.26,2961065.38,740266.35,0.0,0.0,61380650847.21,5268663479.0,30154170524.53,23571975031.93,0,NORMAL
Semen & Bahan Bangunan,638061.15,354623.97,363254.35,6816351.45,695298.43,9561.9,459404.03,5243630149.4,14990313510.28,3986106951.71,12148595674.21,1,FUEL_COST_MISMATCH
Semen & Bahan Bangunan,191836.15,108687.05,113566.99,785998.82,196499.71,16718.02,142435.32,14927103619.49,9531622022.08,13503842171.75,10222009407.74,0,NORMAL
Semen & Bahan Bangunan,677711.08,74833.23,493390.45,7813001.34,457684.56,5868.4,487951.98,157401857140.99,10610533619.26,4543976531.97,5068361240.47,1,EXTREME_YOY_COLLAPSE
Manufaktur & Pengolahan,476318.22,165462.53,172382.14,12168908.36,3042227.09,0.0,0.0,198621272803.44,25616312603.22,136252363570.96,103612138098.43,0,NORMAL
Kelapa Sawit & CPO,528696.69,79298.4,80529.46,15998572.05,3999643.01,10434.02,0.0,293249519555.62,995027511.33,0.0,45726542257.77,0,NORMAL
Logam & Baja,239989.29,436542.85,409962.66,8245027.04,2061256.76,0.0,0.0,192828270716.89,97050640221.79,163686048155.12,191565062042.06,0,NORMAL
Semen & Bahan Bangunan,167776.37,95748.53,90581.51,836976.96,209244.24,2504.09,115116.51,19419464413.58,15684012747.63,10843434024.15,8795914303.98,0,NORMAL
Kelapa Sawit & CPO,113571.32,14582.23,14788.94,2866472.51,716618.13,19809.68,0.0,49658757722.87,251920054.67,0.0,8581194548.29,0,NORMAL
Ketenagalistrikan & PLTU,447022.08,445896.35,417848.65,6560111.39,1640027.85,9031.55,0.0,116554759025.64,195815048710.29,0.0,91582920317.74,0,NORMAL
Kelapa Sawit & CPO,289440.62,26377.2,27797.71,5267591.62,1316897.91,4523.56,0.0,116721736231.59,443077464.48,0.0,14333643141.71,0,NORMAL
Logam & Baja,311904.64,506388.33,529907.87,9668160.98,2417040.24,0.0,0.0,203731248115.5,142663503756.93,195602086537.16,190328388219.23,0,NORMAL
Semen & Bahan Bangunan,530477.47,328509.06,331143.02,3131679.86,782919.96,4046.68,380384.63,51324594520.18,51006874157.63,54725169194.61,34885649098.1,0,NORMAL
Semen & Bahan Bangunan,368828.12,278014.07,274713.26,3219478.12,804869.53,5385.66,270190.62,53267019325.97,47234889401.9,51212113264.52,37884085783.78,0,NORMAL
Logam & Baja,443872.18,758993.92,748097.66,14396383.24,3599095.81,0.0,0.0,301887819695.79,148461389875.5,410726168899.48,282901482558.81,0,NORMAL
Logam & Baja,111129.47,188927.49,192712.48,3611435.43,902858.86,0.0,0.0,59558693934.65,36348021334.5,60669538750.81,86012482915.21,0,NORMAL
Ketenagalistrikan & PLTU,1433837.27,1336145.11,1400815.26,19931229.16,4982807.29,17474.21,0.0,426795705566.49,584577678574.88,0.0,222396770534.27,0,NORMAL
Manufaktur & Pengolahan,287555.75,98601.33,102778.75,7408369.8,1852092.45,0.0,0.0,147521967106.77,11449343233.26,72350722390.98,71490548773.15,0,NORMAL
Logam & Baja,431642.19,916279.06,875850.95,17922907.66,4480726.91,0.0,0.0,329993098553.47,170451167311.75,312021173048.0,359158788589.96,0,NORMAL
Semen & Bahan Bangunan,653452.67,353577.71,372795.04,2717915.22,679478.81,1192.6,464486.83,57442971429.93,42297269503.46,36024381635.03,29116991287.21,0,NORMAL
Pulp & Kertas,163486.22,85052.35,80303.25,3764788.61,941197.15,19896.63,0.0,83314704821.53,20576826373.19,60465389166.15,42158959041.06,0,NORMAL
Ketenagalistrikan & PLTU,1348018.07,1048611.35,1090016.46,15774441.36,3943610.34,9209.03,0.0,331215364484.0,439931120297.66,0.0,221279365176.83,0,NORMAL
Ketenagalistrikan & PLTU,713100.8,590089.87,625642.49,8908979.87,2227244.97,3729.04,0.0,163354319296.92,270879068232.75,0.0,118525043545.0,0,NORMAL
Logam & Baja,344945.66,739660.88,739501.59,14556096.37,3639024.09,0.0,0.0,314746954349.75,148922959245.55,349067515462.6,284300996327.39,0,NORMAL
Ketenagalistrikan & PLTU,999361.06,1002052.01,1016816.51,15092204.09,3773051.02,1179.39,0.0,257685320041.64,443095656866.46,0.0,219233138116.15,0,NORMAL
Semen & Bahan Bangunan,540364.47,435081.18,430930.03,5437956.71,1359489.18,24407.06,391221.39,134326216581.71,88583394776.27,96186193494.14,70264238513.67,0,NORMAL
Pulp & Kertas,82550.18,37535.57,36824.1,1700259.79,425064.95,2114.02,0.0,39137918132.55,6066183946.82,21934526720.55,17844430972.73,0,NORMAL
Kelapa Sawit & CPO,276591.1,22468.93,23928.21,4525906.55,1131476.64,19528.05,0.0,100289835188.56,432988934.05,0.0,12028187515.96,0,NORMAL
Logam & Baja,329011.21,571859.12,588522.77,10760847.98,2690212.0,0.0,0.0,249851921296.31,109875105670.32,205619840697.49,231662809662.3,0,NORMAL
Semen & Bahan Bangunan,352009.86,182781.28,183250.44,1296247.33,324061.83,8824.2,247244.04,30997682321.88,20140989963.58,25653075228.77,17367786066.72,0,NORMAL
Kelapa Sawit & CPO,725004.9,122518.54,125230.14,24171710.0,6042927.5,20602.93,0.0,401749105347.31,1695250284.97,0.0,80334351128.81,0,NORMAL
Logam & Baja,146495.46,283882.47,302789.28,5751043.89,1437760.97,0.0,0.0,125255747284.5,58863946903.8,102247038677.53,120544284762.97,0,NORMAL
Ketenagalistrikan & PLTU,636698.65,580335.9,576354.31,5428587.41,1595736.52,3392.64,0.0,7946193151.76,12815935222.13,3888729943.86,10739065741.77,1,FUEL_COST_MISMATCH
Kelapa Sawit & CPO,790046.69,123869.42,126324.6,25013961.95,6253490.49,18974.77,0.0,577973323051.02,2528660126.01,0.0,81442159925.76,0,NORMAL
Ketenagalistrikan & PLTU,1298121.01,1306938.78,1380075.91,19559662.72,4889915.68,2217.3,0.0,479759004464.35,554920635849.35,0.0,278307304811.86,0,NORMAL
Logam & Baja,205430.84,481589.86,498485.68,9827082.79,2456770.7,0.0,0.0,183714425990.68,147828551770.03,231593030003.3,176757118026.15,0,NORMAL
Semen & Bahan Bangunan,679983.59,403571.77,420260.78,3483938.37,870984.59,13153.98,495763.92,68161820601.42,56708425487.01,72336523621.91,35069818076.81,0,NORMAL
Logam & Baja,232239.53,123054.13,359574.06,4364810.14,1556303.85,2325.41,174179.65,95054310969.66,11572067844.86,4619085513.36,10351781422.9,1,UNREPORTED_PROCESS_EMISSIONS
Ketenagalistrikan & PLTU,363434.21,420917.61,439238.95,6283117.27,1570779.32,23967.47,0.0,147440227619.76,126867121034.69,0.0,75479171718.45,0,NORMAL
Logam & Baja,523621.78,144964.04,1044698.08,6779247.98,800034.03,3108.65,0.0,143918726141.48,9042117696.82,5318859086.9,3541002328.57,1,EXTREME_YOY_COLLAPSE
Manufaktur & Pengolahan,482003.56,75344.31,73496.4,5643683.16,1410920.79,0.0,0.0,91480027912.64,9383063984.09,47365052459.87,42903125240.78,0,NORMAL
Logam & Baja,373188.35,102094.5,657516.4,7775902.0,1196600.95,12630.44,0.0,148485780476.97,9632366157.33,3997618483.43,9840208393.44,1,UNDER_REPORTING_FRAUD
Pulp & Kertas,514867.91,234237.74,231246.56,10561867.12,2640466.78,4475.63,0.0,262967044260.96,52372307847.25,207584400588.38,151346698221.54,0,NORMAL
Pulp & Kertas,186243.75,77079.69,81258.95,3501871.64,875467.91,10024.66,0.0,73747604028.02,15212896823.81,53040200199.4,37691824035.1,0,NORMAL
Semen & Bahan Bangunan,468191.88,325241.94,338981.04,3552432.3,888108.07,20066.2,331863.76,85993778498.96,64754182448.23,61742204689.18,42786824357.0,0,NORMAL
Semen & Bahan Bangunan,166200.66,117981.65,112354.9,1309531.12,327382.78,23769.89,119131.94,32095772502.39,20754118655.76,15983355410.04,13180323108.4,0,NORMAL
Manufaktur & Pengolahan,317578.61,97386.57,92133.74,7188512.21,1797128.05,0.0,0.0,115606138221.61,11781931004.15,69704162630.06,68375234719.45,0,NORMAL
Ketenagalistrikan & PLTU,830288.28,765061.36,776690.75,11451202.26,2862800.57,18862.31,0.0,243613588718.31,264110256813.07,0.0,129903193540.9,0,NORMAL
Semen & Bahan Bangunan,140419.5,85774.31,83985.44,775250.71,193812.68,20552.04,101614.83,14930279526.43,8465793955.61,10518664552.53,9753313902.93,0,NORMAL
Logam & Baja,228422.88,372506.85,381208.76,6739539.24,1684884.81,0.0,0.0,113978580474.13,80044940255.43,157437833040.02,133001312727.73,0,NORMAL
Kelapa Sawit & CPO,816299.93,84940.45,80840.21,16826488.23,4206622.06,20185.53,0.0,294692676374.65,1835653650.82,0.0,55346792220.27,0,NORMAL
Ketenagalistrikan & PLTU,396362.76,388693.15,395867.27,5864267.74,1466066.93,997.1,0.0,110103503594.58,122242063055.33,0.0,82059375563.01,0,NORMAL
Ketenagalistrikan & PLTU,541580.33,192216.46,547473.43,5428292.62,721822.64,9294.24,406185.25,110995993347.6,6263700139.83,6505404055.12,12993555464.11,1,UNREPORTED_PROCESS_EMISSIONS
Manufaktur & Pengolahan,742853.17,155409.56,156588.65,11673020.86,2918255.22,0.0,0.0,197225523674.18,19481440399.77,100695603502.63,92725041478.68,0,NORMAL
Kelapa Sawit & CPO,751845.89,139348.57,134651.84,28072644.95,7018161.24,24505.57,0.0,643460042862.74,2100726817.88,0.0,85700973155.37,0,NORMAL
Ketenagalistrikan & PLTU,220469.51,169887.31,163308.69,2503612.86,625903.21,13950.73,0.0,47022317937.56,64626383668.96,0.0,30109677329.35,0,NORMAL
Ketenagalistrikan & PLTU,1222170.51,1160863.77,1165170.26,17215606.32,4303901.58,7955.64,0.0,343656848306.54,502260248566.26,0.0,212236714267.6,0,NORMAL
Pulp & Kertas,220869.29,99037.68,100044.52,4397115.85,1099278.96,15255.29,0.0,80024565481.98,18526740219.81,75172588695.46,57788395988.55,0,NORMAL
Ketenagalistrikan & PLTU,899426.54,821881.12,805081.58,12358560.77,3089640.19,4536.03,0.0,204057333029.46,253994912753.2,0.0,140653979461.1,0,NORMAL
Manufaktur & Pengolahan,354255.21,89856.21,85853.06,6646066.55,1661516.64,0.0,0.0,152103985711.95,9425884864.96,93297790054.25,55820639562.37,0,NORMAL
Manufaktur & Pengolahan,413377.3,93753.11,97910.29,7001353.18,1750338.29,0.0,0.0,124594224428.57,10414008671.48,94543327684.82,57746797585.53,0,NORMAL
Logam & Baja,97735.63,194000.75,200130.76,3843869.7,960967.43,0.0,0.0,94778998274.12,55528623610.11,99800771255.22,91794494645.03,0,NORMAL
Pulp & Kertas,300558.13,125296.96,130008.14,5617766.93,1404441.73,22413.87,0.0,136033857069.12,22027210669.18,77393210532.91,74562965174.47,0,NORMAL
Logam & Baja,236514.05,412193.38,417501.19,7685683.39,1921420.85,0.0,0.0,156849251272.27,97988355859.59,145840027027.05,183519360236.46,0,NORMAL
Semen & Bahan Bangunan,687187.35,447950.07,455651.84,4728480.85,1182120.21,20355.39,473326.46,116564564275.99,72992217607.46,97249941034.66,51127388986.24,0,NORMAL
Pulp & Kertas,255963.9,116562.2,125164.94,5297372.19,1324343.05,12326.32,0.0,118198848567.32,22598213563.43,96036766629.91,58886947317.89,0,NORMAL
Ketenagalistrikan & PLTU,668464.25,665376.19,691360.99,10015371.63,2503842.91,24933.66,0.0,242719911776.6,225907195121.74,0.0,123166239398.58,0,NORMAL
Logam & Baja,729255.29,782818.46,1263683.91,3409669.45,751417.36,12126.29,0.0,73224586931.46,8840171429.9,2759437318.29,8033210724.34,1,UNDER_REPORTING_SUBTLE
Kelapa Sawit & CPO,411651.59,65658.14,63174.65,13109586.18,3277396.54,8142.39,0.0,311726639841.28,882704038.96,0.0,37465296905.38,0,NORMAL
Ketenagalistrikan & PLTU,672987.22,652311.18,661899.34,9747702.71,2436925.68,4311.33,0.0,187889235023.81,287608393746.46,0.0,112763983295.4,0,NORMAL
Ketenagalistrikan & PLTU,1096892.43,1088724.19,1036638.84,16185218.43,4046304.61,19111.74,0.0,276984967654.93,405039913526.09,0.0,181366789067.25,0,NORMAL
Kelapa Sawit & CPO,192431.12,32918.12,32966.09,6485503.58,1621375.9,21625.01,0.0,128876221974.42,700237821.83,0.0,16777513470.57,0,NORMAL
Logam & Baja,312077.63,512332.13,538944.94,9594217.46,2398554.36,0.0,0.0,203673584361.56,142941477184.22,180831828092.12,193010693657.91,0,NORMAL
Manufaktur & Pengolahan,131825.69,39461.96,39866.99,2986653.12,746663.28,0.0,0.0,63949707744.46,4579676409.89,34495995847.39,29592394192.65,0,NORMAL
Manufaktur & Pengolahan,837796.02,258166.7,272532.77,19448367.58,4862091.89,0.0,0.0,406092502311.3,24733747586.06,198808930878.14,147348578425.77,0,NORMAL
Manufaktur & Pengolahan,855316.77,186439.73,195308.93,13972456.49,3493114.12,0.0,0.0,279478652817.66,26373707801.45,184815651931.72,138828773199.01,0,NORMAL
Pulp & Kertas,719186.43,261536.57,391390.61,5193371.27,1469757.45,9917.04,0.0,103504209375.16,8526943825.32,5259039875.53,11299216311.2,1,UNDER_REPORTING_SUBTLE
Semen & Bahan Bangunan,478125.31,275213.08,290137.77,2442525.83,610631.46,5676.68,333127.67,47915967727.17,26471221880.82,37838680062.29,27962409084.17,0,NORMAL
Pulp & Kertas,433003.33,224538.51,215152.74,10160032.95,2540008.24,16268.16,0.0,229082388729.47,38142492298.43,137377367353.47,129843450484.83,0,NORMAL
Semen & Bahan Bangunan,120221.48,82402.11,77903.5,818772.44,204693.11,741.98,90044.33,13390424061.97,10916628242.22,16782216960.99,11139569216.14,0,NORMAL
Semen & Bahan Bangunan,245082.64,168461.2,171916.26,1773212.41,443303.1,7816.95,178327.33,42966613145.78,29279399151.85,21054269633.14,17776938386.83,0,NORMAL
Ketenagalistrikan & PLTU,1377021.7,1098727.01,1163019.55,16529245.75,4132311.44,23744.1,0.0,298770437724.65,468913295150.52,0.0,230799585270.86,0,NORMAL
Semen & Bahan Bangunan,750474.11,403608.86,395034.37,2859019.08,714754.77,14072.97,546502.24,54594407849.63,40443364631.45,59296482013.47,30429288820.24,0,NORMAL
Semen & Bahan Bangunan,734824.91,515786.66,537118.77,5689592.85,1422398.21,2598.8,532094.19,135764365384.44,66507576314.31,91019437646.76,70315605191.65,0,NORMAL
Logam & Baja,499579.05,852708.09,860265.56,15826397.83,3956599.46,0.0,0.0,367559169310.04,231462799695.99,349082866010.74,289992569818.19,0,NORMAL
Kelapa Sawit & CPO,220339.04,54721.43,52166.37,10900041.37,2725010.34,17846.66,0.0,246786708218.27,1079556938.38,0.0,30038330279.4,0,NORMAL
Manufaktur & Pengolahan,241568.15,59048.03,56730.88,4388005.06,1097001.26,0.0,0.0,100281470830.29,8309932287.47,50438913203.91,39304028551.64,0,NORMAL
Ketenagalistrikan & PLTU,428147.4,402083.03,394505.19,5964175.33,1491043.83,8858.11,0.0,147770878918.42,160036962065.6,0.0,67913963742.49,0,NORMAL
Logam & Baja,132641.81,256890.74,240794.29,5046448.44,1261612.11,0.0,0.0,107279115779.14,56893264833.21,131687372230.16,125956317643.52,0,NORMAL
Manufaktur & Pengolahan,765165.77,197337.51,199841.41,14924207.98,3731052.0,0.0,0.0,304133670655.76,31019969099.52,168781080450.85,144487141445.61,0,NORMAL
Pulp & Kertas,854674.26,327118.32,312060.81,14458045.57,3614511.39,9230.82,0.0,287091339985.12,61847211816.23,170817358646.7,176026919928.38,0,NORMAL
Kelapa Sawit & CPO,817667.94,134504.84,139632.93,27165051.83,6791262.96,11006.1,0.0,500537904854.53,1808483618.63,0.0,81831045655.41,0,NORMAL
Pulp & Kertas,308025.12,72201.19,116887.41,5229894.2,1357749.73,8049.95,0.0,106601413503.23,15371608726.13,3392117193.56,11573769085.48,1,UNDER_REPORTING_SUBTLE
Pulp & Kertas,690126.84,321882.87,320585.5,14517331.29,3629332.82,17994.48,0.0,316557364977.55,78109823905.39,195512861936.59,186523671452.55,0,NORMAL
Ketenagalistrikan & PLTU,549321.94,523025.73,495699.69,7842055.22,1960513.81,8275.66,0.0,188713339882.2,250686650607.64,0.0,97401134007.15,0,NORMAL
Manufaktur & Pengolahan,535817.83,178317.6,173767.76,13227287.99,3306822.0,0.0,0.0,213480855900.11,19306699655.19,138969051877.66,129057394119.51,0,NORMAL
Semen & Bahan Bangunan,110326.0,70017.95,68741.42,628302.46,157075.62,22826.52,82994.9,13396296357.81,7028514882.03,10933221292.87,7044238284.33,0,NORMAL
Ketenagalistrikan & PLTU,291642.52,318763.7,335151.17,4728641.88,1182160.47,21444.44,0.0,75896545247.16,151457458837.31,0.0,65679088348.64,0,NORMAL
Logam & Baja,457827.2,831753.65,851942.09,15932212.62,3983053.16,0.0,0.0,384734115480.69,193354720661.09,357952716722.77,323822151445.53,0,NORMAL
Kelapa Sawit & CPO,255621.68,54734.54,56147.84,10887854.49,2721963.62,14249.95,0.0,251833106408.15,1157851582.38,0.0,32885667354.61,0,NORMAL
Ketenagalistrikan & PLTU,489219.98,470473.65,501498.37,7088121.83,1772030.46,19515.04,0.0,174044218243.65,260227913372.03,0.0,104864341287.52,0,NORMAL
Logam & Baja,431191.11,638631.88,602002.09,11549051.31,2887262.83,0.0,0.0,283037324411.2,112160388086.24,292922458392.53,273968113672.68,0,NORMAL
Pulp & Kertas,365590.83,192852.08,189286.46,8565237.61,2141309.4,21127.99,0.0,157802380119.97,44060111733.91,136506325485.5,108296659521.66,0,NORMAL
Semen & Bahan Bangunan,698929.67,453135.45,433575.49,4228974.7,1057243.68,22155.93,527446.22,84511470349.13,55568102668.67,58432636525.04,44637073647.63,0,NORMAL
Logam & Baja,150672.12,275272.58,267097.76,5431857.34,1357964.33,0.0,0.0,95646041521.73,67679368773.86,134040882011.62,122826341332.86,0,NORMAL
Semen & Bahan Bangunan,846833.91,635914.33,636532.16,7557960.02,1889490.0,9879.58,614164.48,141232009240.44,94468259374.84,117592528585.29,80054922671.43,0,NORMAL
Manufaktur & Pengolahan,106480.86,28134.62,27452.32,2105642.36,526410.59,0.0,0.0,45481028012.59,2634123791.32,27591702628.92,22013261888.93,0,NORMAL
Ketenagalistrikan & PLTU,165190.5,144239.83,141395.61,5421389.63,597770.0,4235.0,0.0,3974540165.84,19920541712.62,2649286507.85,4026166989.65,1,FUEL_COST_MISMATCH
Ketenagalistrikan & PLTU,504753.73,469289.78,494894.81,7052428.39,1763107.1,5330.36,0.0,145374535585.92,190581581577.72,0.0,96600842362.9,0,NORMAL
Semen & Bahan Bangunan,345619.22,218939.76,212072.53,2022380.51,505595.13,10472.26,258470.77,46293601955.26,21193772036.25,37470248893.71,23097104172.9,0,NORMAL
Manufaktur & Pengolahan,391112.14,107017.29,108621.77,7934314.2,1983578.55,0.0,0.0,194821206092.57,17522451820.07,103962286626.08,60549591011.05,0,NORMAL
Semen & Bahan Bangunan,721575.81,440918.7,452925.94,5008706.42,1662407.05,4596.68,519534.58,6242344603.96,10984897034.66,6754987704.51,12503347952.45,1,FUEL_COST_MISMATCH
Semen & Bahan Bangunan,566676.08,411481.81,389320.03,4507078.4,1126769.6,16726.61,418974.32,101172978675.36,81936656819.67,66623596283.67,55311478171.42,0,NORMAL
Pulp & Kertas,624575.81,72684.41,212684.05,8546284.42,504168.94,8411.95,468431.86,170272612840.47,19829530546.48,6352183712.27,8382798306.01,1,UNREPORTED_PROCESS_EMISSIONS
Manufaktur & Pengolahan,340511.77,104683.69,110426.79,7866617.46,1966654.37,0.0,0.0,148031743912.23,16343599061.06,99674911808.73,77964002389.43,0,NORMAL
Semen & Bahan Bangunan,563213.35,372883.2,375654.42,3543669.02,885917.26,22735.29,417872.64,69930182421.9,51179286791.52,62107907426.71,46997126100.85,0,NORMAL
Ketenagalistrikan & PLTU,413926.59,307458.82,293992.34,4633506.56,1158376.64,8550.92,0.0,101119903211.06,94479081550.98,0.0,67904919231.7,0,NORMAL
Kelapa Sawit & CPO,586110.31,83639.17,79858.58,16484299.17,4121074.79,7230.46,0.0,268686857218.11,1376232278.01,0.0,53360376634.71,0,NORMAL
Kelapa Sawit & CPO,809975.18,172247.38,173003.62,34197031.43,8549257.86,11750.52,0.0,790135454327.71,2089076078.32,0.0,100941296173.97,0,NORMAL
Semen & Bahan Bangunan,83132.12,60171.95,58310.02,641495.16,160373.79,24963.59,61950.67,14912604047.77,7378147455.54,9557189307.43,7486830344.93,0,NORMAL
Logam & Baja,426670.54,923315.8,888898.94,18338683.97,4584670.99,0.0,0.0,373615253625.58,258676267273.43,344958417898.09,359118276000.99,0,NORMAL
Logam & Baja,773664.44,812260.99,1448927.64,2941888.6,759871.86,10017.92,0.0,64521622302.01,7251388096.95,3820973113.75,10062036769.78,1,UNDER_REPORTING_SUBTLE
Semen & Bahan Bangunan,654059.91,484344.16,467652.47,5325156.04,1331289.01,20008.74,484844.12,103949565079.69,70626013184.83,110771303956.94,61669759246.43,0,NORMAL
Manufaktur & Pengolahan,238601.34,48585.02,48216.38,3656439.91,914109.98,0.0,0.0,86032604140.35,5175205028.0,36295645127.87,33455171245.01,0,NORMAL
Ketenagalistrikan & PLTU,718325.12,717071.14,714226.05,10750316.5,2687579.12,17280.17,0.0,190427065749.8,247519241795.11,0.0,138396696786.2,0,NORMAL
Manufaktur & Pengolahan,753578.01,199236.9,191559.05,14913439.46,3728359.86,0.0,0.0,365175125245.34,30372627171.44,163063361116.93,128591743354.59,0,NORMAL
Ketenagalistrikan & PLTU,904187.86,807529.24,822615.66,12220204.98,3055051.25,9790.76,0.0,261925834562.02,266915206782.77,0.0,138613942236.74,0,NORMAL
Semen & Bahan Bangunan,303740.22,189747.79,197331.08,1833303.54,458325.88,12112.13,214365.29,37127071225.8,19512733314.22,27515709872.09,23651627786.73,0,NORMAL
Pulp & Kertas,755827.52,411687.62,417748.52,18641443.14,4660360.79,18887.58,0.0,327565970648.48,113679165645.48,315053696403.17,219066797845.56,0,NORMAL
Logam & Baja,417308.09,629866.19,634752.56,11807664.77,2951916.19,0.0,0.0,259740446067.02,102528181822.98,328491740749.75,220738299088.3,0,NORMAL
Pulp & Kertas,214946.54,65219.09,112488.08,5965785.65,469377.3,9500.17,0.0,115513595702.65,8918391181.36,4938380291.12,10304875737.07,1,UNDER_REPORTING_SUBTLE
Pulp & Kertas,124587.42,73298.7,73428.79,3246578.88,811644.72,17392.85,0.0,66644925381.47,13224882342.29,46177903191.62,40787046528.5,0,NORMAL
Semen & Bahan Bangunan,450383.04,339002.63,346159.66,3798538.77,949634.69,5868.87,337866.63,62694670508.8,52955892686.49,50342552369.1,49377694443.72,0,NORMAL
Kelapa Sawit & CPO,849526.6,89029.77,93473.74,17675601.1,4418900.27,11074.59,0.0,351875741496.99,1418673791.59,0.0,54639557250.86,0,NORMAL
Kelapa Sawit & CPO,565935.08,63876.63,103329.59,2821811.28,1457608.97,6789.85,0.0,63359117813.52,5297210582.59,6361638625.81,3931231293.76,1,UNDER_REPORTING_SUBTLE
Semen & Bahan Bangunan,557332.94,346038.64,342451.53,3106180.75,776545.19,21877.2,413901.08,66248504588.98,45993442597.22,39836757870.94,33474274978.98,0,NORMAL
Kelapa Sawit & CPO,782999.65,74804.59,219165.3,6178167.44,1084978.98,4720.59,0.0,129818679808.75,17557709117.12,6943020290.93,13486782804.5,1,UNDER_REPORTING_FRAUD
Kelapa Sawit & CPO,302813.53,38955.57,37348.11,7751442.07,1937860.52,9349.71,0.0,181365311093.53,824706229.45,0.0,25007922378.05,0,NORMAL
Ketenagalistrikan & PLTU,710770.36,64490.0,575817.89,4878850.61,863038.78,2217.25,0.0,95148263559.24,13006808509.71,3344796879.5,5644692597.58,1,EXTREME_YOY_COLLAPSE
Kelapa Sawit & CPO,222461.79,51832.54,50503.98,10372957.88,2593239.47,13072.85,0.0,197743993405.49,846637785.16,0.0,33969936222.29,0,NORMAL
Semen & Bahan Bangunan,579712.9,415207.46,432774.94,4543979.19,1135994.8,3138.07,432452.06,73728832057.51,73355453794.75,55657164481.68,46434829194.03,0,NORMAL
Manufaktur & Pengolahan,632028.52,208732.3,207857.68,15721700.28,3930425.07,0.0,0.0,364145392816.83,31945292128.27,213975158138.8,144060280444.35,0,NORMAL
Semen & Bahan Bangunan,645503.27,442902.71,449050.97,4874654.32,1218663.58,19052.91,447287.07,108537225497.07,73435396200.69,72124493147.2,51597539362.7,0,NORMAL
Kelapa Sawit & CPO,464085.55,67705.76,67695.03,13594222.16,3398555.54,9855.34,0.0,247756160090.38,1258758649.47,0.0,45688185603.97,0,NORMAL
Pulp & Kertas,781787.64,416985.23,423130.91,18913461.09,4728365.27,9500.4,0.0,329144189153.92,85474391698.35,363150735504.71,220210038252.77,0,NORMAL
Logam & Baja,93357.28,163423.84,165622.1,3045330.08,761332.52,0.0,0.0,62620323349.34,32820848739.6,66504302026.81,75388405490.93,0,NORMAL
Kelapa Sawit & CPO,255097.42,40669.12,41402.11,8026915.1,2006728.78,5737.38,0.0,136840946189.13,874488060.88,0.0,22381544698.99,0,NORMAL
Manufaktur & Pengolahan,92594.3,26961.08,26663.53,2022374.81,505593.7,0.0,0.0,32618158312.79,2997603451.64,17958281340.13,20051268988.28,0,NORMAL
Manufaktur & Pengolahan,165054.48,35007.18,35060.6,2574745.77,643686.44,0.0,0.0,52511649439.99,3357945513.61,26898665326.84,25470309661.72,0,NORMAL
Logam & Baja,371452.2,714979.07,734511.93,14008428.98,3502107.25,0.0,0.0,266054177878.63,163611433042.23,398530047466.43,266491547119.95,0,NORMAL
Kelapa Sawit & CPO,722205.61,129115.35,130637.25,25446908.55,6361727.14,3226.31,0.0,584149453229.11,2479334432.23,0.0,74760556647.08,0,NORMAL
Manufaktur & Pengolahan,170054.05,48368.07,50657.8,3587151.25,896787.81,0.0,0.0,72512170556.36,5018824625.15,30259146246.73,29260874172.86,0,NORMAL
Semen & Bahan Bangunan,671830.13,406023.6,430275.66,3403044.57,850761.14,12400.39,504324.48,69284200819.48,63738945296.29,48955832971.66,44171982093.66,0,NORMAL
Semen & Bahan Bangunan,647979.24,508995.16,516398.79,6137407.96,1534351.99,16325.04,472318.23,101485765728.32,105234010063.56,100727506960.24,77315812839.34,0,NORMAL
Semen & Bahan Bangunan,486136.23,341201.08,347936.72,3866399.68,966599.92,2022.25,338242.8,95314706207.35,61861325448.77,58709568009.25,52063685872.88,0,NORMAL
Semen & Bahan Bangunan,110187.08,1162.1,70060.76,3657914.17,1086942.91,7078.66,79334.7,73551103962.62,15289993965.17,4763778605.55,5076483333.3,1,IMPOSSIBLE_PRODUCTION_INTENSITY
Manufaktur & Pengolahan,146821.02,44295.37,44810.94,3303446.33,825861.58,0.0,0.0,81421320368.34,3932876266.42,26625165572.2,27344941835.96,0,NORMAL
Ketenagalistrikan & PLTU,530848.74,4712.03,463121.71,5086794.48,1795548.43,9008.85,0.0,106400495562.39,8778256691.46,2732446240.82,3942105105.18,1,IMPOSSIBLE_PRODUCTION_INTENSITY
Pulp & Kertas,410657.63,206914.9,204229.31,9271820.31,2317955.08,6782.96,0.0,154139153887.97,36136227480.97,105429969054.0,105015878822.32,0,NORMAL
Manufaktur & Pengolahan,539232.67,85522.4,126556.38,5017853.52,1415354.42,8889.12,0.0,104018989770.44,19167294319.65,5204844617.56,12887163029.83,1,UNDER_REPORTING_SUBTLE
Kelapa Sawit & CPO,396362.64,82708.41,79073.47,5575492.47,1004297.66,14776.3,0.0,4147504154.61,14139060339.13,4975698890.32,13934317649.49,1,FUEL_COST_MISMATCH
Logam & Baja,436491.73,869992.76,935701.77,17359975.77,4339993.94,0.0,0.0,320540122854.25,153580596814.21,462246178874.73,407428751012.5,0,NORMAL
Manufaktur & Pengolahan,733409.49,215453.01,214181.83,16090441.13,4022610.28,0.0,0.0,388655710244.25,27852500257.98,161451390920.51,125254587110.43,0,NORMAL
Manufaktur & Pengolahan,373934.22,86275.93,84478.16,6467639.17,1616909.79,0.0,0.0,106855567337.62,12893252020.68,80185457420.78,60185280811.31,0,NORMAL
Kelapa Sawit & CPO,508634.45,62948.31,64343.03,12679530.84,3169882.71,17408.32,0.0,234681154006.97,1236932367.79,0.0,39589802855.53,0,NORMAL
Ketenagalistrikan & PLTU,454311.21,388817.94,386008.72,5813899.45,1453474.86,19312.85,0.0,102497630006.59,156826195015.09,0.0,76633470553.28,0,NORMAL
Manufaktur & Pengolahan,551422.82,120418.05,118577.45,8881969.99,2220492.5,0.0,0.0,162931665529.16,18601826020.41,114320558537.02,89082303786.15,0,NORMAL
Pulp & Kertas,253539.48,110406.07,114858.92,4932827.9,1233206.97,8710.87,0.0,92327413650.94,18318197679.73,54715281048.01,64841211945.95,0,NORMAL
Manufaktur & Pengolahan,588630.17,136554.74,140220.43,3586102.05,657488.28,3408.31,0.0,2125010143.76,11132844441.41,3723381056.39,12691386194.28,1,FUEL_COST_MISMATCH
Kelapa Sawit & CPO,322839.36,28008.09,27856.17,6859419.36,1499130.35,2515.65,0.0,2941467709.04,15639356734.95,6060993140.29,8045338323.26,1,FUEL_COST_MISMATCH
Ketenagalistrikan & PLTU,995314.49,887783.15,855758.89,13067625.44,3266906.36,19194.91,0.0,261734279226.12,373184625204.2,0.0,178050901463.04,0,NORMAL
Semen & Bahan Bangunan,322319.73,189654.29,185425.72,1463753.89,365938.47,3571.92,241455.35,24508902513.22,24259019170.77,19825228714.32,15229065142.67,0,NORMAL
Semen & Bahan Bangunan,821678.83,458408.23,464504.71,3259764.74,814941.18,23886.4,607335.68,78981311341.52,52973542632.19,55501410560.93,42328280426.26,0,NORMAL
Logam & Baja,132215.94,250260.12,241715.18,4876891.59,1219222.9,0.0,0.0,121735607745.98,70233281867.76,116766438440.74,87763315462.24,0,NORMAL
Ketenagalistrikan & PLTU,804486.04,795621.45,747552.57,11765380.01,2941345.0,717.35,0.0,229616380045.96,425380156204.08,0.0,131356730158.66,0,NORMAL
Kelapa Sawit & CPO,841680.79,180423.98,185553.64,35809623.81,8952405.95,3296.07,0.0,833030928520.2,2458418659.55,0.0,87940723147.51,0,NORMAL
Manufaktur & Pengolahan,359702.16,58210.26,61050.62,4405713.33,1101428.33,0.0,0.0,85836895787.02,8797081411.59,45845506276.87,43038546557.64,0,NORMAL
Ketenagalistrikan & PLTU,132790.5,118728.86,120629.27,1771819.16,442954.79,17586.41,0.0,33608938608.02,55407122347.57,0.0,23817871335.06,0,NORMAL
Logam & Baja,474922.54,854709.24,871233.64,16829685.74,4207421.43,0.0,0.0,347200414321.09,226955701765.22,374944712010.36,384855146192.32,0,NORMAL
Logam & Baja,205097.71,364317.42,363196.17,7026312.94,1756578.23,0.0,0.0,157335538898.82,58527047823.82,161788037400.05,158504843218.76,0,NORMAL
Kelapa Sawit & CPO,591558.4,86431.73,84166.63,17441028.74,4360257.19,3035.98,0.0,321501369173.02,1633355369.14,0.0,46076694697.55,0,NORMAL
Logam & Baja,321533.43,519884.15,495330.88,9474560.28,2368640.07,0.0,0.0,199201714424.29,139190135760.25,208561651854.1,181665106756.71,0,NORMAL
Kelapa Sawit & CPO,587873.87,125419.0,126979.89,24640689.14,6160172.28,1385.8,0.0,422268973405.55,2252250692.71,0.0,76158141918.27,0,NORMAL
Ketenagalistrikan & PLTU,432074.77,32294.35,403021.79,7184411.42,533432.34,13887.04,0.0,151846114624.31,18512266996.8,5377047802.29,12108805080.91,1,EXTREME_YOY_COLLAPSE
Kelapa Sawit & CPO,433923.23,91824.92,96242.21,18333809.39,4583452.35,974.49,0.0,295994001301.74,1456549463.71,0.0,46475609610.94,0,NORMAL
Manufaktur & Pengolahan,462667.95,148884.9,141736.21,11124672.09,2781168.02,0.0,0.0,192952607013.07,14405921908.39,123902826999.86,98887177233.07,0,NORMAL
Manufaktur & Pengolahan,783137.08,220184.51,212364.72,16543968.64,4135992.16,0.0,0.0,370573152999.4,22997043470.34,218848750066.68,134349657939.81,0,NORMAL
Logam & Baja,124652.9,290008.83,306161.89,5992233.34,1498058.34,0.0,0.0,141826746846.91,83610858443.17,122079093437.76,141040592720.84,0,NORMAL
Ketenagalistrikan & PLTU,403951.34,397801.66,395460.56,5923953.93,1480988.48,23786.98,0.0,140904167895.03,163590129210.98,0.0,84367136979.13,0,NORMAL
Ketenagalistrikan & PLTU,196419.35,67222.89,196072.26,5228707.08,745098.61,10667.8,147314.52,104673860874.02,18571538470.51,5265268762.08,11695360048.7,1,UNREPORTED_PROCESS_EMISSIONS
Kelapa Sawit & CPO,702256.84,95777.25,96040.42,19309533.97,4827383.49,13054.0,0.0,321305628381.3,1851441196.73,0.0,50056352846.41,0,NORMAL
Semen & Bahan Bangunan,279631.58,208472.72,209630.41,2367340.4,591835.1,11743.13,202794.58,56683163567.83,43166251762.18,42180127504.09,26681378736.26,0,NORMAL
Pulp & Kertas,553222.87,198853.26,195494.32,8786706.44,2196676.61,23563.45,0.0,156380574949.03,38701586194.66,150987190451.55,98342881561.7,0,NORMAL
Kelapa Sawit & CPO,286517.61,44838.62,42341.08,8900672.5,2225168.13,23241.78,0.0,195074517411.16,899984644.93,0.0,29410771319.27,0,NORMAL
Logam & Baja,368412.12,710012.83,695276.15,13565228.9,3391307.22,0.0,0.0,277474576271.2,113624525840.38,330881753573.0,251183149879.4,0,NORMAL
Logam & Baja,367292.91,715980.01,696902.21,14197189.29,3549297.32,0.0,0.0,256205922875.07,126903261356.6,320730027885.98,326456443509.04,0,NORMAL
Kelapa Sawit & CPO,411289.25,73923.63,71422.84,14689123.44,3672280.86,21418.29,0.0,345231933359.67,1068691131.51,0.0,47308131824.22,0,NORMAL
Semen & Bahan Bangunan,494049.98,57704.07,308319.07,7783948.04,500076.68,4329.7,355715.99,167948405533.29,7087050643.0,6598115694.03,10614580986.65,1,EXTREME_YOY_COLLAPSE
Manufaktur & Pengolahan,299381.14,82035.92,78935.42,6125406.77,1531351.69,0.0,0.0,140904686630.75,10813280291.76,48701657188.86,60777252067.55,0,NORMAL
Logam & Baja,451024.5,804880.47,814564.34,15261990.51,3815497.63,0.0,0.0,319203600363.03,146382793841.75,263278874094.98,356880345853.99,0,NORMAL
Logam & Baja,342694.16,211043.45,602010.41,2706012.71,1180319.12,11588.82,257020.62,60806361265.37,8149608096.46,6956790718.43,13906109765.72,1,UNREPORTED_PROCESS_EMISSIONS
Ketenagalistrikan & PLTU,1250254.75,1031232.63,966879.71,15322049.84,3830512.46,16545.62,0.0,342770919770.19,558853410277.11,0.0,181375102956.26,0,NORMAL
Semen & Bahan Bangunan,85172.18,52885.34,49990.52,453587.21,113396.8,9824.58,64046.92,10754424401.98,5728589063.01,6620288720.05,4530567285.01,0,NORMAL
Ketenagalistrikan & PLTU,385318.04,389110.81,396450.7,5829601.73,1457400.43,6742.37,0.0,100669166851.67,171847162432.42,0.0,71244079748.15,0,NORMAL
Logam & Baja,67456.64,134054.05,124362.91,2547587.75,636896.94,0.0,0.0,46815480997.27,38606797174.78,60891541242.83,56758053754.94,0,NORMAL
Pulp & Kertas,561718.21,242059.94,231212.56,6025497.47,1252750.84,14667.66,0.0,8515802366.05,13853509025.44,6109215322.94,4508737826.37,1,FUEL_COST_MISMATCH
Semen & Bahan Bangunan,836819.65,635435.24,616638.8,7596287.34,1899071.84,11337.49,619559.5,156359004362.43,103284271056.49,153422033074.29,79085622326.76,0,NORMAL
Manufaktur & Pengolahan,137910.11,44377.61,42635.85,2595571.77,1470396.58,6074.87,0.0,1183192287.19,8619559844.54,6213799361.17,13091149713.52,1,FUEL_COST_MISMATCH
Semen & Bahan Bangunan,106372.74,17027.0,84914.18,8162162.87,1103986.04,7098.28,76588.38,173600877122.81,12897995148.19,2595279058.42,6160658927.26,1,UNDER_REPORTING_FRAUD
Ketenagalistrikan & PLTU,1152448.88,1192539.65,1156706.9,17992763.52,4498190.88,4827.98,0.0,440361765259.75,620306044284.52,0.0,209529459875.47,0,NORMAL
Manufaktur & Pengolahan,177632.8,71757.26,74311.34,5424463.9,1356115.98,0.0,0.0,134592422017.02,8256506376.14,46403117689.57,50601335009.45,0,NORMAL
Ketenagalistrikan & PLTU,1001651.58,1025450.05,1034874.78,15163483.34,3790870.84,12909.45,0.0,351034507898.08,312581086065.39,0.0,205097415543.78,0,NORMAL
Pulp & Kertas,675985.5,264318.18,267097.1,11841785.65,2960446.41,11776.09,0.0,278193546661.67,55104496854.47,165650209300.35,159145820442.08,0,NORMAL
Logam & Baja,52674.25,95233.01,91326.66,1878764.6,469691.15,0.0,0.0,41398104824.4,23964260499.52,40089519522.02,40641677558.92,0,NORMAL
Kelapa Sawit & CPO,479668.74,7429.98,83669.49,2770812.75,525893.78,13695.4,0.0,59862063473.88,4411065842.38,3151424945.49,11023219316.16,1,IMPOSSIBLE_PRODUCTION_INTENSITY
Manufaktur & Pengolahan,663292.69,6019.12,156103.85,8955822.13,726619.87,9957.6,0.0,173666156988.44,11871258999.63,6281121419.2,6025876928.03,1,IMPOSSIBLE_PRODUCTION_INTENSITY
Kelapa Sawit & CPO,222588.31,45858.59,43450.3,9016813.08,2254203.27,11433.28,0.0,210618543791.5,914405803.8,0.0,23118666164.99,0,NORMAL
Pulp & Kertas,273375.29,114324.43,108071.29,5064705.94,1266176.49,16987.39,0.0,85584785708.84,23365404964.24,92221817417.21,52275734493.17,0,NORMAL
Pulp & Kertas,468961.98,234551.45,227097.34,10384883.25,2596220.81,21633.39,0.0,179363534522.03,40431042540.5,129645342200.59,114766998545.21,0,NORMAL
Ketenagalistrikan & PLTU,694407.92,611069.14,613530.71,9094239.39,2273559.85,7056.08,0.0,197942335451.24,271480914503.8,0.0,122880192695.14,0,NORMAL
Semen & Bahan Bangunan,260859.74,171721.8,170707.48,1846040.27,461510.07,830.17,182337.04,35585420839.95,22142518392.31,22319967678.19,21962140023.99,0,NORMAL
Manufaktur & Pengolahan,391716.0,98687.92,99164.32,7473530.84,1868382.71,0.0,0.0,141990040064.68,13090190494.93,97243020216.13,74896616411.54,0,NORMAL
Ketenagalistrikan & PLTU,1103775.34,1135999.73,1113704.08,17080158.86,4270039.71,2192.01,0.0,326448096523.15,360916524996.41,0.0,182856982615.29,0,NORMAL
Ketenagalistrikan & PLTU,1167169.61,1173542.79,1205222.49,17702858.86,4425714.71,8209.01,0.0,384939691178.45,649007441429.14,0.0,230513713390.96,0,NORMAL
Logam & Baja,724001.37,261959.23,1337642.62,4968974.12,885914.14,13785.45,0.0,97773519561.05,19097447996.2,6989578886.08,7578721102.11,1,UNDER_REPORTING_FRAUD
Manufaktur & Pengolahan,568071.5,143459.83,141482.53,10588219.96,2647054.99,0.0,0.0,169592252655.08,16455050385.48,90869607636.16,99712546110.32,0,NORMAL
Kelapa Sawit & CPO,584206.51,94996.18,98804.97,18741524.47,4685381.12,13382.72,0.0,424929451625.81,1468617206.29,0.0,45781171420.82,0,NORMAL
Ketenagalistrikan & PLTU,480535.52,511666.96,482450.21,7585362.9,1896340.72,22725.97,0.0,170180527104.4,270849771625.56,0.0,81353119990.38,0,NORMAL
Pulp & Kertas,579089.74,216147.45,202780.78,9648909.77,2412227.44,24143.34,0.0,222532635849.74,56988763187.51,120453508982.39,98973397790.31,0,NORMAL
Pulp & Kertas,548500.15,302682.64,298640.84,13758625.84,3439656.46,22649.91,0.0,250463116248.4,52331685676.73,178145873433.89,163642795775.86,0,NORMAL
Kelapa Sawit & CPO,722537.54,108555.97,112032.26,21323215.04,5330803.76,10584.65,0.0,341935867151.14,1751474103.86,0.0,60680710402.14,0,NORMAL
Manufaktur & Pengolahan,404149.14,67327.38,63412.24,5018182.68,1254545.67,0.0,0.0,89362041059.07,7085499356.61,68919657989.89,44858125190.98,0,NORMAL
Kelapa Sawit & CPO,452856.69,92262.32,87758.3,18094527.26,4523631.82,2468.31,0.0,386799780704.39,1435285337.41,0.0,49626857721.88,0,NORMAL
Semen & Bahan Bangunan,206965.52,1126.17,126368.11,5197313.58,1621049.05,9145.67,149015.17,107529070927.53,19846426581.51,4198199038.93,11253695105.69,1,IMPOSSIBLE_PRODUCTION_INTENSITY
Kelapa Sawit & CPO,449493.79,88941.67,91363.69,17669346.34,4417336.59,12287.75,0.0,304485149255.78,1898897214.34,0.0,57942795920.33,0,NORMAL
Kelapa Sawit & CPO,704939.88,141521.94,140007.19,28547414.17,7136853.54,11446.78,0.0,639456180718.77,2986229987.08,0.0,86523451135.98,0,NORMAL
Logam & Baja,73593.52,104288.59,103824.02,1822733.29,455683.32,0.0,0.0,41055659509.33,23451208679.07,35216164749.79,33447757155.43,0,NORMAL
Pulp & Kertas,127503.86,27341.52,78021.26,7259483.26,1091427.19,13231.34,0.0,144263857834.74,8231041802.12,4729982503.56,13225909789.99,1,UNDER_REPORTING_FRAUD
Logam & Baja,148577.53,304423.96,319504.75,5998196.71,1499549.18,0.0,0.0,117047731076.62,56209115113.09,123788374864.67,143692139298.89,0,NORMAL
Pulp & Kertas,855679.37,408250.19,406595.38,18103372.5,4525843.13,8078.85,0.0,417491388527.84,110814389153.68,308406675966.17,251312145455.29,0,NORMAL
Semen & Bahan Bangunan,886431.56,452256.78,433361.54,3196816.97,799204.24,20306.42,636609.05,79289047324.2,35303264073.62,57635047414.42,43383018836.68,0,NORMAL
Semen & Bahan Bangunan,472302.32,313925.8,308270.32,3237175.08,809293.77,3602.3,340821.07,66999431582.77,37672362737.67,57090226395.64,33323953814.3,0,NORMAL
Logam & Baja,286681.02,567542.34,596350.33,11112364.42,2778091.11,0.0,0.0,233331992822.2,123285919040.99,239436704891.6,248597120502.33,0,NORMAL
Ketenagalistrikan & PLTU,1288069.37,1266486.05,1265219.74,18624852.81,4656213.2,19440.53,0.0,326080358109.85,454183427934.54,0.0,266802187781.09,0,NORMAL
Logam & Baja,82280.13,168683.32,168717.46,3420331.12,855082.78,0.0,0.0,75648712909.28,50416004393.46,67275246471.67,66695436335.56,0,NORMAL
Logam & Baja,172603.15,234771.53,240039.31,4237680.06,1059420.01,0.0,0.0,75986403129.64,49005274176.79,104865907539.32,80164656720.97,0,NORMAL
Semen & Bahan Bangunan,80399.07,37692.33,36848.76,266419.62,66604.9,22260.66,60438.0,6349859355.65,4200937780.09,3550634116.79,3364370701.17,0,NORMAL
Pulp & Kertas,294252.97,145736.68,146037.74,6597899.16,1649474.79,11354.3,0.0,127667495295.78,36039508623.35,91547081556.21,91879518101.46,0,NORMAL
Logam & Baja,84660.74,158448.76,167945.41,3122835.13,780708.78,0.0,0.0,61204465565.23,43794075699.96,73660044645.57,76806226268.83,0,NORMAL
Kelapa Sawit & CPO,559567.38,94709.73,98846.27,18794997.76,4698749.44,13501.87,0.0,332377489903.88,1425995169.65,0.0,47441939165.16,0,NORMAL
Pulp & Kertas,433435.78,32735.49,172120.81,6024542.06,1589610.03,1405.81,0.0,119722670959.17,4068172848.71,1669762575.76,9068345653.55,1,UNDER_REPORTING_FRAUD
Pulp & Kertas,661391.79,198059.49,201492.89,8920667.9,2230166.97,4741.9,0.0,200481421252.34,53864641181.8,141736188454.68,122500839399.75,0,NORMAL
Logam & Baja,481777.77,919307.64,957589.69,18039154.09,4509788.52,0.0,0.0,289569161662.95,223802208343.66,358849437384.02,345541885921.88,0,NORMAL
Semen & Bahan Bangunan,548037.85,345313.23,338837.38,3264441.0,816110.25,19987.83,401293.68,53179860737.31,53032148788.94,61072932651.09,34432968876.77,0,NORMAL
Manufaktur & Pengolahan,330981.66,113539.39,108430.33,8542737.05,2135684.26,0.0,0.0,206143536621.28,12591121177.37,116870954120.38,84653276308.21,0,NORMAL
Pulp & Kertas,625437.7,239097.91,240841.18,10757139.21,2689284.8,19938.55,0.0,240719021510.34,69378340451.57,190702500470.29,113610611245.93,0,NORMAL
Manufaktur & Pengolahan,869815.58,216828.4,210255.05,16049580.89,4012395.22,0.0,0.0,334327604875.94,22224915295.49,182227438235.84,126906657630.08,0,NORMAL
Kelapa Sawit & CPO,113147.68,16188.64,16047.73,3213054.8,803263.7,18407.87,0.0,62452480910.02,352468925.78,0.0,9193073299.28,0,NORMAL
Logam & Baja,269336.5,549085.35,541010.1,10810339.95,2702584.99,0.0,0.0,254075752765.24,88562962494.23,287908739825.76,221913351542.4,0,NORMAL
Manufaktur & Pengolahan,342817.87,69704.86,72491.04,5242779.8,1310694.95,0.0,0.0,94859891643.98,9708320094.76,61058432093.08,42735631778.5,0,NORMAL
Manufaktur & Pengolahan,287762.53,79151.03,78481.26,5977364.3,1494341.08,0.0,0.0,101152990657.18,11161719258.77,83385615404.19,47818389109.56,0,NORMAL
Kelapa Sawit & CPO,767237.27,138095.05,144456.08,5006343.27,1563917.79,2058.19,0.0,3853842774.09,16341757527.41,6210653888.98,4847508084.19,1,FUEL_COST_MISMATCH
Semen & Bahan Bangunan,334379.16,260215.12,259413.43,3266839.13,816709.78,23542.07,231934.18,69773575087.92,34258959499.02,44719982397.5,35925982573.12,0,NORMAL
Pulp & Kertas,594918.39,217384.07,212901.05,9681704.37,2420426.09,18824.14,0.0,159684276194.51,56825353383.51,155449972683.62,125240685273.25,0,NORMAL
Pulp & Kertas,562281.11,96170.67,276072.21,6275765.25,1231556.31,10781.85,421710.83,137095205987.91,10739048918.42,3514057626.61,12945332594.29,1,UNREPORTED_PROCESS_EMISSIONS
Logam & Baja,247611.3,431129.65,453163.26,8386093.05,2096523.26,0.0,0.0,180568878804.27,78483141839.78,246713668630.88,211036976355.51,0,NORMAL
Kelapa Sawit & CPO,805290.04,177744.34,170978.81,34922987.17,8730746.79,3358.51,0.0,614079120213.77,2985678747.03,0.0,101523636572.94,0,NORMAL
Manufaktur & Pengolahan,202375.73,49344.23,51454.11,3660353.06,915088.26,0.0,0.0,72554495234.65,8094718420.23,33296131303.77,33858511434.74,0,NORMAL
Semen & Bahan Bangunan,205552.02,124224.91,123321.62,1002381.01,250595.25,7139.65,153581.8,18718545384.79,11398964472.63,17391234208.43,10251561909.8,0,NORMAL
Kelapa Sawit & CPO,687563.78,104288.96,104885.88,20871205.67,5217801.42,11854.11,0.0,464521178391.57,1788441322.31,0.0,69532230344.1,0,NORMAL
Manufaktur & Pengolahan,146479.83,42757.97,40401.69,3184803.33,796200.83,0.0,0.0,69958647457.95,3779778070.34,44533552400.93,31017459945.11,0,NORMAL
Manufaktur & Pengolahan,177972.18,48882.61,46870.21,3608838.64,902209.66,0.0,0.0,82611634964.61,7877830980.15,51321652133.58,32761908016.88,0,NORMAL
Semen & Bahan Bangunan,596674.33,387372.32,384352.28,3671287.48,917821.87,8296.18,439913.4,84556303513.45,43876514718.81,44296759901.8,48943965344.55,0,NORMAL
Semen & Bahan Bangunan,787454.49,506205.93,510931.43,4948305.69,1237076.42,17520.96,556516.47,87089354141.1,57352368779.66,71875505199.21,54382235688.23,0,NORMAL
Semen & Bahan Bangunan,778956.33,535003.06,535507.86,5736667.51,1434166.88,10711.09,572750.21,115116252415.32,70052000916.66,79809908287.49,57938191999.4,0,NORMAL
Ketenagalistrikan & PLTU,497416.13,457298.29,477900.61,6818736.92,1704684.23,11201.17,0.0,118658203343.19,170065371407.23,0.0,91868434435.61,0,NORMAL
Manufaktur & Pengolahan,83843.71,10768.39,11094.48,801358.38,200339.59,0.0,0.0,18863159149.93,1098002005.49,10592902271.12,6103676547.89,0,NORMAL
Manufaktur & Pengolahan,613294.23,49114.26,141573.9,8806197.16,862856.89,5830.52,459970.67,176718218235.4,5758911410.33,5492446597.9,4486717817.09,1,UNREPORTED_PROCESS_EMISSIONS
Ketenagalistrikan & PLTU,600333.98,635907.61,652920.02,9528570.34,2382142.58,11363.11,0.0,227507522284.99,210480312669.36,0.0,136435216077.68,0,NORMAL
Semen & Bahan Bangunan,801282.1,580073.66,552321.58,6898658.57,1724664.64,21522.29,559663.97,128471213956.81,88981924521.13,123609215870.08,82099136627.31,0,NORMAL
Manufaktur & Pengolahan,422378.51,122782.26,130936.37,9254370.14,2313592.54,0.0,0.0,177656407030.97,16036170241.53,83592974994.07,93700279403.78,0,NORMAL
Ketenagalistrikan & PLTU,523085.24,489030.21,504577.6,7349229.1,1837307.28,10568.8,0.0,128584017901.7,258977800725.95,0.0,107878975221.69,0,NORMAL
Kelapa Sawit & CPO,260156.84,55616.83,59733.24,11228648.51,2807162.13,6829.49,0.0,191998721840.28,742402013.13,0.0,31661120909.65,0,NORMAL
Ketenagalistrikan & PLTU,105857.07,35698.16,103995.83,3941365.88,1172502.39,3685.82,79392.8,78608253081.26,17893334916.14,3637406103.09,5232447780.58,1,UNREPORTED_PROCESS_EMISSIONS
Kelapa Sawit & CPO,348594.97,70556.46,68453.73,14100160.62,3525040.15,15696.97,0.0,351578122659.22,1541622560.43,0.0,45454884374.28,0,NORMAL
Logam & Baja,461097.69,822394.06,812480.13,15782048.31,3945512.08,0.0,0.0,265383685411.88,135857682748.23,342507822504.17,379594233807.01,0,NORMAL
Kelapa Sawit & CPO,258116.0,49761.39,51479.28,9771019.05,2442754.76,6381.38,0.0,212842525521.14,664689935.56,0.0,28283953098.81,0,NORMAL
Ketenagalistrikan & PLTU,1171498.55,1032113.5,1084494.54,15453202.64,3863300.66,11710.22,0.0,353597009852.07,545960346950.12,0.0,180860542044.98,0,NORMAL
Kelapa Sawit & CPO,361404.78,18045.5,93942.52,4091564.94,453413.97,8529.28,0.0,90594332926.27,17061566990.23,2868499782.06,13794652233.54,1,UNDER_REPORTING_FRAUD
Manufaktur & Pengolahan,676175.14,239220.56,249746.2,17942859.5,4485714.88,0.0,0.0,288393645501.03,29036669817.54,182152174988.71,164314477091.92,0,NORMAL
Manufaktur & Pengolahan,368016.82,176599.79,176566.69,13171393.66,3292848.42,0.0,0.0,227079974893.26,27171319327.92,137406733188.15,106507767809.14,0,NORMAL
Semen & Bahan Bangunan,511151.69,309450.7,318301.92,2717308.67,679327.17,18429.52,379939.49,48845895874.62,51047108292.81,35165315304.12,36612352914.14,0,NORMAL
Ketenagalistrikan & PLTU,1002717.57,820903.02,764989.81,12106250.43,3026562.61,19334.46,0.0,283696196699.78,423239047847.33,0.0,169287865864.18,0,NORMAL
Kelapa Sawit & CPO,195031.26,27468.36,26753.11,5536490.8,1384122.7,20221.24,0.0,121351805810.64,436394021.91,0.0,15164212392.93,0,NORMAL
Kelapa Sawit & CPO,814364.64,135767.02,143849.08,27358644.54,6839661.13,21278.22,0.0,525338886036.25,2225201820.56,0.0,66845646604.17,0,NORMAL
Semen & Bahan Bangunan,357092.19,148019.44,214313.3,2770183.13,1541544.13,1602.24,257106.38,61187724309.43,19009969398.24,2116864785.67,4519170256.29,1,UNDER_REPORTING_SUBTLE
Logam & Baja,413386.88,551337.66,576471.75,9633681.03,2408420.26,0.0,0.0,154567654929.95,143558106531.19,286380716504.83,214113051764.63,0,NORMAL
Ketenagalistrikan & PLTU,277841.57,273803.69,274927.33,4116309.6,1029077.4,9921.2,0.0,71142074926.44,143441332771.45,0.0,60230017390.76,0,NORMAL
Manufaktur & Pengolahan,766773.02,197134.1,198004.37,14513504.36,3628376.09,0.0,0.0,262064253090.48,23538453235.22,125648724169.8,132647017904.78,0,NORMAL
Semen & Bahan Bangunan,698999.54,437235.26,458065.11,3984960.91,996240.23,9565.57,507931.54,98933530177.68,41753588379.86,82048234716.77,40941510259.61,0,NORMAL
Ketenagalistrikan & PLTU,923653.86,786821.37,763180.66,11584220.62,2896055.16,15630.86,0.0,272395358746.99,387636919778.3,0.0,132762553107.08,0,NORMAL
Logam & Baja,337392.81,585114.08,572688.69,11140030.56,2785007.64,0.0,0.0,266123930100.39,114003339528.01,299561130189.06,276432254168.96,0,NORMAL
Pulp & Kertas,305244.47,142237.58,134442.45,6299569.17,1574892.29,16889.24,0.0,145452034437.6,36592448008.86,92830517490.54,72283226634.06,0,NORMAL
Semen & Bahan Bangunan,112717.6,83163.74,81842.11,995199.75,248799.94,16679.6,77956.25,18932269845.79,13203600521.87,18945072069.71,11266373397.82,0,NORMAL
Manufaktur & Pengolahan,788187.58,187184.41,188041.9,13907477.52,3476869.38,0.0,0.0,311507731140.4,23447030233.76,131939705465.47,112822917307.02,0,NORMAL
Manufaktur & Pengolahan,635972.2,72624.18,202324.44,5520104.57,1083597.15,3703.59,476979.15,106566800205.79,15385388376.66,5979255085.82,3330105124.92,1,UNREPORTED_PROCESS_EMISSIONS
Ketenagalistrikan & PLTU,1304744.79,992545.76,945726.99,14605352.15,3651338.04,4662.74,0.0,261642852544.67,365235917215.16,0.0,163729661034.82,0,NORMAL
Manufaktur & Pengolahan,481193.76,67462.14,65145.87,5008009.49,1252002.37,0.0,0.0,116067450480.43,6715942677.03,71313584922.67,52146811843.05,0,NORMAL
Pulp & Kertas,465528.05,57975.83,163107.88,5182904.55,1678387.1,9450.47,349146.04,109936710467.04,4820906667.78,6333872462.47,10327676454.89,1,UNREPORTED_PROCESS_EMISSIONS
Kelapa Sawit & CPO,700823.88,78778.39,79003.32,15864594.39,3966148.6,5095.3,0.0,335485452260.74,1664609036.81,0.0,51873593095.16,0,NORMAL
Semen & Bahan Bangunan,759050.87,492318.23,510586.8,5330611.9,1332652.98,12569.31,521760.79,103730463856.19,97832696855.44,69642069715.2,67003285052.33,0,NORMAL
Manufaktur & Pengolahan,298593.35,4155.23,85866.45,8196129.34,1034032.78,7392.84,0.0,164677455486.28,17249557226.33,5582154743.46,8481198880.29,1,IMPOSSIBLE_PRODUCTION_INTENSITY
Logam & Baja,108685.71,182359.93,179094.57,3441777.47,860444.37,0.0,0.0,74683042662.23,28052419592.55,86278675019.27,79812659578.55,0,NORMAL
Manufaktur & Pengolahan,603957.51,11061.52,146959.99,3874946.49,1360167.33,11785.28,0.0,84094138643.17,12194924632.94,6442705074.29,6491360557.16,1,IMPOSSIBLE_PRODUCTION_INTENSITY
Kelapa Sawit & CPO,175397.82,35469.48,35688.37,7118600.32,1779650.08,13144.54,0.0,165292387415.22,482109320.58,0.0,19348392556.06,0,NORMAL
Ketenagalistrikan & PLTU,313171.81,311822.73,299663.45,4659446.36,1164861.59,1421.35,0.0,94222507945.21,103141479493.59,0.0,53202701064.25,0,NORMAL
Ketenagalistrikan & PLTU,1409156.08,1397455.09,1337054.09,20939296.34,5234824.09,21049.72,0.0,403396423240.16,639092816710.75,0.0,280273573242.49,0,NORMAL
Pulp & Kertas,497576.67,213260.74,208490.91,9635166.37,2408791.59,20328.85,0.0,215447769414.64,61340759395.18,127127611330.04,108615300282.85,0,NORMAL
Kelapa Sawit & CPO,535457.9,90657.06,88469.75,18233477.99,4558369.5,13066.82,0.0,304592973744.88,1568699494.14,0.0,59361636477.48,0,NORMAL
Ketenagalistrikan & PLTU,943401.32,854433.9,907019.63,12898052.51,3224513.13,19349.29,0.0,229261227005.79,431193312950.05,0.0,186488894746.74,0,NORMAL
Semen & Bahan Bangunan,204653.15,133368.4,133040.57,1340369.99,335092.5,16670.21,144782.21,24627566620.4,23674733886.61,15961844546.76,13566340431.29,0,NORMAL
Manufaktur & Pengolahan,605742.23,174586.96,167770.89,13123409.29,3280852.32,0.0,0.0,220473679345.9,27482116601.09,146158319750.59,125988589438.3,0,NORMAL
Logam & Baja,215706.14,397306.28,413483.07,7751366.03,1937841.51,0.0,0.0,178957649753.11,80610237726.24,153005498657.66,143832581762.12,0,NORMAL
Logam & Baja,99587.89,183807.64,184314.19,3565860.63,891465.16,0.0,0.0,64212106304.98,30184508030.49,99330832298.84,79720123291.38,0,NORMAL
Pulp & Kertas,357845.35,84559.69,137370.53,8034165.28,400000.85,8595.61,0.0,179678922511.03,9088033057.6,4131690667.17,10383000101.4,1,UNDER_REPORTING_SUBTLE
Kelapa Sawit & CPO,715838.89,110509.93,107483.58,22005700.29,5501425.07,8424.72,0.0,545767490280.22,1788089289.39,0.0,54169448628.65,0,NORMAL
Semen & Bahan Bangunan,326201.82,191630.74,195794.78,1644318.18,411079.54,10097.89,235097.01,34719646692.44,29624527730.82,24990710529.3,17099393024.88,0,NORMAL
Manufaktur & Pengolahan,84872.14,20501.66,20481.97,1525075.43,381268.86,0.0,0.0,29808909438.59,2048457220.92,15135564249.25,14371309930.41,0,NORMAL
Logam & Baja,258511.15,523693.24,537687.04,10316269.27,2579067.32,0.0,0.0,237638702248.96,120156612675.14,175485901236.22,230714431781.97,0,NORMAL
Logam & Baja,75097.78,142999.03,147673.26,2759510.67,689877.67,0.0,0.0,58782778551.27,39244183937.37,47654497613.91,64126664523.0,0,NORMAL
Manufaktur & Pengolahan,473640.81,146126.92,148735.55,10903605.86,2725901.46,0.0,0.0,178283880243.49,13710270293.44,102897669032.68,97256781129.04,0,NORMAL
Ketenagalistrikan & PLTU,1249519.4,1318709.72,1373291.96,19942719.75,4985679.94,17193.36,0.0,427038027821.49,503248759303.2,0.0,248640774004.48,0,NORMAL
Pulp & Kertas,532994.13,241352.43,231169.87,10727613.15,2681903.29,17298.49,0.0,221510023413.44,63588885377.9,122806265425.2,109429535272.33,0,NORMAL
Kelapa Sawit & CPO,270358.1,68967.17,71900.08,13896780.56,3474195.14,20569.97,0.0,342118509715.4,938129856.95,0.0,34191423641.3,0,NORMAL
Kelapa Sawit & CPO,628878.76,52147.15,55003.61,10362364.59,2590591.15,17859.93,0.0,254074930124.3,893151135.52,0.0,25405578729.67,0,NORMAL
Kelapa Sawit & CPO,285394.21,56494.08,53937.27,11195004.18,2798751.05,20405.04,0.0,229904580032.1,892652301.56,0.0,28180937856.49,0,NORMAL
Ketenagalistrikan & PLTU,191699.9,187851.85,193981.18,2796317.46,699079.37,5496.29,0.0,60063534953.18,87133426831.44,0.0,31144654683.11,0,NORMAL
Kelapa Sawit & CPO,580638.93,139164.56,138318.33,27385543.13,6846385.78,5240.66,0.0,637593375685.47,1966238825.22,0.0,68559061185.62,0,NORMAL
Ketenagalistrikan & PLTU,343527.87,282148.67,272069.13,4172112.79,1043028.2,3412.72,0.0,73278343727.39,112381498127.41,0.0,62330315186.2,0,NORMAL
Ketenagalistrikan & PLTU,489283.93,449344.03,422858.18,6712271.32,1678067.83,11313.41,0.0,107868776191.95,135680669799.22,0.0,93258123673.02,0,NORMAL
Kelapa Sawit & CPO,636045.22,104889.53,104459.06,20968770.97,5242192.74,10210.42,0.0,430799822521.95,1470813294.63,0.0,63367932753.43,0,NORMAL
Kelapa Sawit & CPO,231804.98,52869.72,51119.89,10384943.82,2596235.95,2722.2,0.0,207760760315.2,867317284.56,0.0,28128381259.88,0,NORMAL
Kelapa Sawit & CPO,741139.89,125573.66,127083.17,24949103.32,6237275.83,6894.16,0.0,412503836094.56,1855514168.0,0.0,65565846715.45,0,NORMAL
Kelapa Sawit & CPO,810984.1,136364.71,132988.7,27286136.05,6821534.01,17722.03,0.0,505980820325.4,2673572553.96,0.0,69334644144.79,0,NORMAL
Manufaktur & Pengolahan,182467.97,32836.65,33179.91,2459276.23,614819.06,0.0,0.0,44221084576.6,4094527465.69,34063496285.52,25094569876.0,0,NORMAL
Semen & Bahan Bangunan,612037.84,446030.43,475423.1,5210089.5,1302522.37,17923.78,440620.9,100484096823.44,61223782325.32,74994154456.55,69432995533.67,0,NORMAL
Manufaktur & Pengolahan,719658.93,177991.76,166948.01,13228274.39,3307068.6,0.0,0.0,286111765064.37,18611928795.44,127339379138.49,105989250217.97,0,NORMAL
Logam & Baja,313882.92,467890.73,490708.51,8264309.91,2066077.48,0.0,0.0,169461512173.02,93884542905.23,227037942179.48,208777963076.61,0,NORMAL
Pulp & Kertas,331278.69,171895.2,167742.39,7589789.36,1897447.34,15946.19,0.0,125724270440.63,42092243797.0,88643047073.64,107393943113.29,0,NORMAL
Manufaktur & Pengolahan,435702.45,40356.63,112091.68,7314819.43,527621.08,9427.83,326776.84,162488183069.83,7568161670.61,2081663824.87,5463120986.71,1,UNREPORTED_PROCESS_EMISSIONS
Manufaktur & Pengolahan,231915.83,3794.21,70779.2,4314545.31,1360948.48,9038.16,0.0,84234276550.93,16470336986.04,2546010855.36,10910025882.56,1,IMPOSSIBLE_PRODUCTION_INTENSITY
Pulp & Kertas,317304.64,132772.63,126630.62,5956740.93,1489185.23,17803.87,0.0,118748110435.1,32590535871.65,90206828958.61,67288478404.18,0,NORMAL
Ketenagalistrikan & PLTU,392849.42,309277.39,305493.57,4638964.7,1159741.18,1328.82,0.0,77773762093.06,127218572039.61,0.0,55435292151.42,0,NORMAL
Kelapa Sawit & CPO,158727.13,3922.25,35006.45,7006277.31,1260626.52,9649.87,0.0,157066075112.46,19141339592.01,6820973011.13,3164813088.14,1,IMPOSSIBLE_PRODUCTION_INTENSITY
Pulp & Kertas,185954.89,103821.84,106115.71,4600690.5,1150172.62,7358.16,0.0,77869844504.81,21703428983.96,61291956314.73,63616233694.07,0,NORMAL
Ketenagalistrikan & PLTU,1049674.77,838629.91,823354.11,12564429.25,3141107.31,6691.27,0.0,224060678782.49,451252775114.92,0.0,149366115902.95,0,NORMAL
Logam & Baja,180915.38,316798.88,295950.06,6066718.72,1516679.68,0.0,0.0,147095376957.46,82091820669.19,169785063916.74,152163613018.52,0,NORMAL
Logam & Baja,163750.7,243710.88,239974.15,4510080.5,1127520.13,0.0,0.0,109175799431.8,53822380627.09,131147046179.15,104626497511.43,0,NORMAL
Pulp & Kertas,379044.7,175168.15,179067.42,7868954.74,1967238.68,6992.69,0.0,154889021500.13,45666602285.2,116854055739.97,80450355037.67,0,NORMAL
Pulp & Kertas,453465.81,88538.78,259107.56,4403350.99,1389234.66,4825.67,340099.36,95757929773.18,4114809105.28,1900021939.05,7540343050.47,1,UNREPORTED_PROCESS_EMISSIONS
Semen & Bahan Bangunan,375812.64,234635.67,244404.4,2102841.53,525710.38,1937.25,282620.01,48074131222.47,26046356379.44,30779680474.65,27700735653.66,0,NORMAL
Ketenagalistrikan & PLTU,226114.21,23797.88,204232.88,8951203.53,1451141.84,5555.63,0.0,187178237112.15,19740642232.6,3606117556.16,9227898224.23,1,EXTREME_YOY_COLLAPSE
Semen & Bahan Bangunan,783303.91,673339.27,652455.97,9486130.35,2371532.59,10345.01,543597.84,168970325123.71,166761898051.0,140537303803.7,117033321073.54,0,NORMAL
Semen & Bahan Bangunan,261155.2,53153.35,162091.38,4279476.36,1038538.25,7660.74,188031.74,86439688263.76,19685777282.14,5957034994.64,11935131350.35,1,UNDER_REPORTING_FRAUD
Semen & Bahan Bangunan,128683.22,81619.34,85596.87,847825.41,211956.35,11091.92,90093.7,14927047087.3,15950490497.09,14957847755.28,10298709848.3,0,NORMAL
Ketenagalistrikan & PLTU,1413148.12,1224878.59,1276054.64,18558022.64,4639505.66,1176.48,0.0,358248261570.69,486793395338.24,0.0,257472021988.7,0,NORMAL
Kelapa Sawit & CPO,199017.64,43109.37,42808.59,7613714.8,1739069.75,7504.95,0.0,8152957139.66,12562983126.93,1285036504.34,7110856742.01,1,FUEL_COST_MISMATCH
Ketenagalistrikan & PLTU,1139155.05,997983.96,1043998.72,14782223.11,3695555.78,23426.66,0.0,255489752055.91,532701708260.23,0.0,202236956850.79,0,NORMAL
Pulp & Kertas,216472.58,120802.98,115438.22,5364948.94,1341237.23,10807.74,0.0,105809201217.55,20145450257.6,95388726381.19,70337645309.35,0,NORMAL
Pulp & Kertas,366131.24,138845.25,135753.72,6307958.44,1576989.61,2387.31,0.0,146538277509.4,33158908125.68,80704931805.59,65148820646.33,0,NORMAL
Manufaktur & Pengolahan,718395.42,206795.29,192297.64,15215860.93,3803965.23,0.0,0.0,257202826023.37,20287122833.97,179869535572.95,129460613220.86,0,NORMAL
Ketenagalistrikan & PLTU,224560.34,211900.03,226508.26,3201698.64,800424.66,23755.25,0.0,68083448145.61,90675959871.97,0.0,43518389533.21,0,NORMAL
Pulp & Kertas,265251.3,98570.07,96900.28,4398147.45,1099536.86,3376.99,0.0,99429786184.3,15294421005.23,79946071911.11,59397649596.64,0,NORMAL
Kelapa Sawit & CPO,511002.02,84657.78,81666.23,16954993.96,4238748.49,12876.78,0.0,400747778623.44,1386697482.85,0.0,50258598453.91,0,NORMAL
Ketenagalistrikan & PLTU,575654.16,91466.63,503666.16,3490182.73,1694235.8,7074.75,0.0,73389678563.72,16259316842.91,4305531975.59,10839961985.88,1,EXTREME_YOY_COLLAPSE
Semen & Bahan Bangunan,388636.8,217698.87,224437.25,1723184.12,430796.03,18445.53,278401.36,41351274623.39,31388688245.08,35394676795.64,23768335289.68,0,NORMAL
Kelapa Sawit & CPO,289109.65,55334.31,55498.39,10900232.28,2725058.07,17459.96,0.0,205550622700.44,876983647.31,0.0,26136623583.01,0,NORMAL
Ketenagalistrikan & PLTU,247143.26,250147.89,259386.3,3731941.6,932985.4,18670.15,0.0,71703445753.0,117701640436.31,0.0,44848259436.12,0,NORMAL
Manufaktur & Pengolahan,722723.01,147001.21,148514.52,10838887.45,2709721.86,0.0,0.0,242821578062.79,23700313498.16,131637257668.12,96929673753.39,0,NORMAL
Manufaktur & Pengolahan,217401.65,46915.23,66175.76,5739812.05,1513623.35,5932.53,0.0,122967575040.86,7937519242.15,2962874244.62,7525908696.33,1,UNDER_REPORTING_SUBTLE
Ketenagalistrikan & PLTU,324309.6,292333.99,283181.6,4392515.92,1098128.98,10400.74,0.0,79884950453.21,114188343419.22,0.0,64491499683.57,0,NORMAL
Ketenagalistrikan & PLTU,477885.39,42424.46,489922.63,4600367.78,1278518.02,13795.26,0.0,93338760799.07,6196185589.24,6505515975.97,6101539822.44,1,EXTREME_YOY_COLLAPSE
Logam & Baja,142614.06,256829.13,260764.73,5042396.57,1260599.14,0.0,0.0,113953462002.15,67921264471.01,122923578786.85,110055469574.35,0,NORMAL
Ketenagalistrikan & PLTU,714674.18,746287.74,786301.91,11134122.55,2783530.64,15507.9,0.0,213278399954.37,285987624382.76,0.0,127491131509.7,0,NORMAL
Kelapa Sawit & CPO,491246.39,53905.08,51634.02,10572054.2,2643013.55,22401.66,0.0,181639240866.96,897648703.37,0.0,32296101859.97,0,NORMAL
Manufaktur & Pengolahan,700904.59,21613.28,205695.89,8889779.52,1677706.15,4098.88,0.0,179706109132.36,19328765690.12,1110005141.13,3692824075.23,1,EXTREME_YOY_COLLAPSE
Ketenagalistrikan & PLTU,441100.38,418247.52,399586.58,6223274.55,1555818.64,7428.47,0.0,108655439212.57,189056477789.3,0.0,77729625569.66,0,NORMAL
Semen & Bahan Bangunan,318102.55,212710.37,205107.09,2029155.57,507288.89,2814.09,238182.49,34313956695.27,23633754748.93,35780634446.16,25265020565.53,0,NORMAL
Kelapa Sawit & CPO,680954.28,135504.76,140929.1,27104350.68,6776087.67,2554.13,0.0,523128430784.29,2162660104.02,0.0,77104135299.76,0,NORMAL
Manufaktur & Pengolahan,816224.4,188629.73,186781.07,14072858.75,3518214.69,0.0,0.0,306167808886.2,17236056228.71,166372327933.29,115270828736.88,0,NORMAL
Semen & Bahan Bangunan,245976.62,173913.8,183662.34,2012233.78,503058.45,9555.71,169651.17,49487585724.48,37220101803.51,41213781226.13,26786717649.2,0,NORMAL
Semen & Bahan Bangunan,107566.08,72259.31,76788.12,738425.61,184606.4,18777.63,80409.46,16676624722.58,12551419578.13,12860873293.23,8869049890.72,0,NORMAL
Pulp & Kertas,524849.63,191432.72,192805.68,8575385.47,2143846.37,3728.28,0.0,176353818765.84,32439752235.76,100299990397.19,112966903057.31,0,NORMAL
Pulp & Kertas,810071.92,361845.46,364029.95,16166130.05,4041532.51,24206.39,0.0,299926029358.03,88849649367.72,203236895401.68,183699063082.21,0,NORMAL
Manufaktur & Pengolahan,204919.91,16205.43,47198.56,5440043.65,750400.26,2556.01,153689.93,120458696146.68,5639731556.8,6460654283.58,4537624513.08,1,UNREPORTED_PROCESS_EMISSIONS
Ketenagalistrikan & PLTU,1094761.37,1073703.85,1009142.92,15961441.9,3990360.47,19458.46,0.0,303517269368.0,541177747934.65,0.0,179522502029.02,0,NORMAL
Pulp & Kertas,802944.14,310750.62,317240.03,13863725.96,3465931.49,12602.25,0.0,236507608472.05,68895931606.16,202406207318.15,174263720638.88,0,NORMAL
Manufaktur & Pengolahan,403806.0,113986.62,111495.3,6784794.22,1015634.21,10712.11,0.0,3908894325.14,5010867686.73,5333802140.57,10748593671.72,1,FUEL_COST_MISMATCH
Pulp & Kertas,864211.33,294577.13,293078.32,13229865.85,3307466.46,10700.35,0.0,238976792857.16,72549585814.15,176240187279.19,170426909907.03,0,NORMAL
Kelapa Sawit & CPO,387445.2,77239.05,79798.76,15512015.3,3878003.83,18230.24,0.0,262199596400.6,1370634768.79,0.0,51673724294.58,0,NORMAL
Ketenagalistrikan & PLTU,647322.81,651377.68,635933.13,9700771.9,2425192.97,13249.27,0.0,159265315892.19,260630242137.41,0.0,142336071789.87,0,NORMAL
Logam & Baja,392006.7,734103.42,734000.07,14271259.24,3567814.81,0.0,0.0,262327117870.82,161888241952.78,254926569795.29,284485907095.93,0,NORMAL
Logam & Baja,243551.85,431872.71,461085.01,8282898.7,2070724.68,0.0,0.0,134350512251.98,112814039577.24,148481165141.95,188957083066.64,0,NORMAL
Logam & Baja,358162.78,756589.37,793263.37,14983896.38,3745974.09,0.0,0.0,254194411741.6,141669576047.06,397350540117.49,378469999145.05,0,NORMAL
Pulp & Kertas,339509.66,122583.81,115739.45,5457365.5,1364341.37,5764.93,0.0,129528987147.78,19492445409.57,93806003104.1,71748539954.73,0,NORMAL
Ketenagalistrikan & PLTU,694908.46,757451.53,739648.59,11140147.17,2785036.79,17544.1,0.0,216558870659.82,358669260106.85,0.0,156060343630.14,0,NORMAL
Manufaktur & Pengolahan,340158.41,90799.46,95638.47,6750643.57,1687660.89,0.0,0.0,164770543991.87,13826254991.73,70630198018.74,51834267263.6,0,NORMAL
Logam & Baja,506607.45,781756.69,1087344.84,7026432.4,577375.61,5206.92,0.0,142939951424.16,15340440765.03,2928491802.54,12575968129.04,1,UNDER_REPORTING_SUBTLE
Logam & Baja,435107.98,759451.09,769793.91,14269678.82,3567419.71,0.0,0.0,247775202404.49,196494692937.74,298457777582.72,346252568911.89,0,NORMAL
Kelapa Sawit & CPO,201124.93,31923.19,30628.48,6415327.3,1603831.83,14547.71,0.0,148889757902.13,647003488.44,0.0,16341890543.03,0,NORMAL
Semen & Bahan Bangunan,544653.3,368492.83,379548.1,3900328.83,975082.21,21047.88,392786.15,75327749786.04,54327534825.29,52845312046.66,50164288836.08,0,NORMAL
Kelapa Sawit & CPO,697307.03,134222.23,135651.92,26715702.06,6678925.51,13401.17,0.0,617782969963.13,1832448052.53,0.0,65027272412.07,0,NORMAL
Pulp & Kertas,686120.25,180488.78,331581.97,5249356.76,1719340.51,11173.27,0.0,110012813915.77,6183976106.98,4529906271.34,13616378594.19,1,UNDER_REPORTING_SUBTLE
Logam & Baja,245038.64,385662.37,377205.32,7409022.91,1852255.73,0.0,0.0,130028834690.75,76734004183.39,196389703465.33,180391427263.28,0,NORMAL
Manufaktur & Pengolahan,259860.08,58540.5,58362.13,4434458.4,1108614.6,0.0,0.0,79531490805.32,9618381702.23,53064961354.36,39044186463.51,0,NORMAL
Manufaktur & Pengolahan,386888.33,12678.25,102365.43,5929232.31,1657073.72,12824.33,0.0,128597306984.95,15430474115.46,3390933194.13,6971044005.24,1,EXTREME_YOY_COLLAPSE
Logam & Baja,466429.16,568771.78,539960.58,9676581.49,2419145.37,0.0,0.0,176721602147.33,138933824213.92,163276810258.87,240156758302.11,0,NORMAL
Manufaktur & Pengolahan,232821.51,41115.06,41567.8,3087947.26,771986.82,0.0,0.0,65944932635.55,3873858526.6,43583043466.24,28496087642.7,0,NORMAL
Manufaktur & Pengolahan,659229.5,146642.8,148896.33,10901282.46,2725320.61,0.0,0.0,220708431353.92,21367435970.55,104433527793.79,104855368025.05,0,NORMAL
Semen & Bahan Bangunan,461195.61,322044.57,303341.94,3535871.05,883967.76,8443.73,331568.95,73494112332.48,43749857201.28,58346309369.34,38143902867.77,0,NORMAL
Logam & Baja,400326.42,658015.33,687802.41,12689773.39,3172443.35,0.0,0.0,306810607384.5,156771229193.95,254014990606.78,302702993213.35,0,NORMAL
Logam & Baja,496237.48,1037462.86,1010860.81,21087198.18,5271799.54,0.0,0.0,415931810019.5,208863094611.21,407069156559.31,472685688924.54,0,NORMAL
Pulp & Kertas,482257.21,204512.75,192147.65,9103613.72,2275903.43,7057.67,0.0,204101262580.22,43540795885.42,130479712989.87,113772019202.51,0,NORMAL
Kelapa Sawit & CPO,405996.04,82974.74,78629.1,16310534.2,4077633.55,20944.11,0.0,378770611828.88,1396587616.34,0.0,44571527554.03,0,NORMAL
Manufaktur & Pengolahan,121375.74,33230.67,33051.29,2447785.65,611946.41,0.0,0.0,47177856479.14,3439562631.54,22981498230.05,19400848124.86,0,NORMAL
Kelapa Sawit & CPO,790992.31,166871.56,169439.91,32740420.71,8185105.18,21462.13,0.0,706665092803.67,2633366922.79,0.0,107977993025.96,0,NORMAL
Ketenagalistrikan & PLTU,1213002.36,1096444.52,1044179.65,16198934.64,4049733.66,15935.34,0.0,395866032177.02,344707342084.62,0.0,211577058335.41,0,NORMAL
Ketenagalistrikan & PLTU,775600.94,583427.44,557354.4,8816647.0,2204161.75,22924.22,0.0,201071259657.64,205719811480.21,0.0,93852698831.5,0,NORMAL
Kelapa Sawit & CPO,121529.32,27261.45,25872.58,5436688.85,1359172.21,16718.55,0.0,124012776214.1,485795901.21,0.0,15635795778.2,0,NORMAL
Pulp & Kertas,572388.85,187933.22,186299.01,8513311.97,2128327.99,15024.24,0.0,205464593129.15,47924174818.69,110107491402.2,119011085020.98,0,NORMAL
Kelapa Sawit & CPO,829566.06,168378.62,159269.69,33041590.66,8260397.66,22256.59,0.0,571560596851.6,2557723171.58,0.0,90085831336.24,0,NORMAL
Logam & Baja,91373.64,193029.9,197207.02,3836236.47,959059.12,0.0,0.0,64488096527.87,44306824212.27,95749155508.31,75123070831.42,0,NORMAL
Logam & Baja,359537.88,802921.37,796217.48,16187620.94,4046905.23,0.0,0.0,274098325026.9,143139057764.63,304489841066.04,391962652673.59,0,NORMAL
Logam & Baja,219205.11,459741.42,434291.16,8996263.47,2249065.87,0.0,0.0,224303006888.05,95576579224.04,156207277261.88,191710431402.38,0,NORMAL
Kelapa Sawit & CPO,619862.06,88112.84,90985.28,17655835.99,4413959.0,20911.75,0.0,412892244086.39,1539821085.79,0.0,48465950406.71,0,NORMAL
Kelapa Sawit & CPO,208873.36,48329.41,51820.02,9746087.53,2436521.88,11650.31,0.0,176066678320.06,780432770.18,0.0,32079852341.63,0,NORMAL
Manufaktur & Pengolahan,242367.55,77964.13,80909.2,5871135.63,1467783.91,0.0,0.0,130417294646.71,9098925603.19,64045495942.58,58055178143.83,0,NORMAL
Pulp & Kertas,677423.52,268649.97,272108.46,12192321.82,3048080.45,4654.05,0.0,273933881922.03,74154085881.01,155809762608.84,149936543543.57,0,NORMAL
Pulp & Kertas,546527.13,236199.83,231946.07,10488587.31,2622146.83,10723.73,0.0,194363059763.69,45718875817.27,143478928614.86,123228043048.21,0,NORMAL
Ketenagalistrikan & PLTU,933718.77,844692.13,884339.82,12676015.72,3169003.93,11237.36,0.0,247162876768.3,302584191891.65,0.0,187551378020.65,0,NORMAL
Kelapa Sawit & CPO,757114.99,162681.7,157757.32,32379661.75,8094915.44,19177.3,0.0,526036722494.45,2848927865.18,0.0,101774063992.6,0,NORMAL
Ketenagalistrikan & PLTU,531913.64,453658.79,460284.02,6347858.33,1429315.46,9920.74,0.0,4581050532.31,4386884588.73,6846826087.9,6976358266.88,1,FUEL_COST_MISMATCH
Pulp & Kertas,124967.57,46028.35,46890.96,2039508.27,509877.07,20807.42,0.0,35399279771.09,11336896792.65,27663184557.29,27439116533.25,0,NORMAL
Ketenagalistrikan & PLTU,807345.17,734742.7,699941.5,11030034.46,2757508.61,7140.53,0.0,210000248050.01,287131313158.73,0.0,141339082858.9,0,NORMAL
Pulp & Kertas,127195.06,1487.65,58350.42,8704705.06,1603196.15,9386.12,0.0,182660944143.56,17072059659.82,4835136690.79,9991203366.72,1,IMPOSSIBLE_PRODUCTION_INTENSITY
Manufaktur & Pengolahan,350020.05,130078.76,136774.79,9739638.72,2434909.68,0.0,0.0,219187165453.78,16324711807.45,108751773171.44,99504585934.08,0,NORMAL
Kelapa Sawit & CPO,179360.57,33084.51,32329.97,6535608.29,1633902.07,21511.2,0.0,150849840855.3,706703544.15,0.0,17914247375.95,0,NORMAL
Kelapa Sawit & CPO,844399.39,94319.5,91201.33,18664136.93,4666034.23,18299.14,0.0,430548094389.77,1162359596.69,0.0,51930836309.71,0,NORMAL
Logam & Baja,374778.21,655028.08,621258.85,12469894.0,3117473.5,0.0,0.0,245568341271.2,159696201313.8,236128438689.23,294983241365.89,0,NORMAL
Kelapa Sawit & CPO,188931.58,25907.83,24757.59,5170370.39,1292592.6,8306.8,0.0,87314442652.88,561600978.29,0.0,14592935813.31,0,NORMAL
Manufaktur & Pengolahan,117361.55,32986.02,31557.8,2467628.41,616907.1,0.0,0.0,55782834258.34,5079579568.01,31369570902.8,20401514896.88,0,NORMAL
Logam & Baja,325850.71,545446.13,525014.42,10443867.3,2610966.82,0.0,0.0,248175755135.92,139776431830.45,220712222673.03,260857023164.71,0,NORMAL
Kelapa Sawit & CPO,820573.89,149193.35,149917.63,29280715.94,7320178.98,20854.05,0.0,594815467089.93,2222995763.65,0.0,87545700321.61,0,NORMAL
Pulp & Kertas,824489.81,333713.36,321316.65,15142069.26,3785517.32,19096.59,0.0,326306721529.35,94524920583.19,288007882463.38,173682549253.09,0,NORMAL
Semen & Bahan Bangunan,477040.7,299778.99,306805.11,2766845.52,691711.38,1189.31,350701.21,45608022247.57,35962898069.9,38626718159.3,32560361124.62,0,NORMAL
Ketenagalistrikan & PLTU,759817.37,772380.3,803862.25,11462292.15,2865573.04,23427.83,0.0,215468304780.81,302486852540.25,0.0,156820696447.29,0,NORMAL
Manufaktur & Pengolahan,712227.36,109051.14,107601.84,8259917.12,2064979.28,0.0,0.0,166860903877.45,12849115978.21,66968280515.35,63854650527.16,0,NORMAL
Logam & Baja,266450.35,517916.27,517790.25,10062355.9,2515588.98,0.0,0.0,221112469643.51,96948802024.44,292777659457.61,213243576066.92,0,NORMAL
Ketenagalistrikan & PLTU,364342.81,334284.49,323504.32,4954322.62,1238580.65,961.96,0.0,97506058419.2,100488454594.25,0.0,54686627813.64,0,NORMAL
Manufaktur & Pengolahan,87739.92,25663.84,24487.99,1912889.89,478222.47,0.0,0.0,38089538638.27,4156560953.09,15246770426.62,16051138924.0,0,NORMAL
Pulp & Kertas,107065.77,48627.89,48350.19,2177861.64,544465.41,10151.83,0.0,38257605573.71,8568824159.8,24431396799.21,24085698324.46,0,NORMAL
Logam & Baja,292846.09,577324.21,547773.09,11349094.37,2837273.59,0.0,0.0,247508677742.14,142178674563.35,190649875554.45,284645589004.44,0,NORMAL
Semen & Bahan Bangunan,571555.21,448454.36,448443.71,5858935.31,1464733.83,14163.21,399853.21,128311204721.95,110786492184.78,95837752580.52,78004573429.37,0,NORMAL
Manufaktur & Pengolahan,90427.76,27137.46,28077.89,2039149.55,509787.39,0.0,0.0,44256903192.61,3228261410.48,18313033209.12,16130174956.37,0,NORMAL
Manufaktur & Pengolahan,301206.28,77764.02,83044.76,5853907.02,1463476.76,0.0,0.0,111564745887.46,9365927830.72,55330822545.06,43757853449.37,0,NORMAL
Manufaktur & Pengolahan,291606.6,68350.52,69703.94,5130218.39,1282554.6,0.0,0.0,117448762236.0,7588525258.63,63005850440.52,39040371026.39,0,NORMAL
Pulp & Kertas,270172.7,98587.67,97226.26,8089513.5,1162478.22,2085.73,0.0,7610306960.0,5867632060.27,6816299984.0,6979515804.94,1,FUEL_COST_MISMATCH
Kelapa Sawit & CPO,721105.67,149342.62,147712.42,29930614.83,7482653.71,4780.25,0.0,617289221586.01,2066865799.13,0.0,87398058039.72,0,NORMAL
Manufaktur & Pengolahan,646575.89,201884.75,195218.02,15264976.3,3816244.08,0.0,0.0,292024903109.54,32455658801.37,215010990267.24,127632373308.25,0,NORMAL
Logam & Baja,738020.63,821424.51,1139605.53,8134925.5,1735728.51,12928.97,0.0,177923076665.57,16950929866.65,4095437471.67,9494704664.53,1,UNDER_REPORTING_SUBTLE
Kelapa Sawit & CPO,370102.62,9687.34,51566.56,3125388.23,1582976.67,8165.91,0.0,65770259515.13,4658670409.12,5262781272.61,13924498672.19,1,UNDER_REPORTING_FRAUD
Logam & Baja,187210.9,424870.78,425519.76,8566412.1,2141603.02,0.0,0.0,142177502919.31,77143637170.26,199653849515.27,193825218654.92,0,NORMAL
Logam & Baja,214394.61,406089.35,416960.66,7878707.78,1969676.95,0.0,0.0,141994648933.54,76183655475.05,164324704407.39,184664640459.42,0,NORMAL
Logam & Baja,108841.57,233990.6,233261.44,4667656.19,1166914.05,0.0,0.0,100748877626.23,62364273641.56,99419581745.73,94915992060.15,0,NORMAL
Kelapa Sawit & CPO,820383.6,101670.82,97134.6,20410760.61,5102690.15,13207.95,0.0,407539597878.73,2116881405.9,0.0,53632927025.75,0,NORMAL
Semen & Bahan Bangunan,529649.17,47061.95,383954.96,7193418.64,1649907.93,4753.31,381347.4,157612844616.9,5555461095.23,4496113959.8,7308607784.95,1,EXTREME_YOY_COLLAPSE
Manufaktur & Pengolahan,605817.59,203723.26,194917.54,15359116.7,3839779.18,0.0,0.0,256070488500.65,27083688153.13,192343101381.18,140635946850.45,0,NORMAL
Manufaktur & Pengolahan,289332.64,71600.36,69110.53,5361294.21,1340323.55,0.0,0.0,86616945449.03,7324520891.07,59665082521.81,41212858197.82,0,NORMAL
Logam & Baja,72304.46,120409.75,115755.09,2210579.46,552644.87,0.0,0.0,52776178558.1,30669381668.04,50712614548.81,51470709519.14,0,NORMAL
Manufaktur & Pengolahan,335194.47,101821.21,96381.64,7571746.21,1892936.55,0.0,0.0,132466513795.59,9638552401.21,106471012625.15,71295742968.33,0,NORMAL
Ketenagalistrikan & PLTU,981868.97,880465.14,828449.87,13058893.16,3264723.29,16359.83,0.0,248485162645.5,344328636132.62,0.0,163271209219.48,0,NORMAL
Manufaktur & Pengolahan,617218.01,15384.89,206502.66,5068592.77,1248479.7,11204.57,0.0,102401808722.59,8446099823.7,5265121091.86,13241547844.77,1,IMPOSSIBLE_PRODUCTION_INTENSITY
Ketenagalistrikan & PLTU,1076364.34,1046448.8,1032641.71,15514780.75,3878695.19,20365.04,0.0,264580461786.2,310871354255.81,0.0,208568804050.42,0,NORMAL
Ketenagalistrikan & PLTU,499960.9,439602.8,415643.45,6491580.89,1622895.22,13866.07,0.0,120159974114.1,189828571981.22,0.0,95104344424.9,0,NORMAL
Semen & Bahan Bangunan,891265.51,531865.56,559531.75,4910320.09,1227580.02,14967.95,620149.22,88427887009.25,70360867481.91,89317177886.92,58601919388.47,0,NORMAL
Manufaktur & Pengolahan,788080.04,198412.91,201537.82,14700145.71,3675036.43,0.0,0.0,331637209377.15,18594427344.67,129580542434.95,122980726524.97,0,NORMAL
Semen & Bahan Bangunan,164294.88,99074.49,100501.56,923366.39,230841.6,15948.27,113318.95,18887268368.3,16502391200.93,11335968503.18,9528751638.73,0,NORMAL
Logam & Baja,155649.36,237109.68,227446.5,4325453.76,1081363.44,0.0,0.0,86553055945.36,44444920758.83,113821123906.98,103859647812.4,0,NORMAL
Manufaktur & Pengolahan,851035.86,211961.93,217538.16,15594063.25,3898515.81,0.0,0.0,323474769744.35,26486665738.93,139952280714.26,132312495994.85,0,NORMAL
Semen & Bahan Bangunan,517340.63,336373.48,349966.69,3503956.31,875989.08,17302.44,367200.47,65250756849.81,65688462084.28,50884696666.91,40220754379.91,0,NORMAL
Pulp & Kertas,491214.17,10443.11,174650.0,2530271.46,1799375.67,3405.15,0.0,50923302750.07,5717847860.49,5909324713.28,10921614660.63,1,IMPOSSIBLE_PRODUCTION_INTENSITY
Logam & Baja,302679.21,585514.91,625011.19,11507864.47,2876966.12,0.0,0.0,246652853953.58,116271066878.93,214078843240.22,219974328669.91,0,NORMAL
Manufaktur & Pengolahan,460683.47,158574.72,149357.54,11855567.82,2963891.95,0.0,0.0,204270955764.06,21523196418.99,125924707017.41,98412462492.2,0,NORMAL
Manufaktur & Pengolahan,453314.57,150552.01,140511.31,11126222.95,2781555.74,0.0,0.0,198071654759.74,16118175517.32,155939249668.8,106607467411.11,0,NORMAL
Logam & Baja,255859.14,427939.6,438451.94,8230817.92,2057704.48,0.0,0.0,177875761565.43,77505687754.0,206866548372.74,190689573582.17,0,NORMAL
Logam & Baja,253065.07,399674.64,411537.08,7428744.11,1857186.03,0.0,0.0,160970252994.51,103384943095.95,162095952044.8,157133857012.08,0,NORMAL
Semen & Bahan Bangunan,468972.55,336660.22,341678.92,3250119.17,1074041.6,12239.28,337660.23,2872698498.29,4985493732.04,3254820944.72,7277215088.95,1,FUEL_COST_MISMATCH
Ketenagalistrikan & PLTU,898413.94,726132.29,736464.42,10852059.28,2713014.82,12788.73,0.0,180734289359.82,275851859218.15,0.0,118907037419.88,0,NORMAL
Ketenagalistrikan & PLTU,248005.49,198027.97,186285.21,2921287.75,730321.94,8754.32,0.0,49380306247.88,68558815167.81,0.0,43265903127.44,0,NORMAL
Ketenagalistrikan & PLTU,1239085.65,1226933.94,1159793.48,18043382.18,4510845.54,24618.87,0.0,429558389164.32,589187780983.6,0.0,219244941062.63,0,NORMAL
Logam & Baja,473617.97,1182922.92,1184076.02,24318893.06,6079723.26,0.0,0.0,509074066549.03,253577942509.34,595167891502.86,457361797324.95,0,NORMAL
Pulp & Kertas,386105.93,142101.18,145667.26,6323535.55,1580883.89,23788.08,0.0,126790760964.31,34464370889.17,77883129996.04,78458670358.74,0,NORMAL
Pulp & Kertas,726324.58,393517.01,420106.5,17746978.77,4436744.69,20070.72,0.0,368511187506.53,103056343268.67,294851420833.06,235184352151.23,0,NORMAL
Manufaktur & Pengolahan,433489.66,141667.7,146128.93,10665608.2,2666402.05,0.0,0.0,219320004647.54,21838930006.13,86924413893.11,84705760752.35,0,NORMAL
Ketenagalistrikan & PLTU,842379.0,723411.28,759186.97,10960941.68,2740235.42,13830.06,0.0,180033955681.45,282229643532.25,0.0,157885737406.23,0,NORMAL
Kelapa Sawit & CPO,674977.6,143837.95,138068.18,3020111.59,963899.35,14319.52,0.0,4136434324.24,10571573401.09,1996941140.82,8829021979.35,1,FUEL_COST_MISMATCH
Kelapa Sawit & CPO,435042.25,95264.73,96692.64,18924448.88,4731112.22,23368.52,0.0,354920220999.77,1631269457.16,0.0,49241611362.57,0,NORMAL
Semen & Bahan Bangunan,115816.56,98905.35,96841.78,1341943.35,335485.84,5189.02,83305.94,28363383214.81,14386066582.35,22334332894.04,18521311388.09,0,NORMAL
Kelapa Sawit & CPO,316584.53,56483.41,53536.19,11082930.19,2770732.55,10427.99,0.0,235675614112.43,981304294.61,0.0,31079437645.48,0,NORMAL
Pulp & Kertas,627990.76,35877.93,309415.81,6107733.8,1130984.23,609.99,0.0,122144279646.27,16823878406.02,1716146341.3,4862401796.4,1,EXTREME_YOY_COLLAPSE
Kelapa Sawit & CPO,484642.31,42036.37,67553.78,2862243.79,1408564.68,1014.4,0.0,63336681505.55,10650824962.02,4187467309.49,10079719586.42,1,UNDER_REPORTING_SUBTLE
Logam & Baja,449774.15,925064.32,977143.72,18278444.19,4569611.05,0.0,0.0,449783862293.86,220845012226.42,443271530695.54,451201159609.17,0,NORMAL
Logam & Baja,407067.43,758168.91,748216.92,14452186.54,3613046.63,0.0,0.0,312405144153.13,169194053300.46,287524370287.14,281250065066.94,0,NORMAL
Semen & Bahan Bangunan,332961.07,32630.65,192148.9,6895278.12,1249223.73,1237.2,239731.97,135807426151.56,4360759456.58,1594653029.62,4023552425.01,1,EXTREME_YOY_COLLAPSE
Pulp & Kertas,130372.55,71439.61,68905.28,3188986.11,797246.53,21042.29,0.0,63465606656.24,17365652624.07,55479135524.69,42484120010.33,0,NORMAL
Ketenagalistrikan & PLTU,1363952.14,1183042.1,1148574.57,17818296.86,4454574.21,9659.61,0.0,343039799086.07,382835603039.95,0.0,261089456536.5,0,NORMAL
Kelapa Sawit & CPO,639093.72,119799.27,114875.98,24126306.77,6031576.69,19575.54,0.0,402628550962.02,2421832702.96,0.0,74361196147.96,0,NORMAL
Semen & Bahan Bangunan,269827.2,148435.45,147851.27,1067001.74,266750.44,7419.62,202037.27,21966591912.58,12005483923.1,19811325568.27,14094806961.75,0,NORMAL
Kelapa Sawit & CPO,518776.34,6305.95,74201.92,3158102.38,543906.15,8445.64,0.0,61852909266.94,17608743443.46,3546153246.94,10766362672.19,1,EXTREME_YOY_COLLAPSE
Ketenagalistrikan & PLTU,762289.1,682164.93,657115.52,10116224.75,2529056.19,16693.21,0.0,252627548057.13,231104691247.68,0.0,128279635316.23,0,NORMAL
Ketenagalistrikan & PLTU,497185.76,402777.58,421978.59,6082723.95,1520680.99,18644.81,0.0,142142297981.96,198563938105.99,0.0,66992459414.39,0,NORMAL
Kelapa Sawit & CPO,483511.27,98388.1,93105.37,19411101.89,4852775.47,14547.29,0.0,367371104471.14,1328143250.5,0.0,53713032873.72,0,NORMAL
Ketenagalistrikan & PLTU,917271.72,849474.2,815831.94,12836666.25,3209166.56,19503.18,0.0,314490855710.45,339978265872.41,0.0,153282898531.66,0,NORMAL
Ketenagalistrikan & PLTU,733386.65,685280.38,660571.97,10146300.87,2536575.22,15705.32,0.0,218834061181.6,235085858858.57,0.0,151494782791.47,0,NORMAL
Kelapa Sawit & CPO,500582.98,87867.22,86674.59,17735701.64,4433925.41,2136.15,0.0,384190853899.94,1885363221.79,0.0,54317317663.63,0,NORMAL
Semen & Bahan Bangunan,681524.52,423099.31,396574.31,3913799.49,978449.87,19442.75,489290.63,92874265632.27,43222880403.27,73528931035.03,48958527560.76,0,NORMAL
Manufaktur & Pengolahan,685689.57,120444.08,112900.42,8940232.3,2235058.07,0.0,0.0,210375430944.27,18773118910.11,111177282583.16,66908214200.22,0,NORMAL
Pulp & Kertas,775065.47,368956.79,378573.94,16336841.61,4084210.4,8099.04,0.0,407648574857.57,67819818045.37,305159736824.28,232317111640.24,0,NORMAL
Manufaktur & Pengolahan,739579.91,176942.85,186753.61,13271355.39,3317838.85,0.0,0.0,250344575226.31,22923081381.75,124121450327.25,106545182879.78,0,NORMAL
Semen & Bahan Bangunan,789117.35,491129.93,459998.77,4287490.71,1071872.68,4537.39,581963.88,91846133831.5,68541329810.14,86638362433.41,59087107731.78,0,NORMAL
Logam & Baja,153497.54,364531.37,378193.01,7532781.66,1883195.41,0.0,0.0,169429234843.78,71518574083.06,192456786002.94,170263800190.33,0,NORMAL
Kelapa Sawit & CPO,183334.7,8480.82,22318.31,2746644.26,1427545.67,2319.67,0.0,55227328583.02,16337096265.41,3470493870.17,10975573802.95,1,UNDER_REPORTING_FRAUD
Kelapa Sawit & CPO,170151.3,25324.45,26720.09,5100653.75,1275163.44,21286.02,0.0,114076901378.35,319836637.0,0.0,14695955555.35,0,NORMAL
Kelapa Sawit & CPO,290179.77,50219.53,49860.2,9990491.94,2497622.98,23374.78,0.0,165192850424.77,611730754.84,0.0,32049883156.33,0,NORMAL
Manufaktur & Pengolahan,218249.27,67362.54,65531.88,4967117.21,1241779.3,0.0,0.0,119185249949.95,10044878411.04,69571382081.76,38364709985.44,0,NORMAL
Pulp & Kertas,128480.16,64650.47,66602.92,2882479.13,720619.78,646.51,0.0,52836072578.83,12785915375.06,44259892253.32,39694088751.67,0,NORMAL
Pulp & Kertas,709640.54,121208.22,337647.59,3856633.05,1442453.17,6338.16,532230.41,80903782055.99,8888217152.88,5325143447.36,3210421982.66,1,UNREPORTED_PROCESS_EMISSIONS
Logam & Baja,73938.03,136893.29,132099.01,2720133.63,680033.41,0.0,0.0,66325692954.89,28403818466.59,74572164937.24,62148107698.84,0,NORMAL
Ketenagalistrikan & PLTU,582082.05,166685.47,493519.52,3969174.64,1558076.45,12790.18,436561.54,75979023580.43,7584365094.51,2279949008.68,5369923870.86,1,UNREPORTED_PROCESS_EMISSIONS
Logam & Baja,273631.55,559450.13,582464.12,11477955.95,2869488.99,0.0,0.0,196863111333.39,129895716619.22,245989060986.89,283904534564.17,0,NORMAL
Manufaktur & Pengolahan,596738.46,152144.97,148710.16,11497388.3,2874347.08,0.0,0.0,212366740250.09,24147433326.08,97333271614.79,112750458660.02,0,NORMAL
Manufaktur & Pengolahan,767849.56,6564.46,276198.62,8121706.06,1553713.32,14269.86,0.0,179090526028.6,9238561483.86,5246658528.55,11839096373.99,1,IMPOSSIBLE_PRODUCTION_INTENSITY
Logam & Baja,258733.69,548848.65,532703.85,11046653.27,2761663.32,0.0,0.0,243379325884.59,137998512269.37,269959669284.35,230257277116.23,0,NORMAL
Semen & Bahan Bangunan,218304.3,9493.96,96724.61,4563498.73,987498.71,14704.58,157179.09,94361564834.43,5895297020.36,3767638843.58,4512092238.44,1,EXTREME_YOY_COLLAPSE
Manufaktur & Pengolahan,611174.92,180425.24,191316.41,13618456.25,3404614.06,0.0,0.0,263115043857.65,24299566571.31,177663675275.27,104555694961.81,0,NORMAL
Pulp & Kertas,668191.95,346137.21,328550.87,15393734.89,3848433.72,13496.91,0.0,253115140068.93,97479228038.36,255135448991.38,181989155206.4,0,NORMAL
Pulp & Kertas,179942.26,61359.85,58708.55,2717705.78,679426.45,4401.82,0.0,62291448471.13,13552644396.62,39067650270.15,37679736561.2,0,NORMAL
Pulp & Kertas,229205.45,5177.22,113122.13,5264184.35,998367.86,13179.24,0.0,112408395495.58,5209101400.65,3076080507.72,11638419578.2,1,IMPOSSIBLE_PRODUCTION_INTENSITY
Pulp & Kertas,322078.34,179064.48,179013.15,8115007.88,2028751.97,5976.21,0.0,165896983360.02,38818513076.27,111218441899.81,106175605934.43,0,NORMAL
Pulp & Kertas,338387.89,210631.71,203633.27,9296857.1,2324214.27,10662.92,0.0,192620826650.81,40707647965.42,176946987900.03,131499617023.89,0,NORMAL
Logam & Baja,349924.07,625661.12,591898.04,11759128.08,2939782.02,0.0,0.0,206927495454.45,95143449364.51,333088009271.37,246315126006.92,0,NORMAL
Semen & Bahan Bangunan,140123.56,91754.82,89803.28,925302.86,231325.72,22202.89,98784.97,15379676935.16,17188175689.76,13220539866.42,12431035813.09,0,NORMAL
Kelapa Sawit & CPO,103379.37,24080.88,23623.53,4789415.05,1197353.76,18554.24,0.0,101294591256.15,311086916.26,0.0,16059336461.36,0,NORMAL
Kelapa Sawit & CPO,99272.8,14728.2,15029.62,2898474.09,724618.52,13404.79,0.0,61858961605.56,305094151.54,0.0,9553042518.31,0,NORMAL
Kelapa Sawit & CPO,730485.26,149140.89,141699.57,29963615.55,7490903.89,18476.83,0.0,532178888774.41,2975422604.07,0.0,76866016450.21,0,NORMAL
Manufaktur & Pengolahan,310277.12,58127.3,58466.95,4304394.12,1076098.53,0.0,0.0,88124684709.95,6010528914.21,51746012256.35,45101259911.25,0,NORMAL
Ketenagalistrikan & PLTU,1273726.08,1099139.16,1052450.96,16329937.01,4082484.25,21644.09,0.0,275231774590.35,432363025070.69,0.0,243128320469.93,0,NORMAL
Manufaktur & Pengolahan,709367.0,150778.26,144094.73,11360646.41,2840161.6,0.0,0.0,217949103674.53,21854183004.52,126107159853.6,117876159313.71,0,NORMAL
Ketenagalistrikan & PLTU,826879.71,913401.63,945907.06,13648885.36,3412221.34,14752.58,0.0,226990193697.48,334674685159.16,0.0,171794544111.84,0,NORMAL
Ketenagalistrikan & PLTU,1445405.14,1328267.13,1267461.58,19778574.93,4944643.73,1581.36,0.0,488311454604.69,711055829059.59,0.0,289356599242.75,0,NORMAL
Ketenagalistrikan & PLTU,1264482.82,1276323.98,1222832.53,19219098.82,4804774.7,18665.4,0.0,355381175142.1,391886079835.19,0.0,268543476343.77,0,NORMAL
Logam & Baja,257269.63,482091.95,494304.32,9122795.53,2280698.88,0.0,0.0,166207837922.44,118918389250.08,157768485190.4,209600800733.05,0,NORMAL
Semen & Bahan Bangunan,762974.75,628948.3,605278.42,8215138.09,2053784.52,19638.08,542464.33,195397769378.8,155157593551.48,113614272030.53,106041934772.62,0,NORMAL
Logam & Baja,129233.42,249251.4,263323.99,5001901.7,1250475.42,0.0,0.0,94061564472.98,73358968008.02,148798968670.91,106889090906.67,0,NORMAL
Manufaktur & Pengolahan,775076.11,174896.11,165034.71,12929333.83,3232333.46,0.0,0.0,316343767793.42,18701589197.41,162174202434.15,134414527251.03,0,NORMAL
Logam & Baja,285207.44,462565.18,477590.83,8318681.65,2079670.41,0.0,0.0,160312258044.01,118034246451.89,141056059548.99,170053364063.35,0,NORMAL
Manufaktur & Pengolahan,371902.65,20225.82,126943.23,5249903.66,1704333.87,13833.4,0.0,114456179948.95,16236797946.79,2204632956.01,6579968736.0,1,UNDER_REPORTING_FRAUD
Pulp & Kertas,529505.07,250998.04,238999.56,11105076.66,2776269.16,20786.03,0.0,268605292770.28,58891524361.48,163341894650.02,157337303803.54,0,NORMAL
Kelapa Sawit & CPO,277328.48,54801.17,55756.89,10959662.08,2739915.52,3496.7,0.0,193459607185.79,847671951.67,0.0,33493636311.75,0,NORMAL
Semen & Bahan Bangunan,663812.06,471699.31,451809.7,5441925.98,1360481.49,17606.92,458160.08,125260558738.77,70186378963.08,83580434274.13,67799059886.38,0,NORMAL
Logam & Baja,219237.45,436176.36,449279.34,8882243.58,2220560.9,0.0,0.0,175618825425.8,117992924397.41,158006179052.13,208666230125.92,0,NORMAL
Logam & Baja,299906.49,629845.23,632594.3,12643339.3,3160834.82,0.0,0.0,257661676227.11,146593019741.13,346337188127.14,273436768827.55,0,NORMAL
Pulp & Kertas,668525.7,3987.0,269943.22,8298976.25,627508.58,13836.52,0.0,160768383472.57,10243881252.38,6963611012.35,10527024484.25,1,IMPOSSIBLE_PRODUCTION_INTENSITY
Ketenagalistrikan & PLTU,1316474.71,1064296.02,1029532.93,15746256.23,3936564.06,23466.33,0.0,289073147885.25,346476043057.84,0.0,185281967978.39,0,NORMAL
Logam & Baja,298398.93,528513.73,503995.02,10019308.14,2504827.03,0.0,0.0,223663621920.51,102652127294.87,209079320562.06,199261814813.73,0,NORMAL
Manufaktur & Pengolahan,561747.87,3818.58,203690.99,6419643.63,1766034.79,11083.49,0.0,134719483306.54,15080926775.99,4517672706.24,13848709101.39,1,IMPOSSIBLE_PRODUCTION_INTENSITY
Kelapa Sawit & CPO,742390.27,114380.83,109986.91,22962563.21,5740640.8,20711.16,0.0,371098403001.82,2465590325.9,0.0,56162176861.2,0,NORMAL
Manufaktur & Pengolahan,85421.86,36060.73,34510.66,2705355.28,676338.82,0.0,0.0,56397723439.51,3890792687.79,34614339872.27,24941694855.77,0,NORMAL
Kelapa Sawit & CPO,509758.82,113961.66,116442.95,22543693.82,5635923.45,17860.88,0.0,400480959199.89,1898397363.51,0.0,55058927678.85,0,NORMAL
Ketenagalistrikan & PLTU,1112130.24,989792.2,992614.81,14736210.3,3684052.57,21910.19,0.0,361680765677.26,298979060635.51,0.0,181865090259.87,0,NORMAL
Ketenagalistrikan & PLTU,1129064.93,1104696.25,1103125.95,16361178.41,4090294.6,665.49,0.0,381149993837.33,480873315150.41,0.0,217065794465.91,0,NORMAL
Ketenagalistrikan & PLTU,134363.26,132667.37,136039.26,1967618.58,491904.64,1146.45,0.0,49067438632.95,57159855592.61,0.0,25607895788.07,0,NORMAL
Logam & Baja,136490.45,257602.8,249841.43,5136388.96,1284097.24,0.0,0.0,104703617905.64,43064666875.84,138855787991.57,93485215075.89,0,NORMAL
Logam & Baja,329688.0,683757.86,651524.48,13682636.53,3420659.13,0.0,0.0,336463839963.19,182641889268.73,235171093854.51,290200168465.75,0,NORMAL
Semen & Bahan Bangunan,894159.56,575325.01,545114.21,5655965.01,1413991.25,18329.19,646859.21,139865798983.19,59049627636.31,76899488568.98,62090967899.73,0,NORMAL
Kelapa Sawit & CPO,767265.57,145834.24,149071.95,29390287.82,7347571.96,2521.34,0.0,709204142454.16,1941453188.5,0.0,93287836382.88,0,NORMAL
Ketenagalistrikan & PLTU,1008217.25,1142416.25,1111403.17,16844038.33,4211009.58,24484.45,0.0,311560483179.16,625716276760.04,0.0,252176732885.0,0,NORMAL
Pulp & Kertas,787843.98,375546.17,364194.25,16723201.79,4180800.45,6149.23,0.0,305201743555.26,80395247855.85,223461008029.99,182193139780.41,0,NORMAL
Pulp & Kertas,157227.52,76680.01,75169.26,3404009.93,851002.48,4721.3,0.0,79044898040.61,19770857869.29,52783860866.54,36903670189.28,0,NORMAL
Pulp & Kertas,632385.27,271600.24,280543.39,12130856.73,3032714.18,3213.77,0.0,268574568408.2,70628584094.21,236454274401.37,170216240228.01,0,NORMAL
Logam & Baja,377825.5,677091.01,633439.81,12957656.94,3239414.24,0.0,0.0,262106736762.91,134032773595.38,286634964192.7,288360689487.83,0,NORMAL
Ketenagalistrikan & PLTU,1409910.05,1407781.07,1364739.12,20962610.98,5240652.74,10654.4,0.0,341133168460.19,645868412009.39,0.0,304221528534.11,0,NORMAL
Logam & Baja,219391.05,361711.39,351878.59,7059019.48,1764754.87,0.0,0.0,175373669970.18,57215397438.04,177469378826.6,158885940208.45,0,NORMAL
Kelapa Sawit & CPO,898896.43,176966.74,172118.01,35585603.57,8896400.89,14608.02,0.0,778949672602.45,3584217301.96,0.0,92040109614.9,0,NORMAL
Manufaktur & Pengolahan,355052.92,112787.88,118464.96,8364523.85,2091130.96,0.0,0.0,138341224917.66,18015220034.19,107032949911.71,78458853555.74,0,NORMAL
Pulp & Kertas,357914.53,170656.07,174859.3,7753080.88,1938270.22,14874.6,0.0,184188669882.12,48187463880.93,88540462856.39,101837021387.33,0,NORMAL
Ketenagalistrikan & PLTU,121835.28,73490.32,100971.78,5224711.57,962538.03,7561.88,0.0,110238413443.21,18988881680.84,1009517113.19,12680108663.75,1,UNDER_REPORTING_SUBTLE
Kelapa Sawit & CPO,184860.31,19826.11,19848.59,3927595.71,981898.93,24613.87,0.0,77960279035.23,277307031.33,0.0,10861171998.81,0,NORMAL
Pulp & Kertas,224921.68,92651.58,90966.94,4166105.6,1041526.4,14930.7,0.0,71130158734.95,26162249862.73,75620336495.56,58434620031.18,0,NORMAL
Manufaktur & Pengolahan,194940.33,63805.61,65995.02,4744409.95,1186102.49,0.0,0.0,115675261383.25,8939544755.0,43069364016.82,49349452055.51,0,NORMAL
Manufaktur & Pengolahan,290065.14,61543.63,65751.29,4657096.85,1164274.21,0.0,0.0,103740767374.23,8887780256.3,48734512234.54,43519702058.95,0,NORMAL
Semen & Bahan Bangunan,365644.21,242614.71,238119.94,2646551.95,661637.99,22689.42,256373.88,64639732775.97,47700441931.49,54327813342.88,33265472469.86,0,NORMAL
Pulp & Kertas,460205.84,213641.17,206075.48,9552202.67,2388050.67,20354.68,0.0,190602519023.09,38235887636.52,182811966405.83,136325925239.98,0,NORMAL
Manufaktur & Pengolahan,496841.39,110654.33,113082.72,8237138.05,2059284.51,0.0,0.0,143242467220.67,11171741350.92,111744156688.1,83862761274.37,0,NORMAL
Kelapa Sawit & CPO,112420.76,21643.72,22537.52,4329916.39,1082479.1,9646.05,0.0,93673737575.79,275139699.16,0.0,13853086485.12,0,NORMAL
Manufaktur & Pengolahan,852696.28,338305.16,324784.13,24931548.59,6232887.15,0.0,0.0,609906904091.84,43412109976.44,355068332909.17,246423235152.51,0,NORMAL
Logam & Baja,473552.63,910631.32,891759.01,18065825.62,4516456.41,0.0,0.0,325096534941.42,197446256382.45,361093990638.95,406251663876.1,0,NORMAL
Manufaktur & Pengolahan,190481.75,41052.74,39148.44,3057758.51,764439.63,0.0,0.0,64124535269.67,4294694512.23,28448340507.79,24736108895.54,0,NORMAL
Ketenagalistrikan & PLTU,313452.52,302665.54,292928.49,4513326.72,1128331.68,3385.03,0.0,102050577201.14,144650587894.5,0.0,48304350783.64,0,NORMAL
Ketenagalistrikan & PLTU,827205.46,612272.59,636729.49,9259762.65,2314940.66,21516.18,0.0,215256221510.52,293375898885.44,0.0,112354888313.34,0,NORMAL
Pulp & Kertas,648541.65,7919.24,314462.55,4529726.37,990719.38,870.22,0.0,98863663173.69,16579577392.59,5485991931.0,8402717431.52,1,IMPOSSIBLE_PRODUCTION_INTENSITY
Semen & Bahan Bangunan,827850.42,591184.68,606002.48,6215478.64,1553869.66,5773.48,619682.38,106821023724.37,85513723629.01,89085501761.53,84386573032.25,0,NORMAL
Pulp & Kertas,206895.96,100555.42,94180.41,4475133.26,1118783.32,10132.02,0.0,77855656156.85,22369564339.0,55456136665.6,55224734680.89,0,NORMAL
Logam & Baja,484872.55,1135164.16,1073233.26,22627559.68,5656889.92,0.0,0.0,365404250583.09,269697572501.5,517596890289.99,525525435805.02,0,NORMAL
Semen & Bahan Bangunan,286349.53,204845.68,217187.14,2426329.97,606582.49,11691.13,200999.58,50468147797.61,30315441212.48,48792478052.97,32066473949.22,0,NORMAL
Pulp & Kertas,797624.53,280166.32,277248.01,12597378.2,3149344.55,13310.26,0.0,289906120570.24,57316646608.93,195401243414.98,143311218179.64,0,NORMAL
Manufaktur & Pengolahan,655596.1,137392.08,132814.6,10121157.57,2530289.39,0.0,0.0,206394008903.84,12782625000.53,123912264546.61,95590139414.96,0,NORMAL
Ketenagalistrikan & PLTU,524673.4,434878.97,421931.28,6443886.61,1610971.65,11380.18,0.0,115858333733.14,223409566887.04,0.0,71984048369.67,0,NORMAL
Ketenagalistrikan & PLTU,1457977.44,1324109.78,1399374.69,19760223.17,4940055.79,11499.63,0.0,432777592426.53,598810022938.38,0.0,210402458374.82,0,NORMAL
Logam & Baja,495322.59,880677.88,875587.07,16457149.35,4114287.34,0.0,0.0,384536529587.19,193102104844.88,349694805299.89,307725624063.68,0,NORMAL
Logam & Baja,94112.88,168713.24,159896.35,3200776.75,800194.19,0.0,0.0,73577258719.18,46791086356.91,62411314067.96,70290596882.39,0,NORMAL
Logam & Baja,79825.05,159237.77,155843.92,3093215.98,773304.0,0.0,0.0,57839307192.0,38100472739.7,91345403030.99,72965284266.86,0,NORMAL
Manufaktur & Pengolahan,757186.93,55884.96,166254.01,5367574.89,1632113.04,10531.46,567890.19,112092982671.09,18145090782.81,6442910558.87,10151716418.58,1,UNREPORTED_PROCESS_EMISSIONS
Pulp & Kertas,160273.32,19873.4,52734.44,6144565.88,1547325.57,7315.04,0.0,127366308222.59,6905395510.63,5073171156.33,13831237722.57,1,UNDER_REPORTING_FRAUD
Pulp & Kertas,507474.0,215219.44,217210.16,9600988.55,2400247.14,21768.43,0.0,173151798601.71,51503052264.97,144602006274.22,131794086743.2,0,NORMAL
Kelapa Sawit & CPO,869190.09,185475.6,194682.9,36561820.98,9140455.24,5289.81,0.0,773014711425.21,2705397804.78,0.0,107009419127.54,0,NORMAL
Kelapa Sawit & CPO,176327.46,37389.59,39127.24,7484227.82,1871056.95,23441.07,0.0,182987272154.54,735438465.8,0.0,20016117932.28,0,NORMAL
Manufaktur & Pengolahan,471564.44,134147.4,129081.61,9987740.85,2496935.21,0.0,0.0,212453052805.17,13541116593.13,107190451655.77,89096158801.72,0,NORMAL
Pulp & Kertas,309095.04,157197.08,153595.7,7126629.62,1781657.4,3214.88,0.0,170888665537.68,36775420978.31,102960131534.18,79730803974.42,0,NORMAL
Pulp & Kertas,530583.47,243740.01,239923.0,11004050.44,2751012.61,20380.57,0.0,220866629894.8,64991508492.4,191479078380.24,151786571176.16,0,NORMAL
Pulp & Kertas,731894.01,267172.02,431667.62,4038693.47,1147307.83,13471.14,0.0,78858901919.77,16693959796.24,4197280157.95,4939706266.47,1,UNDER_REPORTING_SUBTLE
Kelapa Sawit & CPO,619226.44,88516.65,85182.18,17582097.06,4395524.27,728.03,0.0,284650547077.59,1374224880.82,0.0,49482653892.61,0,NORMAL
Kelapa Sawit & CPO,193013.53,6683.49,37990.45,6938123.22,680424.97,10236.76,0.0,153638861253.19,15912634623.23,5906543264.51,8229965095.8,1,EXTREME_YOY_COLLAPSE
Manufaktur & Pengolahan,660495.77,139969.76,149100.39,10557289.36,2639322.34,0.0,0.0,199971097261.24,14973094209.5,148223836785.33,101944169720.46,0,NORMAL
Ketenagalistrikan & PLTU,727237.16,685219.79,697049.63,10129671.45,2532417.86,12799.42,0.0,183103847057.45,319344449937.91,0.0,111221057022.96,0,NORMAL
Kelapa Sawit & CPO,561987.77,121711.42,118217.51,24446673.38,6111668.35,14521.89,0.0,428908414423.59,2242428244.39,0.0,74094589691.5,0,NORMAL
Manufaktur & Pengolahan,306173.6,99427.87,99252.13,7376867.24,1844216.81,0.0,0.0,147713671088.08,12442767574.5,82624078669.44,63011890745.31,0,NORMAL
Kelapa Sawit & CPO,638520.66,111788.75,116936.42,22021423.09,5505355.77,10767.02,0.0,489329209383.36,2043941743.1,0.0,73736484875.79,0,NORMAL
Manufaktur & Pengolahan,691744.11,248009.42,239800.5,18508980.37,4627245.09,0.0,0.0,398451041162.87,23991980161.61,228829495505.89,178071862922.21,0,NORMAL
Pulp & Kertas,375314.81,178821.08,178203.67,8072331.23,2018082.81,11977.55,0.0,149312724801.92,41539061256.25,109434070186.4,99151725488.09,0,NORMAL
Kelapa Sawit & CPO,394562.67,81562.26,84745.58,16319679.08,4079919.77,12915.97,0.0,405794013719.27,1722947376.03,0.0,40373239652.52,0,NORMAL
Semen & Bahan Bangunan,416175.21,6263.22,287512.13,2963109.09,775429.04,3750.49,299646.15,58049739385.7,10503464025.96,3685062711.3,7357073109.53,1,IMPOSSIBLE_PRODUCTION_INTENSITY
Ketenagalistrikan & PLTU,1039224.69,926407.81,898485.76,13778495.84,3444623.96,1372.27,0.0,334403292221.58,412005268403.99,0.0,169147008982.82,0,NORMAL
Logam & Baja,78053.64,139544.85,135662.0,2684536.27,671134.07,0.0,0.0,65852622816.17,29889339317.59,68921182474.11,62609619207.65,0,NORMAL
Kelapa Sawit & CPO,775195.3,125613.48,131176.12,24867179.8,6216794.95,21292.26,0.0,437158104387.47,1800377332.0,0.0,73520851529.9,0,NORMAL
Kelapa Sawit & CPO,325344.43,49949.06,48870.04,9805461.83,2451365.46,18709.73,0.0,210827990583.24,763079828.11,0.0,26558396588.8,0,NORMAL
Manufaktur & Pengolahan,680919.53,173492.04,181664.27,12843671.37,3210917.84,0.0,0.0,255332283587.35,24173963144.06,109586130619.41,97934796016.1,0,NORMAL
Kelapa Sawit & CPO,174009.3,31010.54,31626.7,6177665.05,1544416.26,10875.52,0.0,126009814592.49,467402156.44,0.0,18202808090.69,0,NORMAL
Pulp & Kertas,795495.34,270945.7,258277.32,12104201.05,3026050.26,18165.31,0.0,239882605384.34,71257397737.24,224900271854.13,133305147090.6,0,NORMAL
Ketenagalistrikan & PLTU,1397297.2,1343779.01,1343051.67,20333572.99,5083393.25,22134.66,0.0,368565318915.56,616688634987.51,0.0,301375409622.65,0,NORMAL
Ketenagalistrikan & PLTU,1477480.92,1243786.32,1196898.98,18690927.57,4672731.89,17991.46,0.0,460269532443.49,422807367873.96,0.0,229431373039.91,0,NORMAL
Kelapa Sawit & CPO,246373.59,71181.5,67018.57,14011528.86,3502882.22,8135.12,0.0,278259342486.86,1066906994.49,0.0,43208474568.48,0,NORMAL
Ketenagalistrikan & PLTU,795362.9,687914.06,694205.02,10158861.13,2539715.28,13309.22,0.0,190602622126.84,301606063003.38,0.0,130484904998.33,0,NORMAL
Semen & Bahan Bangunan,498623.75,321168.12,308046.38,3069973.89,767493.47,12569.41,364335.21,71325628156.99,58645171882.85,45155378319.94,36409649860.87,0,NORMAL
Manufaktur & Pengolahan,366375.22,88142.34,85483.49,6532202.74,1633050.68,0.0,0.0,105358517973.97,14091488169.65,59131122088.18,52851196560.05,0,NORMAL
Semen & Bahan Bangunan,506468.7,257823.18,260466.05,1860997.36,465249.34,12720.42,360410.29,32348112877.28,29991290498.11,32173731249.71,23637717711.67,0,NORMAL
Pulp & Kertas,498930.75,168349.16,174999.01,7573306.7,1893326.67,19014.89,0.0,157712870473.5,39721538538.88,117052953127.99,81436741008.84,0,NORMAL
Pulp & Kertas,682101.38,355325.55,369865.81,6207807.43,1652762.91,13494.39,0.0,5203314059.41,18733425765.41,5204616391.21,12487776883.14,1,FUEL_COST_MISMATCH
Logam & Baja,466886.62,832503.77,813311.68,16090098.27,4022524.57,0.0,0.0,333955908228.99,189883982499.23,463379367103.31,301302404582.01,0,NORMAL
Ketenagalistrikan & PLTU,1006238.74,942487.83,952776.91,14227701.56,3556925.39,23353.89,0.0,322084608652.48,414287466875.74,0.0,168508066113.35,0,NORMAL
Ketenagalistrikan & PLTU,395833.28,403743.43,424873.15,6053730.46,1513432.62,2035.81,0.0,134024756064.56,124002463714.77,0.0,89976794202.94,0,NORMAL
Ketenagalistrikan & PLTU,1463355.88,1451027.32,1359123.14,21442883.73,5360720.93,19504.2,0.0,404724671784.06,591655424893.66,0.0,300210966938.18,0,NORMAL
Pulp & Kertas,233548.79,91902.25,86773.66,4129943.97,1032485.99,11206.76,0.0,88474686556.67,24225813032.82,70359033996.26,52473403525.67,0,NORMAL
Ketenagalistrikan & PLTU,655736.1,615669.84,610601.88,7488563.73,1157442.15,6484.44,0.0,3592534851.83,13618211679.84,1363429180.07,8593478689.81,1,FUEL_COST_MISMATCH
Kelapa Sawit & CPO,241475.28,13229.33,19420.0,6677288.8,1758208.78,13883.37,0.0,149677881039.24,17385870842.32,2413364088.44,7005399359.12,1,UNDER_REPORTING_SUBTLE
Logam & Baja,201454.85,375215.45,377866.17,7426584.71,1856646.18,0.0,0.0,182562352731.39,82486195825.48,138793432504.18,158288841312.59,0,NORMAL
Ketenagalistrikan & PLTU,489590.95,464336.0,479419.37,6913792.74,1728448.18,13800.21,0.0,118950986178.74,217547045193.77,0.0,84380072024.56,0,NORMAL
Logam & Baja,448746.83,829059.91,864950.17,15518021.97,3879505.49,0.0,0.0,360005633579.04,234472713730.78,354738801437.15,320922202863.51,0,NORMAL
Pulp & Kertas,747296.11,187213.4,330247.92,6535874.82,704545.75,9458.04,0.0,133453034286.98,9816302730.7,3624340904.83,9398137720.77,1,UNDER_REPORTING_SUBTLE
Pulp & Kertas,603407.7,296023.75,310716.09,13294475.34,3323618.83,2162.04,0.0,295091933960.83,61185519665.69,226109848788.85,155147204335.24,0,NORMAL
Pulp & Kertas,327799.49,141266.09,133840.78,6245175.5,1561293.87,832.64,0.0,154035432463.73,28365326788.29,116090763523.5,76160842919.71,0,NORMAL
Kelapa Sawit & CPO,394985.82,81726.57,78439.17,16433248.15,4108312.04,10754.79,0.0,325387275656.25,1415573713.69,0.0,43898636610.35,0,NORMAL
Pulp & Kertas,572011.18,207213.82,192832.57,9161437.4,2290359.35,20249.64,0.0,199142726671.26,40730651622.08,154429246382.84,103015222487.23,0,NORMAL
Pulp & Kertas,709030.62,251383.37,252111.64,11244032.31,2811008.08,12801.72,0.0,235970999669.78,66882571264.46,204533671346.49,135247472923.67,0,NORMAL
Manufaktur & Pengolahan,450799.03,127336.23,122777.18,9508105.76,2377026.44,0.0,0.0,209604000703.41,14900578953.59,103177949852.13,78932134889.7,0,NORMAL
Ketenagalistrikan & PLTU,1272307.97,1359014.61,1332278.23,19987334.63,4996833.66,1145.18,0.0,369496403395.57,585286531927.96,0.0,251086289702.41,0,NORMAL
Ketenagalistrikan & PLTU,1181932.96,1089034.66,1126373.4,16236625.76,4059156.44,24078.43,0.0,333093794703.32,464977069754.42,0.0,239978884134.86,0,NORMAL
Pulp & Kertas,655191.91,305142.89,287856.18,13493211.51,3373302.88,23427.62,0.0,268445768081.92,84802059884.77,223968987811.31,192538362530.67,0,NORMAL
Manufaktur & Pengolahan,749097.82,238457.97,229921.32,17558105.2,4389526.3,0.0,0.0,436865146807.15,38527525653.64,202527014406.35,177494932164.26,0,NORMAL
Logam & Baja,350435.87,362047.69,570858.43,2863237.16,1073852.27,8117.86,0.0,63292819729.13,7817998146.88,5694204440.39,12586247085.33,1,UNDER_REPORTING_SUBTLE
Kelapa Sawit & CPO,345484.86,48395.22,48053.37,9525917.91,2381479.48,10755.95,0.0,186344002043.22,680630525.05,0.0,25366058988.15,0,NORMAL
Kelapa Sawit & CPO,886743.15,201951.37,188965.49,39822624.26,9955656.07,8135.25,0.0,948025336101.67,2435830205.83,0.0,103874006006.7,0,NORMAL
Manufaktur & Pengolahan,527227.27,188007.46,186478.1,6442776.46,1379780.98,13142.73,0.0,3577416977.08,15442150990.18,6813502055.08,6357291455.88,1,FUEL_COST_MISMATCH
Kelapa Sawit & CPO,477827.01,74051.8,78282.97,14735070.38,3683767.59,18117.31,0.0,361998478143.53,1164793019.04,0.0,43136523636.54,0,NORMAL
Semen & Bahan Bangunan,778994.45,504352.42,473310.75,4970489.81,1242622.45,24293.3,550635.1,106280278819.64,80092346896.29,75424268355.0,64711443183.11,0,NORMAL
Logam & Baja,265267.95,485058.18,484361.56,9303732.69,2325933.17,0.0,0.0,226906968562.27,131752056847.63,164621737602.52,201079727024.69,0,NORMAL
Ketenagalistrikan & PLTU,853942.61,891841.76,849255.16,13216109.87,3304027.47,19099.3,0.0,321032862844.62,277649539586.05,0.0,191806200429.37,0,NORMAL
Ketenagalistrikan & PLTU,1297336.48,1330072.79,1296935.65,19850409.84,4962602.46,24942.69,0.0,470002343669.12,744080091363.2,0.0,282167822613.93,0,NORMAL
Ketenagalistrikan & PLTU,494675.85,466060.95,462353.97,6921884.14,1730471.03,6793.58,0.0,159231255254.42,245605158229.94,0.0,85888969775.01,0,NORMAL
Manufaktur & Pengolahan,474328.23,150831.02,150182.58,11394205.53,2848551.38,0.0,0.0,278464244856.52,17890582776.14,122787766797.18,118805888023.82,0,NORMAL
Manufaktur & Pengolahan,334771.68,22939.82,73609.76,4500979.04,765661.51,11652.57,0.0,93739568748.07,12943419506.44,4590100743.5,9279427802.01,1,UNDER_REPORTING_FRAUD
Logam & Baja,478233.16,970115.75,940174.43,19568185.09,4892046.27,0.0,0.0,437881343540.38,281753424727.92,486015022214.58,412289296808.84,0,NORMAL
Manufaktur & Pengolahan,202488.46,65521.78,61477.07,4872099.42,1218024.86,0.0,0.0,96662915685.68,7331221779.12,65411646554.27,49698786488.35,0,NORMAL
Semen & Bahan Bangunan,437073.87,219213.03,217336.76,1564650.51,391162.63,22650.11,311814.32,35040017718.96,29724976905.25,28902915952.12,17931545885.09,0,NORMAL
Ketenagalistrikan & PLTU,357923.29,300273.55,302010.78,4527803.23,1131950.81,15994.0,0.0,102130427021.89,162264306182.33,0.0,51151879976.68,0,NORMAL
Semen & Bahan Bangunan,549601.26,360912.61,349568.35,3314678.73,828669.68,22543.11,415108.05,76603933640.41,38165665172.71,51792876844.69,33833640677.66,0,NORMAL
Semen & Bahan Bangunan,458540.57,425749.79,423418.9,6031086.97,1507771.74,19597.83,318496.1,100966375541.16,111410310229.55,82732655198.37,64976826499.77,0,NORMAL
Logam & Baja,361457.37,797710.69,839510.28,16049978.49,4012494.62,0.0,0.0,326426005948.37,137381560379.28,321307564148.0,348488390381.22,0,NORMAL
Pulp & Kertas,718875.99,240546.45,240691.32,10679742.61,2669935.65,22210.88,0.0,191731549167.97,37181390854.88,120008058899.61,132496999485.03,0,NORMAL
Manufaktur & Pengolahan,225589.53,69329.07,70982.85,5140743.32,1285185.83,0.0,0.0,105570112936.38,8316191179.03,53506591717.83,45187639748.32,0,NORMAL
Manufaktur & Pengolahan,767298.85,216170.13,215236.1,16269836.81,4067459.2,0.0,0.0,349935664971.06,19875996690.78,144186050937.41,129946231040.63,0,NORMAL
Kelapa Sawit & CPO,705151.46,150943.49,149625.55,30255034.78,7563758.69,17190.78,0.0,677018104678.23,1826825806.21,0.0,73566726529.48,0,NORMAL
Logam & Baja,165855.98,266654.56,276666.86,4911321.72,1227830.43,0.0,0.0,92819867161.37,59349866915.55,117341690270.47,112376229599.97,0,NORMAL
Logam & Baja,472101.22,944393.67,946849.89,19094931.3,4773732.82,0.0,0.0,413638906885.55,285905927993.67,330186734769.16,376033397703.51,0,NORMAL
Logam & Baja,637553.16,258571.91,977523.55,2812662.58,1607017.68,12630.95,0.0,62580194112.36,11369293690.76,6245081215.07,6649379449.65,1,UNDER_REPORTING_FRAUD
Pulp & Kertas,379491.21,136757.69,139928.21,6072498.01,1518124.5,18330.46,0.0,125854768682.36,26021677008.65,101425178062.32,80246562943.06,0,NORMAL
Ketenagalistrikan & PLTU,558623.27,528242.5,509876.2,7849470.61,1962367.65,3868.76,0.0,168085110408.22,217991235080.03,0.0,105593154098.14,0,NORMAL
Semen & Bahan Bangunan,425424.02,193009.88,183476.37,1371516.25,342879.06,3186.59,306535.78,25191754106.71,26171192214.17,23088918876.08,15213893693.51,0,NORMAL
Logam & Baja,421210.33,760200.58,713682.93,14158102.08,3539525.52,0.0,0.0,277504869667.85,159019646214.31,392606091569.87,338409827723.0,0,NORMAL
Manufaktur & Pengolahan,845797.07,254141.95,238393.7,18768501.81,4692125.45,0.0,0.0,463987090532.61,27761971541.28,222961845343.66,195656532154.07,0,NORMAL
Semen & Bahan Bangunan,207961.47,90911.92,145394.89,3432934.85,1672898.52,1348.57,149732.26,72798429158.09,10937738565.04,6712611990.57,7682794595.15,1,UNDER_REPORTING_SUBTLE
Kelapa Sawit & CPO,319501.05,59101.73,61560.44,11773716.16,2943429.04,2093.52,0.0,217774039083.99,1057028345.03,0.0,30420623752.45,0,NORMAL
Ketenagalistrikan & PLTU,458492.06,443990.62,455262.75,6632312.41,1658078.1,6921.22,0.0,114870412709.93,242070719326.0,0.0,92810480413.11,0,NORMAL
Kelapa Sawit & CPO,304048.29,53414.94,51209.93,10723869.4,2680967.35,7877.64,0.0,236913611860.48,1090463715.69,0.0,33973116091.4,0,NORMAL
Semen & Bahan Bangunan,253143.35,155807.34,154719.23,5608954.96,1540423.09,12151.39,182263.21,7323564093.97,6984663398.07,1290941475.36,13631756647.82,1,FUEL_COST_MISMATCH
Kelapa Sawit & CPO,515570.42,120720.18,122237.72,23712635.79,5928158.95,14262.5,0.0,475324490961.3,1980542042.14,0.0,69660384744.26,0,NORMAL
Kelapa Sawit & CPO,703960.1,126752.14,134537.01,25366715.7,6341678.92,4138.54,0.0,615086370408.76,1565887381.73,0.0,61814711329.97,0,NORMAL
Kelapa Sawit & CPO,341096.04,72652.7,77221.54,14584385.56,3646096.39,8903.94,0.0,280207651345.96,1563746054.68,0.0,46449873589.54,0,NORMAL
Semen & Bahan Bangunan,747712.46,438906.36,465069.31,3449987.66,862496.92,2888.14,563846.72,57847839761.65,47313757148.8,56864209733.79,35174670066.44,0,NORMAL
Logam & Baja,151543.33,183950.2,188811.61,3001407.84,750351.96,0.0,0.0,53818402749.95,39259582203.32,57195483037.98,66541001156.89,0,NORMAL
Logam & Baja,400245.78,730714.4,709895.1,13782819.7,3445704.93,0.0,0.0,298199667774.48,205300415800.5,323660864158.16,314934925407.91,0,NORMAL
Logam & Baja,479667.22,808131.38,821257.72,14935615.14,3733903.78,0.0,0.0,247202082658.74,177043744966.03,324038736923.18,313461716322.96,0,NORMAL
Manufaktur & Pengolahan,652244.89,84094.93,232655.43,8730490.13,491608.08,14280.62,489183.66,185909940429.43,16263787422.92,2367407024.2,11415249513.06,1,UNREPORTED_PROCESS_EMISSIONS
Semen & Bahan Bangunan,668469.43,469118.05,461141.31,5034885.08,1258721.27,10449.4,500417.43,125502289291.03,95485416628.98,60941791651.67,68933380033.01,0,NORMAL
Manufaktur & Pengolahan,91790.52,26251.88,24923.57,1935412.5,483853.12,0.0,0.0,46568690990.37,4117997527.56,22175181204.3,19937340316.35,0,NORMAL
Logam & Baja,312976.33,551986.54,530807.55,10386168.01,2596542.0,0.0,0.0,232480068469.59,156385008869.0,283252363646.41,194433280587.06,0,NORMAL
Manufaktur & Pengolahan,219582.26,64295.88,60806.46,4745725.89,1186431.47,0.0,0.0,98277304808.33,5592632789.59,39806421872.12,39552171502.23,0,NORMAL
Logam & Baja,459708.85,748792.79,710693.94,13805337.3,3451334.33,0.0,0.0,230758831385.93,162607354089.69,246020215712.56,252899016469.19,0,NORMAL
Ketenagalistrikan & PLTU,483079.65,360387.34,360810.92,5407608.02,1351902.0,6798.39,0.0,126253756770.22,136200803417.62,0.0,61853223498.6,0,NORMAL
Kelapa Sawit & CPO,687468.28,126680.95,179810.72,8541018.05,1562591.03,820.3,0.0,183237160847.08,9189803540.85,6079063469.3,7535907362.38,1,UNDER_REPORTING_SUBTLE
Pulp & Kertas,486648.48,222088.33,223264.87,9998237.94,2499559.48,10469.94,0.0,238628465008.52,42604038239.46,150248495159.39,141250602488.71,0,NORMAL
Logam & Baja,82147.76,181320.83,180527.79,3600318.7,900079.67,0.0,0.0,74900200468.29,43650999331.26,85118010168.22,90940419221.98,0,NORMAL
Pulp & Kertas,416415.72,178178.05,190104.9,8046415.08,2011603.77,19861.7,0.0,145278489217.95,40583213652.49,157348395586.07,85839060466.26,0,NORMAL
Pulp & Kertas,161644.36,80564.04,83918.76,3617319.4,904329.85,14300.6,0.0,62168820493.33,13407193013.5,63772970607.07,38262732621.77,0,NORMAL
Ketenagalistrikan & PLTU,1187036.16,943425.64,970811.96,14090444.16,3522611.04,11837.73,0.0,277567092171.69,491893672318.8,0.0,175336809882.73,0,NORMAL
Ketenagalistrikan & PLTU,1111304.73,1034451.25,1058568.16,15569064.78,3892266.2,18476.51,0.0,288188008973.54,484163994042.05,0.0,203459036228.58,0,NORMAL
Ketenagalistrikan & PLTU,556868.9,541591.32,574175.3,8196005.79,2049001.45,21187.57,0.0,199264774917.21,188127018645.54,0.0,102322436077.44,0,NORMAL
Kelapa Sawit & CPO,372610.99,90947.47,91390.94,18190008.49,4547502.12,19449.01,0.0,453362395172.83,1211770776.52,0.0,58681812457.92,0,NORMAL
Kelapa Sawit & CPO,722967.54,108943.65,106113.8,21560922.06,5390230.52,5792.97,0.0,426853273277.78,1350751918.04,0.0,69963208559.9,0,NORMAL
Kelapa Sawit & CPO,721705.41,12841.24,97938.65,4203711.42,1099937.82,8668.02,0.0,81123807581.87,7062132359.29,3825867763.52,3813437807.42,1,IMPOSSIBLE_PRODUCTION_INTENSITY
Logam & Baja,250164.66,585129.4,578208.36,11569279.77,2892319.94,0.0,0.0,244647658536.97,172256870949.76,329895103342.78,275191655470.51,0,NORMAL
Pulp & Kertas,462673.26,188969.63,189177.55,8431409.05,2107852.26,18182.24,0.0,153853908040.4,52535297639.01,143842445867.86,114534179968.38,0,NORMAL
Ketenagalistrikan & PLTU,252766.69,81728.41,236718.34,5659782.27,738643.63,5717.96,0.0,123470065549.8,9283920713.5,6106559425.24,4795488674.46,1,UNDER_REPORTING_FRAUD
Semen & Bahan Bangunan,540365.27,373876.17,392618.49,4094543.35,1023635.84,3870.01,385370.73,89958398433.18,54165442428.8,56431997986.39,48179831761.85,0,NORMAL
Semen & Bahan Bangunan,367748.88,268204.73,265978.37,2997036.07,749259.02,2839.27,273111.31,72908374722.94,40663003878.36,44092813561.07,37118567067.3,0,NORMAL
Semen & Bahan Bangunan,778647.83,461868.95,476084.06,3883927.36,970981.84,13751.25,565235.86,63772145552.46,41945988440.86,78250866808.66,47539354447.32,0,NORMAL
Manufaktur & Pengolahan,166930.07,44784.76,43760.43,3308835.19,827208.8,0.0,0.0,56230894233.28,5311935156.58,30679921564.04,26743518405.12,0,NORMAL
Ketenagalistrikan & PLTU,1256618.17,1371598.67,1403733.11,20350855.66,5087713.91,6143.07,0.0,485276413178.93,595293386022.05,0.0,291391584895.56,0,NORMAL
Ketenagalistrikan & PLTU,680501.68,605655.72,573041.97,8941748.07,2235437.02,17306.07,0.0,193567956465.44,285789884986.93,0.0,111798420309.02,0,NORMAL
Pulp & Kertas,612253.25,209379.31,209529.22,9338055.22,2334513.81,18008.31,0.0,185963604187.04,43706262392.99,130973819275.66,106193930723.21,0,NORMAL
Manufaktur & Pengolahan,299922.32,67070.92,70553.84,5019130.41,1254782.6,0.0,0.0,95001354252.15,6483161487.66,50547662356.68,46879943509.16,0,NORMAL
Kelapa Sawit & CPO,565716.55,99928.7,106279.58,19968988.05,4992247.01,10625.13,0.0,392631674450.29,1693015387.33,0.0,58926658416.18,0,NORMAL
Ketenagalistrikan & PLTU,1301496.11,1136104.86,1200520.49,17021336.83,4255334.21,22483.15,0.0,304452482384.13,593129382430.93,0.0,189589356343.31,0,NORMAL
Ketenagalistrikan & PLTU,1307871.65,1144802.72,1134639.54,17113308.52,4278327.13,14476.77,0.0,424033035409.46,424126432552.06,0.0,197392825615.57,0,NORMAL
Semen & Bahan Bangunan,847534.25,447779.83,440832.54,3174802.68,793700.67,9977.18,624925.64,53777162171.11,52203130925.98,60532334962.95,44475577040.67,0,NORMAL
Ketenagalistrikan & PLTU,345554.75,382396.44,368784.92,5706462.83,1426615.71,23127.09,0.0,124368070926.98,127845157289.33,0.0,83163844574.72,0,NORMAL
Pulp & Kertas,233657.67,106677.47,108129.22,4728510.15,1182127.54,14134.17,0.0,103585516429.71,29794535745.21,57562220704.6,52308805787.0,0,NORMAL
Manufaktur & Pengolahan,722132.7,148934.88,154724.4,6518602.03,1550575.28,4176.2,0.0,6291743198.35,18443854819.91,6055775891.28,6630805929.57,1,FUEL_COST_MISMATCH
Ketenagalistrikan & PLTU,970996.89,848059.6,899933.32,12680199.96,3170049.99,23717.29,0.0,282885664122.03,344616126818.12,0.0,168517925603.28,0,NORMAL
Manufaktur & Pengolahan,762130.2,53353.17,244131.44,3945255.57,1194861.41,9250.09,0.0,84157307881.88,11458675342.24,1737595048.91,12246593518.97,1,UNDER_REPORTING_FRAUD
Semen & Bahan Bangunan,703316.56,321566.88,315834.73,2294327.23,573581.81,4105.34,495497.03,37209201900.89,43244428418.35,43711071586.86,27670243797.71,0,NORMAL
Logam & Baja,454026.38,822724.82,826742.04,15911553.02,3977888.26,0.0,0.0,319311907258.8,216495477569.99,460488543101.36,388920546296.63,0,NORMAL
Manufaktur & Pengolahan,660202.6,8840.24,272971.03,4091775.92,1730899.72,1702.23,0.0,82859411029.4,13170791453.61,1824364684.8,9990627536.55,1,IMPOSSIBLE_PRODUCTION_INTENSITY
Ketenagalistrikan & PLTU,519404.7,429303.86,441469.25,6435652.76,1608913.19,7284.72,0.0,113342404537.56,210493823092.48,0.0,87584063663.35,0,NORMAL
Pulp & Kertas,315481.57,113578.78,110288.54,5028512.65,1257128.16,16128.08,0.0,113550187542.77,22811251890.0,86415871317.69,53231900470.37,0,NORMAL
Kelapa Sawit & CPO,342291.74,18839.29,55066.82,5302978.8,1597202.09,5394.57,256718.8,110709766443.75,5061220849.95,4742927188.42,7899395227.44,1,UNREPORTED_PROCESS_EMISSIONS
Kelapa Sawit & CPO,645023.03,114053.52,108526.7,22831039.54,5707759.89,13808.89,0.0,444903669201.9,1601888079.01,0.0,61033928534.65,0,NORMAL
Kelapa Sawit & CPO,763776.23,168793.66,172674.76,33989697.05,8497424.26,7068.54,0.0,655081611117.55,3423378499.24,0.0,83782213957.65,0,NORMAL
Pulp & Kertas,486395.77,221257.29,205261.77,9762241.35,2440560.34,6353.27,0.0,169679391101.57,47155972294.63,129053833711.54,101350526925.77,0,NORMAL
Semen & Bahan Bangunan,586855.68,371010.15,376470.17,3232342.89,808085.72,18726.02,443546.78,75516882931.71,45913750101.41,55885985944.46,36767441925.65,0,NORMAL
Manufaktur & Pengolahan,891136.34,293130.98,289124.58,21630421.47,5407605.37,0.0,0.0,401879741299.68,46461185261.15,190897523521.5,193662979201.39,0,NORMAL
Kelapa Sawit & CPO,512972.95,78982.06,75199.59,6558141.66,1455133.64,13913.08,0.0,4464939155.47,11258476994.56,2867658350.28,12454762298.33,1,FUEL_COST_MISMATCH
Semen & Bahan Bangunan,292286.38,67249.45,186615.23,8345051.55,1384004.89,6409.13,219214.79,184173481412.59,19007232937.05,5811867893.65,3231790522.28,1,UNREPORTED_PROCESS_EMISSIONS
Pulp & Kertas,644803.95,309093.49,314736.68,13987902.25,3496975.56,9624.9,0.0,342001632899.33,60195632446.73,237703872246.65,156141879512.77,0,NORMAL
Kelapa Sawit & CPO,631675.84,101962.45,101156.26,20404386.25,5101096.56,4359.46,0.0,467894770830.45,1698319691.14,0.0,50372164491.54,0,NORMAL
Ketenagalistrikan & PLTU,634424.31,643656.6,684071.13,9647710.14,2411927.53,24486.32,0.0,170702558465.33,281213937859.75,0.0,109653671404.81,0,NORMAL
Pulp & Kertas,641241.06,331372.85,335776.43,15036857.67,3759214.42,14560.87,0.0,279496706385.32,64612070115.27,173444074829.18,200968923206.75,0,NORMAL
Logam & Baja,193379.15,351571.89,366163.86,6745432.16,1686358.04,0.0,0.0,159627510224.56,83558114500.51,150712246962.07,143875087394.32,0,NORMAL
Pulp & Kertas,152914.56,57383.32,57113.71,2605476.59,651369.15,606.29,0.0,45118487366.11,13759499191.81,42196064659.81,35137296097.1,0,NORMAL
Logam & Baja,414018.96,785972.42,753094.92,15276226.43,3819056.61,0.0,0.0,308784016036.29,163064197460.48,292571952474.75,307618133209.13,0,NORMAL
Pulp & Kertas,776786.01,60514.27,355766.51,6574008.07,1507812.55,9786.82,0.0,134320485101.75,19173859937.65,3332539969.37,8864111711.72,1,UNDER_REPORTING_FRAUD
Ketenagalistrikan & PLTU,583211.37,649983.28,687693.41,9783549.84,2445887.46,7299.27,0.0,179806049072.86,233230389759.45,0.0,129054146445.19,0,NORMAL
Manufaktur & Pengolahan,121018.04,34361.66,35051.9,2588917.11,647229.28,0.0,0.0,60274481708.16,3818340020.99,23766411764.42,19907455308.98,0,NORMAL
Manufaktur & Pengolahan,712766.88,70161.51,207403.34,8017088.43,886809.7,8135.61,534575.16,168236698664.49,8073575843.03,1814805054.26,10133540098.78,1,UNREPORTED_PROCESS_EMISSIONS
Pulp & Kertas,196741.72,78805.69,78937.14,3522764.68,880691.17,1375.55,0.0,77572540490.54,17737181072.64,57581921238.22,37017163962.72,0,NORMAL
Logam & Baja,176254.04,327967.17,337971.46,6223952.57,1555988.14,0.0,0.0,128020375717.76,51869798700.06,171073637416.94,146633154644.22,0,NORMAL
Kelapa Sawit & CPO,751067.53,147068.83,152653.29,29071271.01,7267817.75,7298.85,0.0,673713401928.79,1814146312.18,0.0,90659232785.04,0,NORMAL
Manufaktur & Pengolahan,792973.73,92812.32,264650.47,8114358.18,1600166.8,12141.95,594730.29,162477547749.09,14737532846.68,5732108317.34,5993272118.18,1,UNREPORTED_PROCESS_EMISSIONS
Kelapa Sawit & CPO,374494.05,57589.9,55238.22,11579754.6,2894938.65,7830.93,0.0,190471715008.65,1122355201.99,0.0,36137623627.17,0,NORMAL
Kelapa Sawit & CPO,466364.72,100207.85,100580.83,19881495.74,4970373.94,20780.71,0.0,456916257036.04,1436069633.78,0.0,65329121299.69,0,NORMAL
Semen & Bahan Bangunan,441868.7,271041.1,277359.32,2381458.01,595364.5,6779.92,331405.09,54178170617.25,45411512419.1,48190096197.1,29258684805.97,0,NORMAL
Pulp & Kertas,587342.69,247289.02,236264.46,10931808.8,2732952.2,11864.4,0.0,265530120237.29,66314727036.65,178891154956.87,128653610989.06,0,NORMAL
Manufaktur & Pengolahan,843046.18,227875.52,236099.02,17171394.33,4292848.58,0.0,0.0,331721524140.69,28517283344.77,215216027225.36,174072803216.54,0,NORMAL
Ketenagalistrikan & PLTU,101094.49,95790.17,92332.89,1415939.79,353984.95,8627.13,0.0,22659718414.93,43895026598.83,0.0,19670850332.07,0,NORMAL
Ketenagalistrikan & PLTU,355247.64,318306.7,298924.33,4718686.47,1179671.62,21679.6,0.0,89485877444.73,154484360634.85,0.0,58966355479.92,0,NORMAL
Kelapa Sawit & CPO,769665.02,156862.82,157693.76,31575032.58,7893758.14,6116.89,0.0,686121716782.13,2348379681.38,0.0,89596126328.29,0,NORMAL
Pulp & Kertas,309134.13,91826.22,90243.5,4078342.31,1019585.58,11508.29,0.0,72570625196.37,24573539946.38,73973794258.37,52958974046.35,0,NORMAL
Pulp & Kertas,497357.45,276949.82,271670.34,12409898.56,3102474.64,14189.98,0.0,307010936878.32,70040608005.22,171521516911.75,167857804539.58,0,NORMAL
Ketenagalistrikan & PLTU,1429035.87,1211963.97,1220960.7,17902233.25,4475558.31,17584.01,0.0,313679013158.32,637338621061.79,0.0,262404696077.3,0,NORMAL
Logam & Baja,51146.17,101791.87,98074.93,1984604.15,496151.04,0.0,0.0,32670158638.62,20584942519.76,37523233912.44,40830194686.71,0,NORMAL
Kelapa Sawit & CPO,212739.37,30639.74,30184.98,6187040.69,1546760.17,6465.8,0.0,109158878871.66,643997208.29,0.0,20083641993.66,0,NORMAL
Pulp & Kertas,622182.67,336232.17,314935.13,14997183.92,3749295.98,6975.63,0.0,372388031451.52,80062908056.96,170885733497.67,170531427664.65,0,NORMAL
Manufaktur & Pengolahan,358823.69,129362.67,134826.98,9553622.5,2388405.62,0.0,0.0,215091253971.76,12502333257.35,120645875241.17,81164338069.43,0,NORMAL
Semen & Bahan Bangunan,596599.49,398899.84,379793.65,4287634.79,1071908.7,19624.97,419812.78,79889960985.26,69196545542.33,84723121927.63,59889248577.27,0,NORMAL
Kelapa Sawit & CPO,289551.33,45479.23,45004.65,8959092.07,2239773.02,24858.28,0.0,199575920078.15,585595030.38,0.0,23083754819.67,0,NORMAL
Logam & Baja,343011.51,559920.24,578492.63,10677268.36,2669317.09,0.0,0.0,189346922559.87,126169494898.12,273743536246.61,209877545921.09,0,NORMAL
Semen & Bahan Bangunan,387279.96,116081.61,192354.55,5390627.34,615475.87,824.13,278841.57,113357212214.76,11120296328.05,4915065510.45,7181787189.31,1,UNDER_REPORTING_SUBTLE
Semen & Bahan Bangunan,694963.45,46977.42,508815.29,4456576.08,719172.73,13636.49,500373.69,85169383327.93,17798542442.2,4225994479.99,7184067873.86,1,EXTREME_YOY_COLLAPSE
Pulp & Kertas,511884.57,222327.92,214203.56,9842521.87,2460630.47,6540.24,0.0,214082170290.83,57170710590.53,117051997072.73,136515042089.14,0,NORMAL
Kelapa Sawit & CPO,365397.24,29449.16,30671.22,5817269.48,1454317.37,3347.33,0.0,113341796349.9,558281946.61,0.0,18285101471.89,0,NORMAL
Kelapa Sawit & CPO,504404.02,64589.56,62164.7,12878169.96,3219542.49,15824.08,0.0,247696751005.07,1277437493.87,0.0,35460526146.17,0,NORMAL
Pulp & Kertas,694609.72,16364.86,408040.88,6212943.07,1164959.78,12570.02,0.0,138443607471.41,16732991066.53,4076523769.26,13888379974.87,1,IMPOSSIBLE_PRODUCTION_INTENSITY
Logam & Baja,793274.09,1166208.93,1140330.6,7135561.87,719678.73,7600.29,0.0,4754339712.15,15984223406.05,3011561099.4,3983025477.61,1,FUEL_COST_MISMATCH
Pulp & Kertas,707248.39,232066.05,326362.76,4437482.76,997811.68,2640.35,0.0,99448009220.02,10598734338.99,1859943403.17,3659497109.12,1,UNDER_REPORTING_SUBTLE
Semen & Bahan Bangunan,374340.11,222257.47,228071.5,2084841.58,521210.4,18028.77,257686.56,39549234836.25,29408288457.15,36799012048.03,23966340788.79,0,NORMAL
Logam & Baja,244471.48,416391.41,424853.59,8136865.85,2034216.46,0.0,0.0,172313243510.78,111683971080.31,215645579036.49,184839224186.62,0,NORMAL
Semen & Bahan Bangunan,787898.14,528147.38,534245.71,5739217.57,1434804.39,2434.57,539283.8,106886000289.12,78586322812.97,94540564305.68,80395496896.49,0,NORMAL
Pulp & Kertas,838248.85,252877.84,239195.06,11392152.47,2848038.12,1531.11,0.0,253917722184.15,50895962911.25,149423924389.12,135881378419.95,0,NORMAL
Manufaktur & Pengolahan,218632.97,8284.58,39014.54,5058167.3,701735.64,11212.22,0.0,112441080166.6,8623933666.33,5051992683.01,6656390079.94,1,UNDER_REPORTING_FRAUD
Pulp & Kertas,518131.4,239510.47,249405.2,10768651.02,2692162.76,1665.37,0.0,244289828759.76,63991137945.59,205749184893.76,111650904678.64,0,NORMAL
Logam & Baja,250984.97,566457.65,552508.66,11316288.49,2829072.12,0.0,0.0,251827474834.47,104006888335.06,285761242709.17,216240560848.17,0,NORMAL
Manufaktur & Pengolahan,880682.41,206934.77,210902.41,15593815.67,3898453.92,0.0,0.0,361289912045.37,19688971246.69,208869526532.26,160225333808.6,0,NORMAL
Semen & Bahan Bangunan,746668.82,431322.32,434166.5,3229664.56,807416.14,18356.71,552848.27,76130341034.26,46546960531.85,49606614216.62,35999207678.18,0,NORMAL
Kelapa Sawit & CPO,426710.75,82434.9,79683.73,16214540.25,4053635.06,22659.11,0.0,403652677546.03,966002342.73,0.0,38957022797.16,0,NORMAL
Ketenagalistrikan & PLTU,1462432.54,1329425.73,1313649.99,19722825.15,4930706.29,17729.89,0.0,371404809669.05,670009453970.87,0.0,213549594884.73,0,NORMAL
Manufaktur & Pengolahan,128399.03,46202.55,43902.13,3409743.81,852435.95,0.0,0.0,54871934713.92,7064838904.15,44386879475.19,29234338301.68,0,NORMAL
Logam & Baja,221027.81,410199.34,387498.09,7740109.86,1935027.47,0.0,0.0,192488675377.33,113983001791.63,135299473149.95,171743029707.61,0,NORMAL
Semen & Bahan Bangunan,391288.33,261612.98,256728.4,2925663.06,731415.76,1973.29,267866.47,47148762003.83,34441931925.8,40808510600.07,39852483764.25,0,NORMAL
Ketenagalistrikan & PLTU,912578.94,910778.22,873687.09,13800194.35,3450048.59,7921.15,0.0,280130952051.45,444672754912.13,0.0,200825172292.3,0,NORMAL
Semen & Bahan Bangunan,737682.88,477798.85,453445.25,5151613.85,1287903.46,19450.86,507033.9,116316613468.67,67164519264.52,91079980944.45,59281211318.29,0,NORMAL
Logam & Baja,266257.6,511616.77,495626.51,9767553.07,2441888.27,0.0,0.0,205035213594.03,117759389717.53,288163207271.38,203300669165.68,0,NORMAL
Semen & Bahan Bangunan,650891.41,435547.83,433103.7,4707602.81,1176900.7,21254.45,465115.43,77169414056.44,84336185026.65,62245019311.54,54700614666.97,0,NORMAL
Pulp & Kertas,652821.05,271220.2,258891.52,12142605.82,3035651.46,5496.9,0.0,298892778630.15,59005429030.12,166489006412.92,144387723975.65,0,NORMAL
Pulp & Kertas,526173.56,194813.17,199328.9,8695848.47,2173962.12,7487.62,0.0,204158768258.48,46820344535.13,111325159798.16,108618738816.91,0,NORMAL
Semen & Bahan Bangunan,280277.07,66679.54,182862.72,3710433.19,1158428.99,11407.26,210207.8,76971606736.32,10813666197.8,5190665216.47,8838946118.11,1,UNREPORTED_PROCESS_EMISSIONS
Pulp & Kertas,384773.15,203531.5,211032.25,9090128.62,2272532.15,18145.64,0.0,154015678612.49,33111119082.62,172008971347.65,106288013479.81,0,NORMAL
Ketenagalistrikan & PLTU,152343.79,131735.49,124993.02,1963136.39,490784.1,24048.95,0.0,46994148129.83,73086434827.51,0.0,21239861336.76,0,NORMAL
Ketenagalistrikan & PLTU,954089.87,873648.59,902286.44,13135921.88,3283980.47,24715.4,0.0,277628731567.52,323402280829.81,0.0,189136397015.29,0,NORMAL
Semen & Bahan Bangunan,234759.1,112286.29,115964.81,816271.39,204067.85,636.38,163019.34,17327126607.76,15347519815.09,16306033003.94,9363653653.38,0,NORMAL
Manufaktur & Pengolahan,525941.24,164884.18,154517.62,12201081.64,3050270.41,0.0,0.0,227661787763.81,16581943455.95,147339136332.93,125810583839.03,0,NORMAL
Kelapa Sawit & CPO,892657.21,161249.63,150110.81,31708390.9,7927097.73,10866.84,0.0,781734242378.04,3136913681.95,0.0,90560921221.77,0,NORMAL
Pulp & Kertas,321780.35,159399.53,158979.25,7121219.54,1780304.88,10456.82,0.0,120290143744.13,29735813873.62,120301773122.71,76473731683.52,0,NORMAL
Kelapa Sawit & CPO,486798.25,71763.75,113991.31,4316679.98,1126555.57,14653.0,0.0,90884293237.04,17125828460.82,6331377409.17,3032782421.0,1,UNDER_REPORTING_SUBTLE
Manufaktur & Pengolahan,360953.84,40859.52,118649.81,6918781.09,942800.27,1858.44,270715.38,134150642134.25,17728724767.55,3507010152.01,10063254992.98,1,UNREPORTED_PROCESS_EMISSIONS
Logam & Baja,137791.32,70311.52,265467.72,5871135.1,822972.25,6043.99,0.0,124272699846.78,11378645401.84,1430455808.87,7155015076.15,1,UNDER_REPORTING_FRAUD
Logam & Baja,386016.78,707372.98,688748.22,13741401.32,3435350.33,0.0,0.0,248813054365.64,177329151322.16,242435889817.79,342170453743.78,0,NORMAL
Pulp & Kertas,549092.83,277845.11,279772.01,12592206.46,3148051.61,4054.88,0.0,210628693735.48,80112061831.54,238711779046.63,176274724910.54,0,NORMAL
Semen & Bahan Bangunan,801942.43,436762.0,433340.4,3088474.98,772118.74,17694.62,598182.85,49746156263.94,56141439241.45,55711906792.37,31091409073.12,0,NORMAL
Kelapa Sawit & CPO,386478.85,92947.67,92246.9,18426580.9,4606645.22,22836.5,0.0,412013207283.9,1423068908.26,0.0,58422738957.56,0,NORMAL
Kelapa Sawit & CPO,851884.52,142735.51,141942.39,28174527.37,7043631.84,2287.94,0.0,633750205598.61,1716052662.74,0.0,71679883462.63,0,NORMAL
Manufaktur & Pengolahan,547826.22,151553.82,148741.06,11208701.24,2802175.31,0.0,0.0,219846037029.35,14983730680.06,126807838147.59,103381598930.74,0,NORMAL
Manufaktur & Pengolahan,594787.24,150730.71,153570.39,11135808.04,2783952.01,0.0,0.0,234887080681.38,23836266916.8,116455921662.53,109543359107.36,0,NORMAL
Pulp & Kertas,771083.13,72689.45,333419.09,7752988.94,1544335.58,2171.44,0.0,173132514410.74,19194340758.52,3311473659.12,12374845077.18,1,UNDER_REPORTING_FRAUD
Ketenagalistrikan & PLTU,222743.06,199901.22,191447.52,2965558.1,741389.52,16752.61,0.0,67073310881.57,88960474316.91,0.0,32796142089.79,0,NORMAL
Ketenagalistrikan & PLTU,101404.64,90591.19,94296.14,1368759.25,342189.81,2266.03,0.0,24020256162.51,32004373665.57,0.0,16754863817.26,0,NORMAL
Ketenagalistrikan & PLTU,510145.83,468669.4,492312.36,7057439.71,1764359.93,5339.18,0.0,157166165318.98,211732555155.48,0.0,97157843630.43,0,NORMAL
Pulp & Kertas,725404.93,358253.24,346892.96,8297827.86,432744.17,1588.68,0.0,11353621407.89,18281938172.74,3792192500.42,8501406447.83,1,FUEL_COST_MISMATCH
Ketenagalistrikan & PLTU,326909.43,54554.8,324982.03,5209146.37,787703.04,7395.52,0.0,107988209680.35,7709673456.93,4337891508.24,11021835233.13,1,EXTREME_YOY_COLLAPSE
Ketenagalistrikan & PLTU,446887.99,415349.37,425069.23,6203729.86,1550932.47,20578.32,0.0,127390401893.99,211632519582.8,0.0,78108434313.64,0,NORMAL
Manufaktur & Pengolahan,438510.69,103069.1,100725.57,7599851.25,1899962.81,0.0,0.0,135527221568.68,13446142519.21,101765698540.7,74910593025.17,0,NORMAL
Pulp & Kertas,676901.19,286232.01,281373.41,7073172.2,1523026.25,8390.79,0.0,5840621293.19,10582079044.7,1709944361.18,5734025083.29,1,FUEL_COST_MISMATCH
Ketenagalistrikan & PLTU,1118691.35,1131596.66,1126340.3,16869794.84,4217448.71,9716.45,0.0,326930252715.2,539746768989.74,0.0,233415404843.6,0,NORMAL
Semen & Bahan Bangunan,672730.59,83768.79,476373.94,6870481.88,1141441.67,4197.64,484366.02,150042034333.08,7236071014.43,3756424514.32,11693161615.65,1,EXTREME_YOY_COLLAPSE
Pulp & Kertas,556277.24,5950.63,311409.66,4788353.37,1323445.13,3726.95,0.0,105226434091.16,11663237841.26,3464662355.54,4077303740.14,1,IMPOSSIBLE_PRODUCTION_INTENSITY
Manufaktur & Pengolahan,591924.94,157873.38,166224.42,11773329.86,2943332.46,0.0,0.0,274290649916.17,21045234300.08,111877061719.69,107261405351.71,0,NORMAL
Pulp & Kertas,760844.35,455320.72,444640.3,20526095.98,5131524.0,4734.18,0.0,366817204164.61,110210354169.3,274669501370.58,226652700430.01,0,NORMAL
Semen & Bahan Bangunan,122228.19,64233.68,66187.3,463881.06,115970.27,15291.34,92200.59,9099429294.39,4847918469.95,7025154248.48,5535219775.85,0,NORMAL
Semen & Bahan Bangunan,592141.61,356406.09,357997.54,3235965.74,808991.44,11465.48,419018.62,74086936384.04,54309698558.26,53930499742.43,35426226339.51,0,NORMAL
Semen & Bahan Bangunan,593025.51,368656.42,353917.03,3582270.03,895567.51,1663.91,418829.8,82131930788.32,52799428742.3,69470860237.27,37461228656.77,0,NORMAL
Ketenagalistrikan & PLTU,742818.35,736380.5,721762.23,11107897.43,2776974.36,21962.31,0.0,255808921154.08,358615154340.76,0.0,135492709473.28,0,NORMAL
Manufaktur & Pengolahan,708480.03,247321.75,261394.35,18457374.87,4614343.72,0.0,0.0,385228482549.49,34023061419.97,242848030428.87,181749098758.12,0,NORMAL
Pulp & Kertas,117630.12,51435.06,52183.87,2304391.13,576097.78,24462.64,0.0,48814020503.04,12420017333.15,37763562139.35,24628895461.6,0,NORMAL
Semen & Bahan Bangunan,753901.24,16895.49,556142.53,8473690.48,1431850.86,7105.08,542808.89,180500426777.48,4302780106.81,3536406886.69,3138358766.08,1,IMPOSSIBLE_PRODUCTION_INTENSITY
Ketenagalistrikan & PLTU,477376.86,492396.36,475723.94,7341127.39,1835281.85,19201.2,0.0,150977389619.93,256075286124.75,0.0,89338535411.45,0,NORMAL
Manufaktur & Pengolahan,170106.08,62225.38,61978.6,4633393.11,1158348.28,0.0,0.0,94671712290.84,8931354555.84,55696238449.84,35152689319.03,0,NORMAL
Manufaktur & Pengolahan,288899.72,74383.49,77201.69,5589414.68,1397353.67,0.0,0.0,113782640116.27,11226986714.32,44872274842.08,51535441412.23,0,NORMAL
Semen & Bahan Bangunan,481753.7,326936.1,334095.42,3547064.55,886766.14,22905.4,336654.52,72923687131.52,56508638612.23,65503292114.03,47483447326.43,0,NORMAL
Pulp & Kertas,407565.61,207831.42,195439.98,9279433.62,2319858.4,23045.02,0.0,155236486385.62,35930126991.91,107843477700.87,104021715200.06,0,NORMAL
Kelapa Sawit & CPO,370980.61,46586.3,44327.05,9208036.35,2302009.09,2465.04,0.0,155512348814.69,788460124.16,0.0,25692678783.05,0,NORMAL
Manufaktur & Pengolahan,101464.97,27097.73,28634.44,2026741.3,506685.32,0.0,0.0,39914150573.97,3063064158.99,26478225578.28,15122267275.57,0,NORMAL
Pulp & Kertas,356104.18,183124.29,177296.01,8271136.79,2067784.2,17042.23,0.0,157771535346.24,32292337790.1,116635159498.56,103025689715.99,0,NORMAL
Manufaktur & Pengolahan,267723.12,83658.83,85386.29,6241538.97,1560384.74,0.0,0.0,113300454278.01,13364286759.33,62461122830.57,54811142692.69,0,NORMAL
Logam & Baja,445956.63,775908.52,804144.47,14962655.51,3740663.88,0.0,0.0,323739345839.99,214788582724.78,304429018851.26,296916723933.96,0,NORMAL
Kelapa Sawit & CPO,181133.82,36346.79,37061.9,7269198.76,1817299.69,5668.01,0.0,139643751954.99,623201165.17,0.0,23968699417.44,0,NORMAL
Kelapa Sawit & CPO,705197.86,38801.97,158612.1,6954675.54,1597053.84,6029.38,0.0,143163334861.88,4829490730.0,3281663634.47,5668906940.95,1,UNDER_REPORTING_FRAUD
Kelapa Sawit & CPO,666071.92,113380.13,105433.83,22277230.74,5569307.69,17960.25,0.0,512933319749.22,1638999219.11,0.0,73148277711.04,0,NORMAL
Ketenagalistrikan & PLTU,1167724.13,1032900.58,1093718.11,15566235.19,3891558.8,20355.0,0.0,307170448745.75,332193257778.96,0.0,175856657513.29,0,NORMAL
Kelapa Sawit & CPO,159109.2,18005.04,19070.65,3591990.38,897997.59,8312.74,0.0,85265025689.36,353216779.67,0.0,9050676229.27,0,NORMAL
Semen & Bahan Bangunan,265738.2,168157.55,165460.97,1649123.68,412280.92,13094.75,189007.87,40261901969.84,29763349215.91,21741583129.98,20257384670.45,0,NORMAL
Logam & Baja,281351.09,545415.63,527786.36,10559627.73,2639906.93,0.0,0.0,191464019575.89,153737195149.26,203912187675.28,211709303118.25,0,NORMAL
Ketenagalistrikan & PLTU,1369344.14,1266844.4,1252404.56,19160266.48,4790066.62,19685.11,0.0,447557969008.52,528607693629.4,0.0,286157165037.33,0,NORMAL
Manufaktur & Pengolahan,179107.64,67994.88,67727.92,5103399.23,1275849.81,0.0,0.0,108561383356.11,7771146654.63,59504445954.55,46776107641.95,0,NORMAL
Manufaktur & Pengolahan,138197.79,5359.38,38640.5,5223920.42,469950.65,1973.52,0.0,111017126301.83,17661750551.32,6006819502.3,12957155178.8,1,EXTREME_YOY_COLLAPSE
Kelapa Sawit & CPO,827950.21,151111.7,141389.33,29848317.27,7462079.32,20935.4,0.0,542460333611.61,2915168181.4,0.0,93829265005.0,0,NORMAL
Kelapa Sawit & CPO,776403.34,116681.87,116330.41,23105197.73,5776299.43,21610.42,0.0,487984154659.05,2420053581.91,0.0,61430279221.84,0,NORMAL
Semen & Bahan Bangunan,682208.83,124949.81,360077.36,3581913.32,1619326.3,2723.74,511656.62,77252767584.93,13782355631.96,2149706247.23,9706839634.12,1,UNREPORTED_PROCESS_EMISSIONS
Kelapa Sawit & CPO,120902.22,22606.98,22114.78,4534762.03,1133690.51,1757.26,0.0,73397797904.82,288451818.11,0.0,12700783469.32,0,NORMAL
Manufaktur & Pengolahan,549917.76,128456.66,187603.14,4368861.34,1452054.33,9030.92,0.0,90225634304.86,11912431495.09,1823890379.89,4308147198.04,1,UNDER_REPORTING_SUBTLE
Semen & Bahan Bangunan,728671.88,459385.5,447353.39,4445939.39,1111484.85,7605.62,513091.95,109793479740.65,83441359682.77,76402320855.61,58492718620.23,0,NORMAL
Logam & Baja,339955.56,567609.03,565717.94,10740972.36,2685243.09,0.0,0.0,191412817240.17,140366355603.55,197197712051.96,229636121506.28,0,NORMAL
Semen & Bahan Bangunan,669662.38,530369.08,554273.5,6545536.32,1636384.08,8187.32,476531.42,120732049253.12,93169722901.75,83591823807.36,74638247740.07,0,NORMAL
Ketenagalistrikan & PLTU,1462019.63,1425746.08,1454527.68,21176707.22,5294176.81,17154.44,0.0,386748796518.77,588551777519.11,0.0,293602140821.43,0,NORMAL
Pulp & Kertas,233908.2,116202.0,119403.93,5259864.34,1314966.09,20127.91,0.0,92959699737.22,18267516947.9,94233284105.16,68943585897.08,0,NORMAL
Semen & Bahan Bangunan,641170.48,43014.47,504555.43,4138158.8,500910.06,2284.53,461642.75,83633684879.77,17409214799.91,3523467637.23,7813604135.25,1,EXTREME_YOY_COLLAPSE
Semen & Bahan Bangunan,97620.28,68769.46,70056.48,799629.07,199907.27,4378.14,68878.44,13816604396.04,9711851590.76,15933022671.57,8063520220.18,0,NORMAL
Semen & Bahan Bangunan,327497.34,218529.81,225872.25,2314951.17,578737.79,3921.31,225762.67,57601206175.21,26681069938.62,43771031302.17,26038401735.44,0,NORMAL
Logam & Baja,451279.07,861979.69,819673.07,16567999.22,4141999.8,0.0,0.0,281024095010.15,203119188973.74,392196341597.66,322812217139.61,0,NORMAL
Manufaktur & Pengolahan,863162.63,221197.93,229798.43,16638422.42,4159605.6,0.0,0.0,358997341179.08,30293019237.7,236887478256.44,130644237030.1,0,NORMAL
Semen & Bahan Bangunan,459728.87,282625.11,297474.3,2549203.03,637300.76,23730.65,333014.31,53797933082.44,36000277321.21,32846373630.78,26498137214.56,0,NORMAL
Logam & Baja,331161.14,599826.44,614613.97,11778464.14,2944616.03,0.0,0.0,228694854439.92,131543158554.89,286472121021.26,216181758019.97,0,NORMAL
Semen & Bahan Bangunan,731293.24,503286.92,506648.03,5383162.34,1345790.59,16115.79,527977.11,126216904268.96,79590016016.78,82856286696.06,71999051838.97,0,NORMAL
Logam & Baja,455378.57,986423.1,965700.74,19643285.25,4910821.31,0.0,0.0,336189704015.67,200064006422.07,325559512319.73,486308266168.2,0,NORMAL
Logam & Baja,202822.78,417014.23,430742.85,8256102.8,2064025.7,0.0,0.0,147696176346.75,79134731947.25,189989930748.77,192593558330.93,0,NORMAL
Kelapa Sawit & CPO,316780.58,63549.66,64682.14,12642033.17,3160508.29,12303.36,0.0,226769905560.08,910207668.29,0.0,34846717649.39,0,NORMAL
Manufaktur & Pengolahan,612239.01,243335.18,259581.65,18296520.49,4574130.12,0.0,0.0,438755447037.22,24974775131.84,161719969923.38,182975957734.55,0,NORMAL
Logam & Baja,299088.3,509754.17,514236.34,9405171.28,2351292.82,0.0,0.0,180209162126.18,111344791170.03,260802252093.38,203139652336.18,0,NORMAL
Pulp & Kertas,587129.85,225877.74,221959.19,10078719.99,2519680.0,4369.78,0.0,206505555625.52,63958380951.13,162618269599.73,121753776481.16,0,NORMAL
Logam & Baja,461900.34,1010493.9,996754.51,19868734.35,4967183.59,0.0,0.0,352412501501.58,249550199022.16,478679903339.65,374312572764.98,0,NORMAL
Semen & Bahan Bangunan,725804.15,557021.41,570309.85,6494854.35,1623713.59,7250.95,547623.23,136597647323.44,113463035975.44,133013946960.95,74281066697.33,0,NORMAL
Logam & Baja,226766.49,390534.12,382459.97,7372308.93,1843077.23,0.0,0.0,131302287229.11,68069681066.45,167181836795.65,168386060502.81,0,NORMAL
Ketenagalistrikan & PLTU,195440.58,185929.67,192430.09,2810555.15,702638.79,20409.81,0.0,49554210593.72,70368646622.73,0.0,30480123064.74,0,NORMAL
Kelapa Sawit & CPO,245706.21,51612.53,49467.62,10288935.16,2572233.79,10555.03,0.0,200552203801.03,932387076.74,0.0,32851908315.99,0,NORMAL
Ketenagalistrikan & PLTU,878674.44,733151.11,765313.63,10968478.71,2742119.68,6917.96,0.0,265348632345.21,316289859209.74,0.0,138429533210.37,0,NORMAL
Semen & Bahan Bangunan,578715.54,455998.07,448611.94,5447100.07,1361775.02,3925.99,428317.87,91842000438.35,67129061704.72,100705750400.86,59494980995.04,0,NORMAL
Kelapa Sawit & CPO,624718.0,126915.66,128840.3,25580660.26,6395165.06,3399.85,0.0,482613641815.51,2285642123.41,0.0,64086947229.95,0,NORMAL
Pulp & Kertas,602279.02,19640.22,240672.54,3745237.81,468200.09,9259.76,0.0,77950482373.85,9088271025.42,1655453626.36,11862477374.86,1,EXTREME_YOY_COLLAPSE
Kelapa Sawit & CPO,339368.69,62933.64,62998.0,12711410.46,3177852.61,2565.22,0.0,251828442357.43,1011716937.36,0.0,35313542035.57,0,NORMAL
Kelapa Sawit & CPO,648151.95,110139.91,111809.28,21934990.36,5483747.59,22484.65,0.0,398191898411.77,1399691001.5,0.0,60847170903.45,0,NORMAL
Ketenagalistrikan & PLTU,999323.36,803784.77,853874.77,12140951.68,3035237.92,4049.71,0.0,259186547014.4,385211810740.82,0.0,174011005483.2,0,NORMAL
Manufaktur & Pengolahan,434708.03,129221.25,125540.51,9570031.86,2392507.97,0.0,0.0,154970736008.28,20879471863.39,98234965707.78,72568950487.79,0,NORMAL
Logam & Baja,318768.65,511525.08,534483.16,9494916.74,2373729.18,0.0,0.0,222584220364.55,87327676237.26,228907122587.71,179221912145.36,0,NORMAL
Manufaktur & Pengolahan,879187.2,287471.22,286855.37,21667943.11,5416985.78,0.0,0.0,491113804073.27,27603234675.0,191050019785.97,187787709334.69,0,NORMAL
Pulp & Kertas,443923.18,179691.99,178136.96,8049424.41,2012356.1,8465.4,0.0,131989013768.5,49577938443.87,115439368330.23,96888058035.36,0,NORMAL
Logam & Baja,211444.36,309684.38,289288.03,5483797.21,1370949.3,0.0,0.0,132936307327.71,55554243930.39,111093406903.72,98939849886.84,0,NORMAL
Manufaktur & Pengolahan,365711.73,117823.48,117003.65,8748548.55,2187137.14,0.0,0.0,183368351316.43,17563675570.6,110158512529.4,84666526390.8,0,NORMAL
Manufaktur & Pengolahan,315840.44,88394.15,94231.02,6638584.76,1659646.19,0.0,0.0,130940897119.22,11215323695.73,55933980444.14,50258716578.54,0,NORMAL
Pulp & Kertas,233448.13,126974.13,119243.0,5677705.1,1419426.27,2914.31,0.0,113312120137.65,28293704409.86,69043018159.23,59425370714.18,0,NORMAL
Kelapa Sawit & CPO,663474.83,64964.76,66051.17,13085868.32,3271467.08,13567.65,0.0,275480249763.66,1437232019.61,0.0,33992321784.0,0,NORMAL
Pulp & Kertas,80429.67,41959.97,44679.21,1902876.98,475719.24,22387.21,0.0,46647112245.39,6699602843.54,28816009701.59,26381994316.53,0,NORMAL
Pulp & Kertas,410163.36,127050.04,132860.52,5727797.43,1431949.36,6300.98,0.0,114223769780.23,28470268648.64,104370496488.83,75413561651.14,0,NORMAL
Semen & Bahan Bangunan,392657.84,307235.24,320537.24,3814207.15,953551.79,7959.07,285680.66,79694904321.24,71917940379.41,71630002049.71,48519608339.09,0,NORMAL
Semen & Bahan Bangunan,332544.74,204147.39,211560.36,1820803.82,455200.96,16145.97,240293.95,31463005083.68,29183525379.59,28062851336.25,20005571011.38,0,NORMAL
Ketenagalistrikan & PLTU,1011012.28,905483.51,884165.48,13331239.16,3332809.79,23422.56,0.0,287294836834.3,430026737370.27,0.0,156914014897.16,0,NORMAL
Logam & Baja,746859.96,1461750.91,1461646.4,5652018.91,1270453.92,5269.29,0.0,4935643346.93,4704930917.87,3703338592.22,7088455696.32,1,FUEL_COST_MISMATCH
Semen & Bahan Bangunan,750736.95,436244.62,427324.71,3665835.97,916458.99,15785.06,543650.13,89402150263.65,68147471867.34,50000691045.14,44473180134.58,0,NORMAL
Manufaktur & Pengolahan,532061.63,150746.45,152715.95,11418064.06,2854516.02,0.0,0.0,230322355984.58,24589211988.51,122173753623.91,94397343995.95,0,NORMAL
Logam & Baja,215928.63,406213.88,383902.42,7728118.96,1932029.74,0.0,0.0,124704290996.33,111567244369.24,177031625551.35,155358022444.26,0,NORMAL
Ketenagalistrikan & PLTU,1196128.07,1064066.51,1065843.3,15920553.31,3980138.33,4073.69,0.0,303687973992.25,548850674992.84,0.0,209600102074.06,0,NORMAL
Semen & Bahan Bangunan,390120.15,260768.61,274154.75,2554412.26,638603.06,14132.57,294678.05,59144191702.8,39660554945.51,44006047984.08,28174154326.94,0,NORMAL
Semen & Bahan Bangunan,358377.62,211858.57,199068.46,1831436.72,457859.18,15005.07,257194.4,31292666020.25,22149639411.93,31470708857.71,21537733546.81,0,NORMAL
Ketenagalistrikan & PLTU,697188.62,9908.06,663817.42,3662995.75,756116.53,11439.02,0.0,79644897805.94,19756133310.79,2477310410.34,10376357996.42,1,IMPOSSIBLE_PRODUCTION_INTENSITY
Pulp & Kertas,532860.49,319412.3,305774.98,14310575.8,3577643.95,17733.87,0.0,335484830721.36,81510716262.19,236784718141.39,183253804278.19,0,NORMAL
Logam & Baja,411054.35,578966.09,584400.57,9903635.31,2475908.83,0.0,0.0,196159872211.66,119316810688.69,210952260575.91,227204844898.63,0,NORMAL
Kelapa Sawit & CPO,657362.74,75833.5,71550.53,15045185.18,3761296.29,5171.0,0.0,351772888596.2,1006973410.75,0.0,50009540693.34,0,NORMAL
Kelapa Sawit & CPO,292655.86,46910.62,47956.01,9442608.62,2360652.16,11456.91,0.0,221041435160.89,674265501.0,0.0,29878376178.65,0,NORMAL
Manufaktur & Pengolahan,871748.3,309142.1,301163.13,23178086.72,5794521.68,0.0,0.0,376493212386.15,48912356506.3,222130523006.8,198247267509.45,0,NORMAL
Logam & Baja,151620.61,316004.09,314062.08,6368775.26,1592193.82,0.0,0.0,119219214991.44,85760990756.5,131024178141.54,154165931268.48,0,NORMAL
Ketenagalistrikan & PLTU,486105.66,105093.88,393075.59,6284303.79,1115672.09,12257.66,0.0,141291613322.73,5921983957.7,2327276987.09,5900084118.24,1,UNDER_REPORTING_FRAUD
Manufaktur & Pengolahan,857481.07,104575.52,108190.78,7805663.45,1951415.86,0.0,0.0,175123040703.19,16101430163.21,106011234231.09,68895163942.86,0,NORMAL
Manufaktur & Pengolahan,758821.34,209681.26,200144.92,15815736.73,3953934.18,0.0,0.0,358735211798.26,30231861896.62,166853651632.5,122406189822.69,0,NORMAL
Manufaktur & Pengolahan,211994.57,52947.07,52228.89,3978609.23,994652.31,0.0,0.0,70367446157.46,7092340106.54,34108395628.2,35120047944.63,0,NORMAL
Kelapa Sawit & CPO,851639.17,195543.75,189649.48,39352511.01,9838127.75,19668.55,0.0,927629644911.26,2382116612.9,0.0,96065219800.21,0,NORMAL
Ketenagalistrikan & PLTU,478470.23,451461.09,464138.62,5040491.42,1410283.08,14824.53,0.0,3376541372.0,5985381807.1,2794508987.42,9260923092.99,1,FUEL_COST_MISMATCH
Logam & Baja,347082.1,163773.58,489461.38,4048655.41,1762001.34,3289.92,260311.58,90432788369.56,15527434762.84,6850482546.48,9246500154.85,1,UNREPORTED_PROCESS_EMISSIONS
Ketenagalistrikan & PLTU,1150609.71,1056869.02,1051817.26,15569520.86,3892380.21,18845.57,0.0,337429410410.94,412730710833.15,0.0,221815934109.22,0,NORMAL
Logam & Baja,372338.47,836401.79,868417.28,16554200.99,4138550.25,0.0,0.0,304708462783.42,138218158264.58,399873753613.59,315842338642.51,0,NORMAL
Semen & Bahan Bangunan,145976.35,28451.31,105449.16,7182718.99,1545329.88,14787.22,105102.97,148589509219.76,15874220868.52,5852026714.3,10797351615.57,1,UNDER_REPORTING_FRAUD
Ketenagalistrikan & PLTU,969302.24,814667.69,826400.91,12148550.94,3037137.73,11019.65,0.0,249275859797.2,455212876038.95,0.0,140581064975.18,0,NORMAL
Ketenagalistrikan & PLTU,354969.41,4873.05,319968.99,3282504.47,977823.43,2431.21,0.0,62733416970.38,9037966808.73,5501421460.82,7392274537.74,1,IMPOSSIBLE_PRODUCTION_INTENSITY
Pulp & Kertas,218881.6,106965.03,108530.95,4787467.63,1196866.91,17589.61,0.0,92283543512.2,30058140377.88,72179546260.43,67304283869.72,0,NORMAL
Logam & Baja,411445.06,8218.95,984910.68,2721336.12,1295747.63,2102.13,0.0,57312627640.73,9479379603.32,3507505697.22,10623303678.07,1,IMPOSSIBLE_PRODUCTION_INTENSITY
Manufaktur & Pengolahan,749324.62,16199.52,229351.46,7447194.73,620926.71,10768.72,0.0,151416055630.64,19109145588.48,6723589671.35,11330845817.44,1,IMPOSSIBLE_PRODUCTION_INTENSITY
Semen & Bahan Bangunan,171144.95,104216.37,110114.89,973329.8,243332.45,8120.15,123246.7,23806352512.12,12477126550.04,16544955556.53,12996108165.13,0,NORMAL
Pulp & Kertas,470561.36,273557.53,256684.86,12149455.63,3037363.91,2472.45,0.0,220693264870.18,73398052545.08,189660497225.56,169417864045.11,0,NORMAL
Logam & Baja,476295.33,911121.4,921198.54,18279042.46,4569760.61,0.0,0.0,440066195044.55,151387022181.8,477215966164.99,382511220175.51,0,NORMAL
Pulp & Kertas,341671.69,175559.19,183932.85,7962177.83,1990544.46,23341.68,0.0,194621264784.43,47819910150.98,119034519920.57,110875619857.24,0,NORMAL
Manufaktur & Pengolahan,259747.21,73349.29,72424.72,5543492.72,1385873.18,0.0,0.0,101869232361.37,9283981075.46,44407531209.05,43246178673.51,0,NORMAL
Logam & Baja,58904.0,101406.44,99295.03,1950794.66,487698.67,0.0,0.0,44616147322.67,20227349663.24,43583179042.32,37015479319.98,0,NORMAL
Semen & Bahan Bangunan,332155.91,217773.8,231040.56,2189859.64,547464.91,20106.24,243019.73,40438549660.8,34225215564.55,35150066226.79,29870208623.27,0,NORMAL
Ketenagalistrikan & PLTU,393402.87,316046.63,308858.4,4691635.48,1172908.87,5710.64,0.0,104032824076.7,106864302757.71,0.0,59848440911.42,0,NORMAL
Kelapa Sawit & CPO,161250.35,13093.23,12806.97,2567169.8,641792.45,10206.41,0.0,44147055936.96,209291456.77,0.0,7923855221.79,0,NORMAL
Semen & Bahan Bangunan,128417.7,76811.4,75785.86,741488.32,185372.08,22417.5,89013.57,17817494148.58,8123573038.42,8848391150.32,9822416014.59,0,NORMAL
Ketenagalistrikan & PLTU,409940.93,66720.19,393649.14,7906779.64,694766.19,13596.45,0.0,176400603441.57,6811440557.71,6415789749.95,10542141501.13,1,EXTREME_YOY_COLLAPSE
Pulp & Kertas,542379.32,226393.47,217467.94,10144286.9,2536071.73,13814.44,0.0,204487765926.19,61007665199.05,182292697905.39,108917406505.33,0,NORMAL
Pulp & Kertas,142453.91,49714.71,47936.21,2228399.71,557099.93,10207.51,0.0,47695132097.64,10838064823.34,27959729199.29,30615013598.73,0,NORMAL
Manufaktur & Pengolahan,430614.29,82570.3,81144.52,6169165.23,1542291.31,0.0,0.0,153897540746.12,9074615443.63,65954408214.74,55489188496.57,0,NORMAL
Manufaktur & Pengolahan,471998.94,120480.6,115111.85,8926944.74,2231736.19,0.0,0.0,163422021158.09,12782536949.36,85133881057.28,75678621287.14,0,NORMAL
Manufaktur & Pengolahan,325714.99,106189.39,104063.07,6773939.48,1042775.05,8099.34,0.0,9747698563.25,19093578007.34,2688617404.26,5562182169.28,1,FUEL_COST_MISMATCH
Ketenagalistrikan & PLTU,112388.89,104685.16,100788.5,1539460.47,384865.12,12474.82,0.0,25654262973.03,33740069780.07,0.0,20799729698.28,0,NORMAL
Manufaktur & Pengolahan,680063.7,177631.47,169301.22,13299601.03,3324900.26,0.0,0.0,326286290938.92,16772547272.95,130005077089.61,133394794462.44,0,NORMAL
Ketenagalistrikan & PLTU,1002472.96,841197.02,787328.65,12484577.02,3121144.26,9783.06,0.0,249445794755.86,456767033600.78,0.0,158469607054.71,0,NORMAL
Semen & Bahan Bangunan,737536.15,183163.48,534088.79,3402933.4,1451632.06,1515.99,553152.11,71237758504.34,12648981260.31,3299043409.61,6920688325.78,1,UNREPORTED_PROCESS_EMISSIONS
Ketenagalistrikan & PLTU,306819.56,234296.93,233065.2,3515863.55,878965.89,3735.28,0.0,84674411874.44,101820245021.27,0.0,42457747967.51,0,NORMAL
Semen & Bahan Bangunan,572951.13,339120.31,359385.47,2995771.65,748942.91,14020.4,408276.11,61118379728.69,47213528895.37,51603817270.79,41056908242.36,0,NORMAL
Manufaktur & Pengolahan,535944.15,110730.68,169546.24,7714591.86,809641.55,8762.29,0.0,158557761406.31,7097592683.28,2112961163.49,4986521171.4,1,UNDER_REPORTING_SUBTLE
Kelapa Sawit & CPO,493939.01,120146.52,118106.62,23826819.78,5956704.94,4181.11,0.0,500103815672.74,2096166286.74,0.0,63966661160.25,0,NORMAL
Manufaktur & Pengolahan,287250.94,82401.22,84365.39,6216089.99,1554022.5,0.0,0.0,133026777521.79,10711975543.58,73598165634.84,63425064858.5,0,NORMAL
Logam & Baja,82650.21,191520.88,198429.64,3925284.43,981321.11,0.0,0.0,69686799547.28,48027466833.76,81821158278.35,95119024738.56,0,NORMAL
Semen & Bahan Bangunan,396496.15,100379.32,263476.55,5812833.24,1402527.92,10370.29,285477.23,118810426396.78,12920014773.19,3790872329.63,9073098172.04,1,UNDER_REPORTING_FRAUD
Ketenagalistrikan & PLTU,1217705.77,1329895.12,1305933.83,20096042.95,5024010.74,5673.87,0.0,339644438619.08,742081429525.39,0.0,299548687305.01,0,NORMAL
Pulp & Kertas,654292.15,334539.56,322973.31,14990388.54,3747597.14,16498.21,0.0,296028237577.59,93038848607.8,169975774830.14,185552505609.37,0,NORMAL
Manufaktur & Pengolahan,692063.39,202983.62,197786.58,15061329.4,3765332.35,0.0,0.0,330132676718.28,22312945683.94,143045021076.96,154383903172.07,0,NORMAL
Logam & Baja,74558.08,118979.78,120788.59,2224044.58,556011.15,0.0,0.0,37220992477.3,23586145928.56,51955039933.44,47215116011.56,0,NORMAL
Semen & Bahan Bangunan,544496.88,315547.45,316101.92,2314512.9,578628.23,15840.53,407971.1,46146690799.02,31955158004.77,45084315998.68,24364158402.96,0,NORMAL
Pulp & Kertas,390776.42,130608.72,124951.74,5854806.72,1463701.68,23780.96,0.0,141908259246.55,21212503803.22,85492130083.69,66844571468.67,0,NORMAL
Manufaktur & Pengolahan,351051.3,126898.16,124777.29,9337564.43,2334391.11,0.0,0.0,195711396439.33,16988959006.19,81366125735.8,81319716561.41,0,NORMAL
Ketenagalistrikan & PLTU,1068338.26,979708.58,972350.76,14704315.36,3676078.84,930.33,0.0,275932261733.81,448265152554.74,0.0,211728663675.01,0,NORMAL
Manufaktur & Pengolahan,401249.25,109225.96,105144.34,8212649.61,2053162.4,0.0,0.0,150217717969.5,13958981046.54,97293838566.17,75815493676.41,0,NORMAL
Logam & Baja,73777.71,132903.93,126163.58,2550906.8,637726.7,0.0,0.0,54619021818.34,35043753919.97,56619591324.5,54533734881.84,0,NORMAL
Ketenagalistrikan & PLTU,455534.87,440786.67,453548.12,6563485.92,1640871.48,5442.13,0.0,131022847586.74,150657531387.03,0.0,76253344068.9,0,NORMAL
Logam & Baja,278477.66,204925.48,586543.82,8699685.91,1151989.66,9442.6,208858.25,183865551513.8,19495280401.33,5338803836.67,11735567459.55,1,UNREPORTED_PROCESS_EMISSIONS
Logam & Baja,265550.01,380628.66,359961.26,6619769.34,1654942.33,0.0,0.0,140591021378.14,86094437789.73,127396213197.14,161250008659.65,0,NORMAL
Manufaktur & Pengolahan,197885.52,52873.91,54991.46,3911862.38,977965.6,0.0,0.0,62835446399.74,5512405738.21,38315383524.77,36289174895.53,0,NORMAL
Logam & Baja,605257.08,10269.07,1020477.09,5221331.96,1592610.19,12853.82,0.0,111169865244.95,11945306229.16,1582236739.27,4730938679.44,1,IMPOSSIBLE_PRODUCTION_INTENSITY
Logam & Baja,615319.11,146161.85,955658.58,3585234.94,1083809.62,11558.16,0.0,76046831208.99,10095494825.7,5105512363.87,7946220261.41,1,EXTREME_YOY_COLLAPSE
Semen & Bahan Bangunan,89152.53,56798.98,56274.13,562936.28,140734.07,9394.32,63310.71,9717113937.82,10002762166.51,10374085413.41,6580024139.75,0,NORMAL
Kelapa Sawit & CPO,152345.76,23648.3,23444.57,4727233.45,1181808.36,12615.43,0.0,115362783644.8,429159485.98,0.0,14664144709.36,0,NORMAL
Ketenagalistrikan & PLTU,831488.52,728949.02,694698.32,10913715.94,2728428.98,10768.11,0.0,254248359037.07,327904617452.8,0.0,146068654232.01,0,NORMAL
Pulp & Kertas,607179.86,252690.5,267629.23,11434799.65,2858699.91,13565.25,0.0,200851081350.27,59438871962.21,197167584111.14,143651683568.26,0,NORMAL
Ketenagalistrikan & PLTU,446053.33,2330.84,391446.85,4099843.04,1423547.27,10315.37,0.0,80533384869.05,14068643950.85,2410300111.48,12795040583.11,1,IMPOSSIBLE_PRODUCTION_INTENSITY
Kelapa Sawit & CPO,188891.4,4394.9,28709.92,4361100.39,724653.6,14758.85,0.0,83585245181.05,17609132735.24,6295348229.48,6768647607.22,1,UNDER_REPORTING_FRAUD
Manufaktur & Pengolahan,347838.98,112259.67,107833.71,4733506.95,1024024.52,7407.37,0.0,4471838490.77,12561088810.05,1933336920.48,6522754196.26,1,FUEL_COST_MISMATCH
Semen & Bahan Bangunan,852007.79,571052.9,594930.59,6142596.62,1535649.16,15897.93,599979.65,147985686584.03,104501691539.43,104625878010.35,64087455696.36,0,NORMAL
Manufaktur & Pengolahan,619389.76,125262.82,126978.42,9331485.0,2332871.25,0.0,0.0,180661597889.44,15849777274.91,128919875127.31,82507689797.48,0,NORMAL
Semen & Bahan Bangunan,322899.14,177877.63,177986.35,1409938.96,352484.74,16864.96,222271.33,30804626904.72,18946264105.6,20305563483.19,18086086671.61,0,NORMAL
Semen & Bahan Bangunan,178047.27,104965.53,103809.21,925310.05,231327.51,16661.7,126036.72,20349253934.19,13542524946.25,13549905640.4,10119368674.16,0,NORMAL
Manufaktur & Pengolahan,126537.31,29442.53,28915.75,2169526.26,542381.57,0.0,0.0,47339068559.35,4243260479.97,28334705769.36,16785313538.42,0,NORMAL
Ketenagalistrikan & PLTU,245795.55,224881.66,213783.62,6143714.96,1084853.39,13282.31,0.0,6909407062.85,19272600447.64,4000558521.41,6601235271.1,1,FUEL_COST_MISMATCH
Ketenagalistrikan & PLTU,1462201.96,1739188.58,1752868.96,25916552.93,6479138.23,12034.09,0.0,643309774889.31,792159155104.64,0.0,338822246900.08,0,NORMAL
Logam & Baja,215274.71,469750.1,478802.77,9231654.48,2307913.62,0.0,0.0,185393176759.39,110062670745.58,258833525094.72,228111660313.67,0,NORMAL
Manufaktur & Pengolahan,294421.72,64233.44,61767.95,3745321.09,633454.86,9087.83,0.0,4047064721.97,11406479350.97,5854626042.86,7078801569.64,1,FUEL_COST_MISMATCH
Semen & Bahan Bangunan,759302.75,619907.76,633468.68,8201564.9,2050391.22,6974.44,530122.98,144433946146.56,116589709245.57,161285900525.98,98954598288.93,0,NORMAL
Pulp & Kertas,639576.19,30137.75,280325.75,3319165.81,838221.88,3140.22,0.0,71098526855.96,7116362807.26,3684422291.25,7817410864.77,1,EXTREME_YOY_COLLAPSE
Manufaktur & Pengolahan,629780.93,178907.07,182661.96,13196356.85,3299089.21,0.0,0.0,231909271739.38,16389521447.49,160976603283.29,126936023489.09,0,NORMAL
Semen & Bahan Bangunan,836399.03,644944.28,675796.78,8070974.21,2017743.55,23823.67,583051.22,191910958374.34,99088632378.06,113279594304.73,83702394690.64,0,NORMAL
Kelapa Sawit & CPO,719342.41,99184.51,94476.77,19533762.31,4883440.58,15739.59,0.0,475188838033.04,1470182984.08,0.0,48593922685.04,0,NORMAL
Pulp & Kertas,400050.63,188852.62,200604.24,8583399.35,2145849.84,2803.88,0.0,147476539022.86,32248222796.95,151220604806.49,93520295798.64,0,NORMAL
Semen & Bahan Bangunan,318391.2,216260.49,213131.77,2139038.61,534759.65,14155.05,237215.63,50408996292.62,29500391840.53,25077252927.23,27021904196.25,0,NORMAL
Kelapa Sawit & CPO,154331.57,4798.29,32121.28,4175892.04,1339581.52,12810.78,0.0,84448513823.03,12980432307.45,1411368679.84,5520177378.62,1,EXTREME_YOY_COLLAPSE
Pulp & Kertas,291103.17,47567.14,136550.46,7402082.43,1254286.0,5025.87,218327.38,155816651498.89,8147189222.9,3649694600.24,4457166138.59,1,UNREPORTED_PROCESS_EMISSIONS
Logam & Baja,186288.02,415822.78,407870.47,8185696.96,2046424.24,0.0,0.0,137915917153.15,106942908973.24,149909087279.21,167097551189.52,0,NORMAL
Kelapa Sawit & CPO,194483.66,47804.2,49291.81,9490370.77,2372592.69,24451.24,0.0,172765211174.84,935099370.53,0.0,31228858514.93,0,NORMAL
Pulp & Kertas,447341.4,230293.5,228346.37,10401959.74,2600489.94,23137.93,0.0,235097844962.76,66634041592.96,153543460364.28,125808259499.99,0,NORMAL
Ketenagalistrikan & PLTU,516728.2,408685.61,421199.41,6123578.3,1530894.58,2955.69,0.0,144955843274.03,181534326427.67,0.0,84089149623.38,0,NORMAL
Kelapa Sawit & CPO,307441.33,65896.77,70409.01,13245489.2,3311372.3,19616.3,0.0,327293909274.91,918359715.76,0.0,41522482401.94,0,NORMAL
Logam & Baja,85510.89,163857.37,167743.93,3219674.98,804918.74,0.0,0.0,64310369133.24,33661807869.03,78866304455.32,60224151100.73,0,NORMAL
Manufaktur & Pengolahan,595261.17,197351.73,192925.28,14647622.1,3661905.52,0.0,0.0,263270766446.23,24737106014.42,145244930286.27,119289426985.07,0,NORMAL
Logam & Baja,353458.48,602236.56,558108.89,11067154.55,2766788.64,0.0,0.0,241713180966.65,101021683983.65,222357815530.49,228044673493.91,0,NORMAL
Pulp & Kertas,245441.82,101957.9,105864.37,4573297.91,1143324.48,7964.66,0.0,94455513543.39,23993814114.94,57527429862.58,48609693975.17,0,NORMAL
Kelapa Sawit & CPO,81979.33,11606.89,11554.95,2327093.15,581773.29,758.72,0.0,39487475889.6,147103709.97,0.0,6819805898.58,0,NORMAL
Manufaktur & Pengolahan,637911.35,256563.02,245051.63,18874931.78,4718732.95,0.0,0.0,444928737250.83,23592152497.6,186955826367.62,174728082763.66,0,NORMAL
Kelapa Sawit & CPO,291102.05,56084.47,54455.38,11188796.34,2797199.08,16471.4,0.0,233820348198.96,790725869.26,0.0,30527856665.73,0,NORMAL
Semen & Bahan Bangunan,447510.12,46310.86,229779.24,8276396.46,692415.49,6591.71,322207.29,166960836572.16,16565191469.19,6122853569.04,3270127221.51,1,UNDER_REPORTING_FRAUD
Ketenagalistrikan & PLTU,1134081.92,1022994.76,983871.91,15394986.39,3848746.6,15786.91,0.0,341007585185.92,548839147199.27,0.0,193511490770.03,0,NORMAL
Semen & Bahan Bangunan,231408.9,44858.67,165960.34,7467088.4,1110149.99,12293.99,166614.41,147899909653.45,16204565515.99,6759846236.2,7802859135.9,1,UNDER_REPORTING_FRAUD
Manufaktur & Pengolahan,109627.81,32480.86,31662.67,2450343.9,612585.97,0.0,0.0,49516453022.86,5291618871.11,28206180521.29,19866192334.84,0,NORMAL
Pulp & Kertas,156809.04,67801.41,66107.86,3044294.76,761073.69,1168.22,0.0,60603132442.11,17586357893.28,58411496661.13,35568256681.33,0,NORMAL
Ketenagalistrikan & PLTU,1171157.93,1080896.46,1064224.05,16189905.18,4047476.3,6705.54,0.0,280395650463.79,396457958094.57,0.0,228869225691.84,0,NORMAL
Pulp & Kertas,308409.11,141176.59,143968.75,6327381.15,1581845.29,16202.74,0.0,152827732416.85,27768874386.7,84117737208.61,70877736805.12,0,NORMAL
Kelapa Sawit & CPO,786047.03,207118.33,200932.45,41051947.92,10262986.98,2822.89,0.0,924742527030.4,3352489196.51,0.0,119938398127.47,0,NORMAL
Pulp & Kertas,887104.99,424257.07,398889.42,18866597.93,4716649.48,18890.41,0.0,443891748783.07,105881556409.92,328956199578.52,269900858851.74,0,NORMAL
Manufaktur & Pengolahan,236935.18,28534.35,85137.17,5950320.53,1209167.08,6177.43,177701.39,119546672693.58,12608157884.01,5653487911.07,11316982724.9,1,UNREPORTED_PROCESS_EMISSIONS
Kelapa Sawit & CPO,226646.87,38986.2,38214.91,7703994.67,1925998.67,10349.54,0.0,159482391969.02,497505855.57,0.0,23442586680.48,0,NORMAL
Kelapa Sawit & CPO,331284.8,46855.21,48525.36,9202343.38,2300585.85,24736.62,0.0,213994125768.73,797635967.03,0.0,23716426554.84,0,NORMAL
Pulp & Kertas,789405.65,394502.29,380093.51,17838687.27,4459671.82,20870.85,0.0,391544636255.79,66549743978.58,223800112306.09,191082307624.3,0,NORMAL
Kelapa Sawit & CPO,226831.7,29176.25,29281.8,5739614.27,1434903.57,22806.25,0.0,94013467025.82,615991306.17,0.0,16831282472.27,0,NORMAL
Ketenagalistrikan & PLTU,389003.43,437083.39,414549.55,6531937.98,1632984.49,4513.09,0.0,118553828821.46,140993354366.68,0.0,92499177318.54,0,NORMAL
Ketenagalistrikan & PLTU,227080.34,201864.43,195490.88,3007306.14,751826.54,22305.87,0.0,72293689615.18,75111013507.82,0.0,36695377538.47,0,NORMAL
Logam & Baja,179123.62,259581.09,263882.33,4535551.59,1133887.9,0.0,0.0,94367966975.13,49623843566.18,95325444729.89,82004500373.88,0,NORMAL
Semen & Bahan Bangunan,732929.55,427367.09,434051.36,3868871.14,967217.79,17167.81,508791.53,74458121827.24,41744069066.36,61815385502.92,40396588080.47,0,NORMAL
Kelapa Sawit & CPO,808348.88,126351.89,128638.24,24960097.01,6240024.25,12612.48,0.0,495535161775.59,2435296313.03,0.0,78765577683.22,0,NORMAL
Semen & Bahan Bangunan,356662.08,243046.9,236452.71,2549355.83,637338.96,6959.34,263488.45,53755147382.69,33741512304.6,34383164701.59,33501376493.87,0,NORMAL
Ketenagalistrikan & PLTU,986437.18,827052.4,801511.36,12252797.04,3063199.26,17027.1,0.0,230302172939.05,263819684964.88,0.0,154435296386.59,0,NORMAL
Pulp & Kertas,707266.05,273849.34,266466.67,12268841.14,3067210.28,22533.41,0.0,199191435461.06,61472405536.14,142709944609.24,175967880019.41,0,NORMAL
Manufaktur & Pengolahan,436751.23,137748.48,145084.76,10323946.4,2580986.6,0.0,0.0,240646032222.28,22120363810.85,101766574973.11,101878947208.6,0,NORMAL
Pulp & Kertas,359628.29,182069.54,189411.56,8174611.59,2043652.9,5653.71,0.0,184799280007.3,30781944903.58,120203447744.13,99621565431.21,0,NORMAL
Pulp & Kertas,816860.38,390412.77,389384.35,17732659.0,4433164.75,3232.21,0.0,413048960428.01,70915297975.42,201681847836.19,231800107814.07,0,NORMAL
Ketenagalistrikan & PLTU,277375.25,256766.68,261248.41,3817788.46,954447.11,17801.97,0.0,74052235304.18,139034709278.64,0.0,45375404917.75,0,NORMAL
Ketenagalistrikan & PLTU,1409856.56,1117351.59,1052774.01,16641763.98,4160440.99,2772.99,0.0,312449524969.22,581175145804.78,0.0,244359920142.45,0,NORMAL
Logam & Baja,443844.29,856455.17,869609.51,17144737.11,4286184.28,0.0,0.0,367554303534.02,162031973580.67,461473456079.9,431057985748.77,0,NORMAL
Manufaktur & Pengolahan,151648.4,1336.87,43074.11,7189235.29,765632.17,8297.92,0.0,156836377680.01,19909885216.98,4639444109.2,10605560204.45,1,IMPOSSIBLE_PRODUCTION_INTENSITY
Ketenagalistrikan & PLTU,1019837.77,1036246.86,1009955.25,15537767.14,3884441.78,8146.02,0.0,259833987773.53,415919940286.51,0.0,211510454766.67,0,NORMAL
Semen & Bahan Bangunan,555142.98,378922.94,399851.41,4374295.76,1093573.94,913.28,381726.08,76005480930.12,45265675791.85,67130191263.14,58686570023.06,0,NORMAL
Logam & Baja,471238.16,696768.89,705559.3,13069283.26,3267320.81,0.0,0.0,219461144472.66,198513933189.32,381270602229.67,260241654277.55,0,NORMAL
Kelapa Sawit & CPO,243158.9,45724.83,47508.17,9233412.28,2308353.07,2407.31,0.0,166346973730.24,890695136.83,0.0,27689728510.18,0,NORMAL
Manufaktur & Pengolahan,356585.79,78804.4,77767.24,5916999.56,1479249.89,0.0,0.0,121595512115.17,11020872139.46,80949229800.35,47775572515.06,0,NORMAL
Kelapa Sawit & CPO,233986.9,55391.14,57352.85,11062548.8,2765637.2,10841.35,0.0,221917419283.75,1222810760.64,0.0,29331524516.38,0,NORMAL
Ketenagalistrikan & PLTU,1168797.01,939868.12,980512.07,14217657.56,3554414.39,11092.92,0.0,240499738378.3,324831029100.8,0.0,199073436453.52,0,NORMAL
Semen & Bahan Bangunan,266215.95,223561.07,223803.91,3005038.49,751259.62,16588.62,182358.24,64079311240.83,50038304066.6,55879522797.38,32603886426.58,0,NORMAL
Manufaktur & Pengolahan,827500.54,240035.65,244824.84,17999650.38,4499912.59,0.0,0.0,387069651853.62,32115647190.84,251020381328.09,158726757405.85,0,NORMAL
Pulp & Kertas,819636.23,316728.97,308727.77,14002384.18,3500596.04,7381.87,0.0,276871760918.28,48772463637.45,197166890558.67,169943349550.1,0,NORMAL
Kelapa Sawit & CPO,715185.66,115925.5,112230.52,23059698.66,5764924.66,13939.07,0.0,551087863655.8,2001411907.76,0.0,64559716821.66,0,NORMAL
Semen & Bahan Bangunan,243524.43,154519.12,161094.36,1606535.0,401633.75,10797.77,167146.61,27917329324.57,21235266927.51,26241351261.2,17253961760.58,0,NORMAL
Ketenagalistrikan & PLTU,769340.19,265134.23,818530.74,6046561.0,807197.66,3226.81,0.0,117005763583.95,6298296075.33,4616398178.27,8346477621.36,1,UNDER_REPORTING_FRAUD
Semen & Bahan Bangunan,121509.38,28046.26,76875.83,8609692.31,664409.18,9246.99,91132.04,170545040285.47,7137637289.68,3137617994.98,4254503948.91,1,UNREPORTED_PROCESS_EMISSIONS
Manufaktur & Pengolahan,705482.03,232661.92,218755.84,17226451.02,4306612.75,0.0,0.0,350631165412.29,24331952515.41,157161834563.16,166033612157.44,0,NORMAL
Semen & Bahan Bangunan,753396.23,438730.28,436653.57,3616245.68,904061.42,16010.93,544898.55,64388469133.54,53624793358.88,67836008927.29,45014057998.99,0,NORMAL
Manufaktur & Pengolahan,854569.93,172975.3,176468.39,12783145.02,3195786.26,0.0,0.0,254685907573.37,21379046384.49,117708328894.45,128250643887.15,0,NORMAL
Logam & Baja,423674.02,781551.51,816595.99,15531957.14,3882989.28,0.0,0.0,277028220197.92,235761527131.35,269032164221.16,289815460143.42,0,NORMAL
Kelapa Sawit & CPO,346848.18,42665.95,42983.73,8463832.61,2115958.15,23656.78,0.0,202819648004.46,540750877.76,0.0,20964158091.22,0,NORMAL
Pulp & Kertas,767927.37,450215.44,446920.14,19988590.99,4997147.75,23784.45,0.0,414945216554.48,94677625370.55,240744961924.96,286854752046.65,0,NORMAL
Ketenagalistrikan & PLTU,1244516.37,1164868.72,1189535.38,17254072.27,4313518.07,12793.78,0.0,298010416073.54,437599829242.84,0.0,195117597831.16,0,NORMAL
Ketenagalistrikan & PLTU,115336.57,104596.76,101083.53,1545496.58,386374.14,5545.27,0.0,36514182948.45,38643831538.47,0.0,16582117419.16,0,NORMAL
Kelapa Sawit & CPO,229931.76,42589.97,44259.2,8552084.83,2138021.21,4141.04,0.0,151841542233.4,694791920.63,0.0,20508025876.86,0,NORMAL
Semen & Bahan Bangunan,302393.48,187277.29,190993.65,1875949.55,468987.39,10760.81,208577.43,31794264116.88,32259880272.95,25762899560.42,20422795021.31,0,NORMAL
Kelapa Sawit & CPO,368743.82,60424.44,62053.71,11971328.63,2992832.16,7733.39,0.0,232195729706.27,826637921.33,0.0,36386807069.35,0,NORMAL
Logam & Baja,111519.62,147304.44,146262.87,2523996.03,630999.01,0.0,0.0,41997472301.69,31673260800.38,49326990956.24,62294246254.94,0,NORMAL
Semen & Bahan Bangunan,736474.02,401035.09,390830.03,2881957.78,720489.44,2700.49,546050.88,52147350426.11,38915449488.63,59103846798.1,32077266713.07,0,NORMAL
Manufaktur & Pengolahan,704047.42,199838.07,192622.0,15106971.37,3776742.84,0.0,0.0,342988747311.71,21475468071.14,123846881266.74,137390422883.21,0,NORMAL
Logam & Baja,718609.51,738281.68,1335918.03,4274664.13,1720127.23,2447.88,0.0,92916530721.91,9704333096.25,2521468164.41,10555001398.02,1,UNDER_REPORTING_SUBTLE
Kelapa Sawit & CPO,367471.31,50325.3,50501.37,9949039.52,2487259.88,9815.6,0.0,246185161604.57,1053103607.86,0.0,30531642272.32,0,NORMAL
Manufaktur & Pengolahan,217377.02,44284.38,45049.98,3287085.1,821771.27,0.0,0.0,60623109456.56,4296562827.82,32301828576.2,33781895650.85,0,NORMAL
Pulp & Kertas,244273.94,135088.85,138179.79,6122789.5,1530697.37,20641.8,0.0,123765479102.09,37164910294.06,85633314306.04,70255344526.53,0,NORMAL
Manufaktur & Pengolahan,618562.8,186163.15,181170.59,13887384.59,3471846.15,0.0,0.0,254236876907.9,17408798747.58,196514015068.95,109988925642.33,0,NORMAL
Ketenagalistrikan & PLTU,1273900.65,1131100.68,1155322.6,17018838.58,4254709.64,5155.53,0.0,370995032906.52,485833574872.88,0.0,212853880180.52,0,NORMAL
Semen & Bahan Bangunan,349922.22,8001.74,205685.63,5286995.71,1379407.34,11210.18,251944.0,114193570205.36,12812172009.4,3977030384.99,9710593281.29,1,IMPOSSIBLE_PRODUCTION_INTENSITY
Semen & Bahan Bangunan,749201.74,71245.98,522407.18,3974870.83,625753.41,5348.1,539425.25,81041352154.91,9572494086.8,1885373241.37,7634981037.5,1,EXTREME_YOY_COLLAPSE
Semen & Bahan Bangunan,102828.94,61910.84,64939.35,525261.21,131315.3,15224.18,77443.92,13036537796.38,7834237174.61,9654394918.22,6202891251.53,0,NORMAL
Kelapa Sawit & CPO,139184.15,23965.7,25633.03,4814608.8,1203652.2,11364.49,0.0,94348968614.84,286272088.28,0.0,13072555685.55,0,NORMAL
Logam & Baja,237415.13,283710.04,432713.22,3868847.45,1746054.34,10792.49,0.0,78017691469.97,10255677451.31,3090960593.27,13310280194.02,1,UNDER_REPORTING_SUBTLE
Pulp & Kertas,151439.22,63348.35,66064.15,2857258.13,714314.53,9869.9,0.0,66973025278.64,18014817140.41,32358276710.29,37861387954.53,0,NORMAL
Manufaktur & Pengolahan,342407.79,79038.81,144417.65,3901001.86,905515.59,7825.95,0.0,76071670233.07,17840611330.45,6154273507.26,4589967010.86,1,UNDER_REPORTING_SUBTLE
Logam & Baja,421587.54,832822.48,851954.8,16196196.92,4049049.23,0.0,0.0,302928405298.5,223327278996.33,442485921510.63,315163747811.56,0,NORMAL
Kelapa Sawit & CPO,618656.5,129328.89,134196.75,25716983.25,6429245.81,24452.29,0.0,508116230498.3,1777940375.84,0.0,82281772565.27,0,NORMAL
Ketenagalistrikan & PLTU,357774.89,321064.87,318180.47,4819882.83,1204970.71,15721.25,0.0,95200682922.41,114961202394.75,0.0,61651349624.61,0,NORMAL
Pulp & Kertas,465448.46,263824.08,259284.01,11678217.84,2919554.46,901.79,0.0,289499110285.74,61858001987.55,201806635150.37,120309272534.86,0,NORMAL
Manufaktur & Pengolahan,402109.07,120654.88,114820.11,8886065.82,2221516.46,0.0,0.0,194841514069.94,11693638622.11,121201386476.79,88910219947.04,0,NORMAL
Kelapa Sawit & CPO,260632.93,29808.66,29099.73,6014753.13,1503688.28,20732.62,0.0,121718281355.08,614355597.47,0.0,18721917725.06,0,NORMAL
Pulp & Kertas,443848.12,80126.8,230706.0,3532034.41,1323399.53,8852.94,332886.09,68555328134.76,17049169366.26,6554855219.72,4093249819.77,1,UNREPORTED_PROCESS_EMISSIONS
Semen & Bahan Bangunan,578391.31,436892.1,455956.79,5445059.36,1361264.84,21343.73,410037.93,88250207927.7,64509608192.47,103513078393.32,60819945293.45,0,NORMAL
Logam & Baja,300140.24,614240.0,627201.26,12300626.83,3075156.71,0.0,0.0,276749647324.01,118723514858.76,224090890282.22,224130828119.66,0,NORMAL
Manufaktur & Pengolahan,809932.04,194439.38,193618.85,14521581.23,3630395.31,0.0,0.0,324516166211.42,21012996690.73,135811936044.05,130830906463.97,0,NORMAL
Ketenagalistrikan & PLTU,1342613.63,1266148.06,1269983.4,18843125.66,4710781.41,4670.44,0.0,414922506179.95,454538963520.53,0.0,246402408315.49,0,NORMAL
Ketenagalistrikan & PLTU,575148.44,603469.66,596829.3,8959837.62,2239959.4,19192.71,0.0,195859402602.31,229890326309.49,0.0,102184627054.9,0,NORMAL
Pulp & Kertas,650684.47,309706.27,309071.97,13686193.71,3421548.43,15481.61,0.0,264305820223.58,60483987260.7,184470752570.26,183967621321.16,0,NORMAL
Semen & Bahan Bangunan,785456.09,513898.44,537766.83,5264649.46,1316162.36,13414.93,564703.27,95622983679.49,58267745858.28,63463149973.88,72252098989.9,0,NORMAL
Ketenagalistrikan & PLTU,616018.75,723421.31,726887.26,10638313.18,2659578.29,7611.7,0.0,209143829897.44,366210799060.4,0.0,149197530295.98,0,NORMAL
Pulp & Kertas,677765.02,232205.68,232693.27,10552784.77,2638196.19,13260.93,0.0,257957609592.32,39600318254.7,119684567038.64,132101167689.74,0,NORMAL
Ketenagalistrikan & PLTU,623908.82,471971.51,479306.95,6984053.96,1746013.49,20688.17,0.0,119567292812.74,254537870158.93,0.0,94354781232.64,0,NORMAL
Kelapa Sawit & CPO,113497.88,22115.64,21330.99,4441111.97,1110277.99,8332.61,0.0,78135859330.35,387547727.4,0.0,13023716059.11,0,NORMAL
Semen & Bahan Bangunan,651603.4,417430.58,412862.82,4291927.05,1072981.76,17070.82,452349.22,77866861138.1,51782309432.54,49987189860.77,49434823561.18,0,NORMAL
Kelapa Sawit & CPO,516537.74,11977.81,81635.24,8650197.09,794282.07,14069.39,0.0,171492591335.41,8276658507.54,2904072397.96,10108290447.22,1,EXTREME_YOY_COLLAPSE
Kelapa Sawit & CPO,124812.94,24715.68,25260.26,4903501.81,1225875.45,13722.91,0.0,86432348993.11,338891635.48,0.0,12911420325.02,0,NORMAL
Ketenagalistrikan & PLTU,1194177.75,1164846.94,1163461.15,17597847.06,4399461.76,19730.16,0.0,287770782189.29,623416733201.99,0.0,232868700523.16,0,NORMAL
Logam & Baja,732494.15,11964.95,1509672.48,8393029.46,1294960.48,4131.85,0.0,162602232373.54,14289687522.91,2567097625.87,4751050163.99,1,IMPOSSIBLE_PRODUCTION_INTENSITY
Ketenagalistrikan & PLTU,597060.36,576547.61,599513.36,7464506.22,1595939.82,12559.16,0.0,4517037016.02,17615464432.65,6814542610.2,9306148066.91,1,FUEL_COST_MISMATCH
Semen & Bahan Bangunan,263975.45,187314.31,176338.2,2002893.75,500723.44,24769.69,196495.01,46986173612.68,36464319346.41,25331369234.14,22752393596.81,0,NORMAL
Ketenagalistrikan & PLTU,109896.2,54624.64,96040.27,5461151.71,1559674.7,8580.16,0.0,116494588245.87,7221956778.62,4309718951.91,5242725469.77,1,UNDER_REPORTING_SUBTLE
Semen & Bahan Bangunan,889108.68,519410.7,517429.97,4381311.21,1095327.8,17461.08,639509.74,109475270447.5,70653624184.21,74855676115.96,50979470484.54,0,NORMAL
Kelapa Sawit & CPO,799947.14,108140.06,102571.86,21210417.65,5302604.41,1357.45,0.0,469716543271.56,1525769858.1,0.0,63971990917.09,0,NORMAL
Kelapa Sawit & CPO,311634.41,63015.51,64997.32,12616697.08,3154174.27,4686.68,0.0,205270753736.6,987906626.37,0.0,32510424732.77,0,NORMAL
Kelapa Sawit & CPO,185440.93,28736.24,27953.28,5774643.55,1443660.89,23912.67,0.0,142422333885.13,638769897.4,0.0,16559451333.78,0,NORMAL
Semen & Bahan Bangunan,202665.4,122127.03,128706.73,1140024.46,285006.12,2995.13,143567.2,25671615900.01,20539978296.73,19256231109.27,11915101897.61,0,NORMAL
Semen & Bahan Bangunan,184779.23,120535.75,123572.93,1203832.88,300958.22,9423.89,133481.4,21640228787.22,15123848748.78,20104211881.68,13006663775.33,0,NORMAL
Semen & Bahan Bangunan,535491.92,338259.73,336703.54,3511639.59,877909.9,4107.08,368972.79,80727908354.92,54774642245.28,52429530060.79,45919986395.47,0,NORMAL
Semen & Bahan Bangunan,553905.46,367877.37,387599.6,3572054.09,893013.52,8740.11,413314.79,89083532418.88,61559594088.56,48903417112.87,38084359942.62,0,NORMAL
Logam & Baja,360165.18,279557.56,762306.82,4016813.35,1547321.41,4481.58,270123.89,86675897443.29,15710229583.95,3402620666.31,4337409276.89,1,UNREPORTED_PROCESS_EMISSIONS
Manufaktur & Pengolahan,717486.0,202431.54,193987.57,15331546.01,3832886.5,0.0,0.0,288118100366.83,27526298775.32,207922951474.91,148819338910.94,0,NORMAL
Semen & Bahan Bangunan,425853.81,278406.78,264411.97,2994931.93,748732.98,1016.72,295475.53,60099300390.74,51927992319.12,62264404817.61,31446184661.61,0,NORMAL
Pulp & Kertas,322878.41,86375.67,136780.94,7743851.82,1615574.09,10426.17,0.0,156541183793.8,7892499330.85,6710058399.68,5447374394.71,1,UNDER_REPORTING_SUBTLE
Pulp & Kertas,384844.05,149916.57,156124.47,6757356.79,1689339.2,19870.24,0.0,133834234359.83,37928732014.25,124207267169.66,80249266993.61,0,NORMAL
Ketenagalistrikan & PLTU,132852.08,106150.39,106066.46,6110442.28,995521.11,13335.59,0.0,3646805216.23,4299053488.01,4449929435.35,9077194518.43,1,FUEL_COST_MISMATCH
Pulp & Kertas,287912.98,24955.9,137813.18,3644868.1,1100070.27,8266.96,0.0,78697381240.68,16143346068.31,4479318308.21,12888134450.83,1,EXTREME_YOY_COLLAPSE
Semen & Bahan Bangunan,97086.62,52612.78,50146.57,400760.28,100190.07,6152.86,67218.86,9407751664.96,4496668633.34,6176090231.23,4727605762.26,0,NORMAL
Semen & Bahan Bangunan,557901.07,434640.79,440968.93,5166258.11,1291564.53,17768.6,405137.32,101119825491.88,85458806195.99,66768688084.36,59521702606.47,0,NORMAL
Manufaktur & Pengolahan,710732.72,179491.44,176548.05,13526591.58,3381647.9,0.0,0.0,330684067713.47,29729489288.38,125556115124.42,116374629024.01,0,NORMAL
Semen & Bahan Bangunan,383963.29,266388.94,276485.49,2769599.55,692399.89,21514.03,280312.0,68528792241.31,52521735171.26,37076869280.09,34218027771.59,0,NORMAL
Kelapa Sawit & CPO,494770.35,87665.8,87400.95,17593967.67,4398491.92,16698.49,0.0,429448879213.67,1798471396.71,0.0,53653112242.85,0,NORMAL
Ketenagalistrikan & PLTU,140210.23,135752.33,143220.52,2034554.0,508638.5,15841.93,0.0,50022400112.86,45918725030.99,0.0,23164919115.94,0,NORMAL
Ketenagalistrikan & PLTU,1412563.67,1423236.92,1460742.4,21252653.64,5313163.41,18421.0,0.0,390277578325.41,702497637345.6,0.0,263102127016.01,0,NORMAL
Ketenagalistrikan & PLTU,859358.77,890357.11,910344.89,13125148.82,3281287.21,17137.41,0.0,217510545739.1,337476711765.52,0.0,181613543107.18,0,NORMAL
Manufaktur & Pengolahan,221096.19,54821.04,53667.66,5423571.89,1561796.26,12690.08,0.0,3387693264.69,9015120164.47,3859266416.29,3269734330.66,1,FUEL_COST_MISMATCH
Logam & Baja,310753.12,479627.71,480378.31,8852543.51,2213135.88,0.0,0.0,202724482909.86,124922115572.53,191431463017.56,174207096323.62,0,NORMAL
Kelapa Sawit & CPO,806588.14,193013.7,188090.91,38041811.8,9510452.95,23349.69,0.0,818706387630.95,3997316245.36,0.0,114951460887.76,0,NORMAL
Kelapa Sawit & CPO,226659.33,37250.4,39802.44,7482417.47,1870604.37,16063.07,0.0,172999249233.52,554939106.77,0.0,23882585122.03,0,NORMAL
Manufaktur & Pengolahan,860235.75,235442.32,228510.15,17492651.84,4373162.96,0.0,0.0,368605938881.08,38490118286.4,203440778769.07,173813018040.38,0,NORMAL
Pulp & Kertas,547542.47,184668.66,195223.75,8350644.12,2087661.03,11134.0,0.0,191314669329.61,35738244723.83,103655797580.36,101464294998.59,0,NORMAL
Semen & Bahan Bangunan,622031.75,452293.07,476354.04,5170653.0,1292663.25,20415.8,444389.28,91376290339.77,92648443744.32,79359544535.04,71382977226.74,0,NORMAL
Logam & Baja,461160.35,494613.43,815178.3,4100474.36,792739.22,14192.19,0.0,91698041808.39,13760669954.25,6012952241.54,5687306942.02,1,UNDER_REPORTING_SUBTLE
Kelapa Sawit & CPO,254075.19,40261.35,40816.25,7894407.86,1973601.96,12659.96,0.0,175655798610.13,802365896.32,0.0,24608159327.25,0,NORMAL
Logam & Baja,709982.26,469333.6,1361754.97,5043983.84,816445.32,678.12,532486.69,113411280488.66,15581714032.06,3843588967.96,7164302345.92,1,UNREPORTED_PROCESS_EMISSIONS
Kelapa Sawit & CPO,356006.94,57127.9,58747.05,11532314.36,2883078.59,3734.61,0.0,256220548575.7,774504781.22,0.0,31922697954.59,0,NORMAL
Kelapa Sawit & CPO,806624.42,123566.04,117868.6,24826849.43,6206712.36,1868.0,0.0,455575345117.54,2236968642.84,0.0,74986906627.46,0,NORMAL
Semen & Bahan Bangunan,824196.31,563105.51,595494.63,6323437.36,1580859.34,18989.2,576509.24,143671874316.19,85667403964.66,125306401203.24,69217731675.76,0,NORMAL
Kelapa Sawit & CPO,609891.0,110037.73,112696.88,6101508.33,987153.64,8192.76,0.0,7123534398.23,5687835953.96,4073184624.02,4446184661.9,1,FUEL_COST_MISMATCH
Ketenagalistrikan & PLTU,1438125.75,1478149.05,1474054.45,22213299.48,5553324.87,6105.1,0.0,395140687697.35,536729219823.22,0.0,302876521299.77,0,NORMAL
Logam & Baja,213613.38,421032.68,394898.29,8278116.09,2069529.02,0.0,0.0,153848556778.75,89529784292.65,139225085373.0,160421566174.54,0,NORMAL
Ketenagalistrikan & PLTU,550619.59,502774.91,522239.21,7541597.46,1885399.36,3562.45,0.0,139045647712.04,168913172186.07,0.0,80929380736.16,0,NORMAL
Kelapa Sawit & CPO,481858.12,94230.81,90293.44,18540007.34,4635001.84,16239.81,0.0,434433797141.17,1971506373.7,0.0,51365561728.61,0,NORMAL
Kelapa Sawit & CPO,448601.81,106224.59,108165.17,21196802.78,5299200.7,3969.7,0.0,437779940068.73,1598155549.05,0.0,63517956566.44,0,NORMAL
Kelapa Sawit & CPO,469875.27,92567.05,92873.3,18511542.44,4627885.61,22402.3,0.0,396748532926.1,1504004484.31,0.0,44599329676.82,0,NORMAL
Logam & Baja,132332.91,279804.64,275292.55,5640796.06,1410199.02,0.0,0.0,128078345732.44,76186221049.82,94769446300.41,103945723130.52,0,NORMAL
Logam & Baja,104601.98,224302.37,229700.69,4451150.46,1112787.62,0.0,0.0,72954026057.8,62222339961.27,117190924608.27,104858730662.48,0,NORMAL
Manufaktur & Pengolahan,622787.39,188147.14,178482.94,13971669.14,3492917.29,0.0,0.0,261499982653.44,24198844195.79,195176050264.6,144554750093.04,0,NORMAL
Manufaktur & Pengolahan,866334.0,263154.91,271003.58,19426647.23,4856661.81,0.0,0.0,381340367351.13,36274638336.65,204809928281.7,155430417064.39,0,NORMAL
Kelapa Sawit & CPO,336657.55,45590.4,46684.73,8954875.52,2238718.88,17293.0,0.0,196046789428.48,659657674.12,0.0,21792140224.69,0,NORMAL
Logam & Baja,280443.25,695569.75,677219.61,14359219.76,3589804.94,0.0,0.0,336337479425.86,202856014886.39,326536458408.13,348063642966.37,0,NORMAL
Kelapa Sawit & CPO,707492.76,97639.31,99599.18,19285061.89,4821265.47,8765.45,0.0,459471111633.28,2107300507.95,0.0,52908234820.36,0,NORMAL
Semen & Bahan Bangunan,629490.94,446231.08,444036.66,4906115.58,1226528.9,13279.17,463677.51,103485664510.71,53139459334.24,61217996320.48,61566628344.56,0,NORMAL
Manufaktur & Pengolahan,641788.77,208143.66,197986.49,15340041.29,3835010.32,0.0,0.0,345629878672.5,33815432189.87,184802674476.72,140504431724.11,0,NORMAL
Pulp & Kertas,390743.3,164245.12,170339.15,7336847.26,1834211.81,21409.82,0.0,173244790570.22,37252896240.95,102836049977.46,89309898877.45,0,NORMAL
Ketenagalistrikan & PLTU,413988.29,333873.35,335330.73,5030248.28,1257562.07,18507.24,0.0,121944585769.37,185669680765.25,0.0,64643703135.27,0,NORMAL
Kelapa Sawit & CPO,670702.7,146065.51,146759.52,29363906.14,7340976.53,21909.6,0.0,705231779079.21,1827944928.08,0.0,96976532486.69,0,NORMAL
Pulp & Kertas,384159.74,183464.63,187615.07,8190144.56,2047536.14,7589.34,0.0,163939075937.99,35862948515.78,159376617039.14,87578517532.94,0,NORMAL
Manufaktur & Pengolahan,512110.44,120256.83,124183.43,9023663.34,2255915.84,0.0,0.0,191544566238.46,17495435217.02,87831783524.37,84346033204.03,0,NORMAL
Ketenagalistrikan & PLTU,809616.78,706431.26,741506.24,10645408.85,2661352.21,7127.58,0.0,179879765155.66,344125014426.7,0.0,131474849082.99,0,NORMAL
Kelapa Sawit & CPO,686306.52,130705.61,128812.26,8497253.03,1164165.01,12499.27,0.0,11945350782.37,18094252488.24,5624850248.9,3788987951.15,1,FUEL_COST_MISMATCH
Logam & Baja,167026.49,243257.05,240970.66,4540252.9,1135063.23,0.0,0.0,113282615962.58,54044485072.59,89595621021.94,84441231835.6,0,NORMAL
Ketenagalistrikan & PLTU,472413.05,397566.57,386550.27,5858380.02,1464595.0,7955.59,0.0,94627722821.9,208916523152.35,0.0,75345954772.74,0,NORMAL
Manufaktur & Pengolahan,885517.35,333080.39,332087.69,25198560.95,6299640.24,0.0,0.0,540023265026.11,54455438130.8,330369576270.06,208588030009.89,0,NORMAL
Semen & Bahan Bangunan,208410.24,102021.81,102018.01,734834.41,183708.6,4542.5,149587.82,14026417204.03,7990759163.51,9329364531.15,8626792147.14,0,NORMAL
Kelapa Sawit & CPO,239461.86,32701.69,31224.27,6490611.59,1622652.9,6000.92,0.0,120195999536.15,633086314.89,0.0,21288218074.04,0,NORMAL
Kelapa Sawit & CPO,303141.13,47896.73,47349.28,9422641.62,2355660.41,17791.9,0.0,176010083519.11,1015900586.54,0.0,30696181695.45,0,NORMAL
Ketenagalistrikan & PLTU,603665.01,507675.95,520988.22,7671029.43,1917757.36,23532.27,0.0,173117884749.98,288154712340.57,0.0,94278680185.48,0,NORMAL
Logam & Baja,121072.29,222589.7,228491.53,4355411.29,1088852.82,0.0,0.0,101093733545.83,64222041635.73,101858506513.67,79524361043.94,0,NORMAL
Kelapa Sawit & CPO,814120.84,133534.32,140408.61,26677100.34,6669275.09,18283.67,0.0,585740738641.47,2428724553.62,0.0,89578173845.89,0,NORMAL
Logam & Baja,235938.38,374062.27,354327.63,6890342.28,1722585.57,0.0,0.0,114848281642.85,102557944560.09,202273199096.31,162043592016.47,0,NORMAL
Pulp & Kertas,104156.73,52570.19,51707.14,2349384.36,587346.09,16432.29,0.0,38226974601.51,14858847524.82,32674024712.94,32399162663.0,0,NORMAL
Pulp & Kertas,287183.45,103147.9,108022.67,4160927.09,1121508.15,2911.89,0.0,3085604533.53,6451662299.53,4287213575.33,4065637085.73,1,FUEL_COST_MISMATCH
Ketenagalistrikan & PLTU,788652.7,720006.07,740913.64,10853157.15,2713289.29,3272.66,0.0,235389405909.57,331959857423.25,0.0,141993943846.71,0,NORMAL
Logam & Baja,70591.26,116282.78,116146.65,2274655.43,568663.86,0.0,0.0,47657844360.71,21044479755.58,60018934563.28,48954012874.82,0,NORMAL
Ketenagalistrikan & PLTU,1387130.69,1347700.19,1365572.2,20144211.39,5036052.85,7632.43,0.0,486541003601.36,560607748863.7,0.0,254866914393.45,0,NORMAL
Kelapa Sawit & CPO,822999.3,149293.53,151744.9,30044511.8,7511127.95,9630.6,0.0,626857064943.26,1969133135.43,0.0,73276543805.41,0,NORMAL
Pulp & Kertas,492662.79,239756.52,230033.26,10733178.81,2683294.7,6583.01,0.0,206880276334.38,37011334172.48,146188370679.6,113215404013.75,0,NORMAL
Logam & Baja,288233.49,584143.86,622574.0,11844392.96,2961098.24,0.0,0.0,265670054082.82,154516868174.38,211945557928.83,236872870761.92,0,NORMAL
Logam & Baja,87363.8,184238.02,192216.65,3686320.06,921580.01,0.0,0.0,85297517791.58,43019074618.34,91934531092.82,72033128583.6,0,NORMAL
Logam & Baja,385096.75,729413.19,697045.97,13868849.64,3467212.41,0.0,0.0,342453542813.25,159699814479.72,361810021340.78,281315025387.33,0,NORMAL
Semen & Bahan Bangunan,772257.14,464781.99,448682.43,4061637.13,1015409.28,12361.67,565621.71,90589083785.15,62913445463.46,73096681556.37,40544170796.18,0,NORMAL
Ketenagalistrikan & PLTU,1077345.9,1000218.36,954720.89,14754808.39,3688702.1,21436.75,0.0,254671208223.77,352413670139.73,0.0,176136381872.67,0,NORMAL
Ketenagalistrikan & PLTU,197003.07,168065.81,165212.51,2476020.25,619005.06,10678.49,0.0,54185721732.21,52585011448.53,0.0,35653832747.16,0,NORMAL
Manufaktur & Pengolahan,634028.26,151736.64,149942.44,11225232.95,2806308.24,0.0,0.0,270946701593.42,24219723754.85,137750505354.02,98280827882.47,0,NORMAL
Ketenagalistrikan & PLTU,1463003.17,1432811.02,1369232.72,21673907.38,5418476.85,4005.01,0.0,410488447406.51,664718883015.43,0.0,236949848582.78,0,NORMAL
Ketenagalistrikan & PLTU,509919.82,453403.33,468059.6,6702497.93,1675624.48,7392.58,0.0,144958621307.44,201375261394.72,0.0,89978172722.97,0,NORMAL
Pulp & Kertas,230085.02,123492.37,126168.63,5547694.8,1386923.7,17785.88,0.0,114630589282.32,21895376536.13,91858125367.45,56786012184.24,0,NORMAL
Pulp & Kertas,115153.81,54157.97,53806.14,2425763.09,606440.77,11889.02,0.0,41082757242.71,13314332517.47,43974723021.79,28137529972.44,0,NORMAL
Logam & Baja,107410.92,130634.16,209638.71,8868720.88,1075218.13,2729.11,0.0,190430326095.59,9749726638.11,1873113322.53,3694253576.74,1,UNDER_REPORTING_SUBTLE
Kelapa Sawit & CPO,413773.72,88741.65,90071.65,17925854.2,4481463.55,7447.06,0.0,420544236187.39,1080468695.27,0.0,59009439521.09,0,NORMAL
Logam & Baja,399446.0,845532.45,845115.54,16500277.4,4125069.35,0.0,0.0,283411975566.33,185593861700.3,296743286591.16,296941800347.73,0,NORMAL
Ketenagalistrikan & PLTU,453389.77,477463.04,482224.89,7061077.74,1765269.44,14187.44,0.0,116457513217.9,247467351161.76,0.0,88302253348.8,0,NORMAL
Ketenagalistrikan & PLTU,1111381.93,1148986.37,1207321.92,17007768.34,4251942.08,23726.47,0.0,304347936750.33,368404471588.75,0.0,224480293631.07,0,NORMAL
Logam & Baja,112078.42,69183.15,202742.13,4436821.51,743299.15,8979.46,84058.82,85335776367.57,9979462106.01,3307136103.68,7859118636.11,1,UNREPORTED_PROCESS_EMISSIONS
Kelapa Sawit & CPO,433362.38,15119.97,89011.9,8797849.08,1358905.95,7834.41,0.0,192182839489.2,17468502923.28,3529692173.59,8601180887.38,1,UNDER_REPORTING_FRAUD
Kelapa Sawit & CPO,568824.79,73596.69,73700.97,14557541.06,3639385.27,24631.36,0.0,298389410560.55,1429585937.45,0.0,41974641336.2,0,NORMAL
Semen & Bahan Bangunan,195958.16,94682.67,96737.72,673724.37,168431.09,10164.2,139881.3,13248056425.21,10225233092.01,13336581030.2,9126450370.69,0,NORMAL
Semen & Bahan Bangunan,504158.3,340089.76,342498.83,3546833.45,886708.36,5253.96,369800.09,70955516859.39,45315848465.88,49095543249.62,43667501462.79,0,NORMAL
Manufaktur & Pengolahan,605551.05,165092.5,158611.59,12357422.86,3089355.72,0.0,0.0,206548723627.32,21799141077.29,117955749706.0,116489341955.82,0,NORMAL
Logam & Baja,239758.27,451322.48,434315.35,8732857.64,2183214.41,0.0,0.0,188850442310.9,111444339547.53,201753624458.9,191982032448.24,0,NORMAL
Semen & Bahan Bangunan,467449.85,327444.43,317655.73,3552648.75,888162.19,14715.49,337515.21,62009853385.78,44568953246.76,47464655719.14,44604369846.06,0,NORMAL
Pulp & Kertas,559050.5,234838.78,248020.78,10561260.11,2640315.03,15106.37,0.0,257122755594.97,63827702153.58,182451618354.3,146264572566.28,0,NORMAL
Semen & Bahan Bangunan,463567.98,252495.8,251103.27,2015714.46,503928.62,23784.24,322114.45,40566731374.18,27540835297.12,28307622829.25,27118807928.52,0,NORMAL
Semen & Bahan Bangunan,812589.57,512294.38,492636.88,4918266.62,1229566.66,14792.52,590711.93,91429417461.0,58471425937.02,63875508977.89,61999029094.88,0,NORMAL
Kelapa Sawit & CPO,596430.31,71835.58,67623.37,14135702.39,3533925.6,23207.47,0.0,241302714915.89,1508776313.93,0.0,34583197688.39,0,NORMAL
Logam & Baja,592992.02,356771.91,1072616.03,8268700.74,1095365.45,3890.54,0.0,179745767034.58,19822614087.82,6954134019.07,4513108641.02,1,UNDER_REPORTING_FRAUD
Manufaktur & Pengolahan,707706.76,146265.29,138416.99,10952294.15,2738073.54,0.0,0.0,264180129748.04,21685871365.15,155344585082.39,101167428279.47,0,NORMAL
Logam & Baja,437071.72,809193.77,820601.92,15489792.7,3872448.17,0.0,0.0,261264392780.57,144220016065.24,334209708216.06,333307642289.44,0,NORMAL
Logam & Baja,349318.83,769397.93,773272.0,15327458.3,3831864.57,0.0,0.0,247194896548.35,161092154258.26,428361345663.74,336156636057.87,0,NORMAL
Kelapa Sawit & CPO,645261.29,121478.43,115397.95,23982344.16,5995586.04,10962.16,0.0,462666960459.87,1415885450.87,0.0,63067801108.72,0,NORMAL
Logam & Baja,265032.66,540339.15,543717.74,10769170.42,2692292.6,0.0,0.0,250252790946.33,125692791204.18,217745879211.79,222871577419.55,0,NORMAL
Pulp & Kertas,235503.38,110235.54,109656.74,4923588.22,1230897.06,21914.37,0.0,120446345138.23,22574065870.77,61720779660.06,60939608880.57,0,NORMAL
Kelapa Sawit & CPO,106285.7,14260.8,21093.84,2931266.62,861204.65,12205.52,0.0,58936697644.95,15655290583.58,4868377706.9,8313175186.47,1,UNDER_REPORTING_SUBTLE
Pulp & Kertas,778199.11,383520.05,374075.67,17111744.18,4277936.04,3946.49,0.0,400870605429.88,98950651080.06,282313450597.85,228468810154.87,0,NORMAL
Manufaktur & Pengolahan,574882.41,191421.69,191619.08,14335372.25,3583843.06,0.0,0.0,243299424664.32,26026796502.25,148416176971.09,113894332208.39,0,NORMAL
Manufaktur & Pengolahan,694094.06,186126.99,188300.28,13708811.06,3427202.77,0.0,0.0,294404131788.31,16232985179.22,149977217511.53,123113204783.87,0,NORMAL
Manufaktur & Pengolahan,485716.5,6834.93,98697.84,8357434.17,520233.07,2032.74,0.0,175430356904.07,5239401434.25,2889465908.43,8335183373.19,1,IMPOSSIBLE_PRODUCTION_INTENSITY
Semen & Bahan Bangunan,682426.19,429684.74,426657.98,3842590.76,960647.69,8824.04,514382.05,91417102808.11,49402325530.93,62117380206.31,49684734674.11,0,NORMAL
Logam & Baja,155709.1,284923.56,284507.74,5497827.99,1374457.0,0.0,0.0,114084987165.86,68130163784.32,131314846411.29,112135993024.91,0,NORMAL
Kelapa Sawit & CPO,151794.34,29135.49,30325.25,5852293.57,1463073.39,16629.06,0.0,119004833576.87,431039266.98,0.0,15228598778.11,0,NORMAL
Ketenagalistrikan & PLTU,739074.59,681248.56,676495.27,10207344.66,2551836.17,5896.42,0.0,242561582436.09,222702274485.86,0.0,131217253576.07,0,NORMAL
Kelapa Sawit & CPO,811212.46,159246.07,163369.97,31295444.89,7823861.22,24393.61,0.0,739951496431.34,2052467139.1,0.0,85934595703.05,0,NORMAL
Ketenagalistrikan & PLTU,496997.04,40679.0,399884.22,7878306.66,1014003.09,8292.83,0.0,157873068099.57,14010175365.51,3572642635.1,13569488153.12,1,EXTREME_YOY_COLLAPSE
Ketenagalistrikan & PLTU,590151.6,620904.82,636509.75,9176938.82,2294234.7,8594.43,0.0,203266464627.39,209128570606.55,0.0,111509233827.74,0,NORMAL
Manufaktur & Pengolahan,706667.16,274099.02,270239.71,20191803.48,5047950.87,0.0,0.0,501448008707.01,30640527665.51,257567974605.28,172709030465.53,0,NORMAL
Kelapa Sawit & CPO,160877.09,27042.86,28283.46,5374125.18,1343531.3,3076.43,0.0,127430990040.8,535318090.83,0.0,14056134991.82,0,NORMAL
Ketenagalistrikan & PLTU,408394.91,418771.07,408917.81,6308114.91,1577028.73,11082.08,0.0,153065919165.11,201761778082.49,0.0,78432685699.22,0,NORMAL
Manufaktur & Pengolahan,245464.36,45167.62,43769.87,3420795.25,855198.81,0.0,0.0,61947841080.85,5169324295.32,36963633738.13,34188706398.62,0,NORMAL
Pulp & Kertas,524642.66,262070.6,266641.68,3311787.38,1638694.4,2982.57,0.0,3087361349.75,12368163568.73,1190611764.62,3200285635.99,1,FUEL_COST_MISMATCH
Pulp & Kertas,112477.76,45550.59,46787.84,2017451.73,504362.93,17329.95,0.0,41686198130.25,12977771143.41,32291963028.75,20907975567.85,0,NORMAL
Ketenagalistrikan & PLTU,620061.76,659398.9,687707.76,9817478.44,2454369.61,5219.27,0.0,194806403587.9,320173085952.77,0.0,122977873707.4,0,NORMAL
Ketenagalistrikan & PLTU,532413.13,531345.69,549551.22,7956722.57,1989180.64,1159.2,0.0,130035253003.05,209955390525.0,0.0,91100674069.33,0,NORMAL
Manufaktur & Pengolahan,501026.73,132227.98,138238.72,9858366.88,2464591.72,0.0,0.0,195798240949.23,16156721206.4,107363487180.87,76271082843.25,0,NORMAL
Pulp & Kertas,389907.35,198808.19,199754.37,8798112.75,2199528.19,7318.64,0.0,216435998227.07,47140740403.67,148416037575.98,105827766167.15,0,NORMAL
Kelapa Sawit & CPO,364014.17,62968.46,63029.67,12467576.59,3116894.15,2801.53,0.0,291642014504.45,805983442.08,0.0,37409669443.9,0,NORMAL
Logam & Baja,222546.52,379626.27,401471.42,7397052.08,1849263.02,0.0,0.0,133216636541.21,80924717356.03,174331553004.22,134350814065.32,0,NORMAL
Kelapa Sawit & CPO,854231.84,127799.5,125820.17,25655058.12,6413764.53,19513.49,0.0,631763343125.48,2460477887.71,0.0,77673966337.25,0,NORMAL
Manufaktur & Pengolahan,311845.99,126069.65,125722.94,5664427.28,1046092.87,7501.64,0.0,2917080433.06,6829984864.28,6399858699.96,6748212099.26,1,FUEL_COST_MISMATCH
Ketenagalistrikan & PLTU,134143.15,43157.02,124137.16,3112547.25,1474216.15,12203.55,100607.36,69233461952.69,15917996979.77,5146909958.28,9982369475.98,1,UNREPORTED_PROCESS_EMISSIONS
Ketenagalistrikan & PLTU,631420.72,201924.99,580627.76,4939734.36,442141.65,11670.87,473565.54,109956975321.67,8076179005.9,6518384929.24,10298615904.46,1,UNREPORTED_PROCESS_EMISSIONS
Manufaktur & Pengolahan,539172.43,229291.6,220622.73,16904052.78,4226013.19,0.0,0.0,271348153162.13,34374068254.41,175886989525.21,158314039852.13,0,NORMAL
Manufaktur & Pengolahan,144755.3,32480.95,34797.3,2455834.36,613958.59,0.0,0.0,45386588927.64,4829622465.74,32868955951.78,20908387259.69,0,NORMAL
Ketenagalistrikan & PLTU,126718.4,20054.01,132533.73,7895285.74,761980.37,9341.03,0.0,171147146384.48,17101032766.52,2173507664.82,8987954656.13,1,EXTREME_YOY_COLLAPSE
Manufaktur & Pengolahan,889148.08,306178.58,317177.06,22545504.12,5636376.03,0.0,0.0,383768462203.7,47936015528.58,304422510212.76,230031590625.5,0,NORMAL
Pulp & Kertas,245434.13,139053.55,133779.09,6145565.78,1536391.45,6148.48,0.0,111027833083.07,24459915394.64,107044024873.8,66123845381.15,0,NORMAL
Manufaktur & Pengolahan,472056.14,98643.29,97306.39,7292821.86,1823205.47,0.0,0.0,155236186397.32,8813584749.86,61889951442.82,62368380437.07,0,NORMAL
Semen & Bahan Bangunan,888531.42,511013.0,507181.93,4046787.51,1011696.88,22745.76,658685.64,94541432745.59,50134061765.28,48757935191.07,46969414509.97,0,NORMAL
Manufaktur & Pengolahan,118076.87,41339.31,40044.49,3113140.72,778285.18,0.0,0.0,60120451588.91,6656186379.38,30169178864.63,24418094791.71,0,NORMAL
Manufaktur & Pengolahan,374358.66,4235.72,118250.19,3949135.65,503697.68,3642.84,0.0,85638692146.22,11235019539.79,1331098943.47,6536114866.03,1,IMPOSSIBLE_PRODUCTION_INTENSITY
Ketenagalistrikan & PLTU,142712.62,143662.64,149339.73,3280561.91,1510753.27,665.03,0.0,2515824091.77,19452973823.43,1436868095.03,3829067853.24,1,FUEL_COST_MISMATCH
Manufaktur & Pengolahan,663336.89,162337.33,155548.7,12218865.38,3054716.34,0.0,0.0,234450968435.93,24454745144.32,143651930177.09,121324190775.97,0,NORMAL
Kelapa Sawit & CPO,512220.66,79006.41,82817.13,15714456.66,3928614.17,20065.51,0.0,360913188540.54,1468156882.62,0.0,39129641369.73,0,NORMAL
Manufaktur & Pengolahan,449906.35,125886.91,118668.03,9380836.44,2345209.11,0.0,0.0,152865951025.9,18485361487.52,83533120407.03,79093414333.07,0,NORMAL
Logam & Baja,574992.61,369985.26,944262.19,3915391.45,815732.91,11999.35,0.0,77298452036.87,6863974873.73,1160739877.96,11534926536.76,1,UNDER_REPORTING_FRAUD
Kelapa Sawit & CPO,681887.35,107558.68,102607.8,21205503.02,5301375.76,13224.98,0.0,398545984155.55,1580436035.36,0.0,56731415533.02,0,NORMAL
Semen & Bahan Bangunan,506524.15,312378.62,310235.07,2954936.2,738734.05,19771.93,362285.89,67514259131.17,32850892618.51,34885458104.13,29880120034.75,0,NORMAL
Logam & Baja,405010.1,802875.44,826246.67,15863955.24,3965988.81,0.0,0.0,351689986809.4,202136229690.87,303561378544.51,330302532138.71,0,NORMAL
Manufaktur & Pengolahan,371494.9,124361.11,122301.91,9300075.72,2325018.93,0.0,0.0,163882438202.86,17695068821.97,117571956133.77,88194609939.93,0,NORMAL
Pulp & Kertas,607133.71,238705.21,226722.67,10743739.03,2685934.76,20883.27,0.0,252456747623.6,62717083576.27,155150138768.92,129381282922.96,0,NORMAL
Ketenagalistrikan & PLTU,1054431.66,952617.92,895322.28,14150075.8,3537518.95,1884.09,0.0,343853511083.08,427486967484.44,0.0,174158738760.48,0,NORMAL
Semen & Bahan Bangunan,359800.62,248246.91,254327.19,2662860.0,665715.0,4835.47,255796.49,46452198319.08,48221260169.12,53431953560.54,32653927412.55,0,NORMAL
Ketenagalistrikan & PLTU,1371500.16,1314675.08,1390838.19,19797788.4,4949447.1,16837.37,0.0,489657999319.75,605781629196.4,0.0,262980798293.92,0,NORMAL
Pulp & Kertas,87599.19,36910.61,35918.88,1671414.65,417853.66,24641.41,0.0,39218378189.26,9471369407.23,29296579704.67,18396115078.59,0,NORMAL
Ketenagalistrikan & PLTU,1184244.61,1041041.09,1068199.67,15331609.57,3832902.39,13361.49,0.0,253199352181.0,425345648910.79,0.0,209725056420.87,0,NORMAL
Manufaktur & Pengolahan,625968.4,215197.36,207106.09,15950022.53,3987505.63,0.0,0.0,337630954303.07,26257416743.53,133553885738.39,153088556183.74,0,NORMAL
Manufaktur & Pengolahan,858205.21,287222.8,281419.19,21429426.01,5357356.5,0.0,0.0,369806153085.47,30701548623.51,253307733696.6,183033442706.84,0,NORMAL
Kelapa Sawit & CPO,342589.96,64967.66,64618.95,12865105.06,3216276.26,9917.74,0.0,226124568557.6,1144682759.83,0.0,35897749106.84,0,NORMAL
Pulp & Kertas,204829.48,119048.75,122046.95,5272170.05,1318042.51,13396.39,0.0,97237743881.03,29977355617.55,67920954032.52,74117897899.42,0,NORMAL
Semen & Bahan Bangunan,309357.48,184769.44,177762.27,1488630.89,372157.72,12893.38,230972.7,35657971253.38,21195655928.08,18960767954.26,15153665043.59,0,NORMAL
Manufaktur & Pengolahan,182933.16,44859.36,45876.12,3398320.78,849580.19,0.0,0.0,57654932623.17,6436722989.68,35883145671.48,35411841177.32,0,NORMAL
Logam & Baja,475712.46,3622.93,800491.93,2944035.06,1119209.8,13977.26,0.0,62231511561.52,4372793358.79,1935660960.29,12293763646.14,1,IMPOSSIBLE_PRODUCTION_INTENSITY
Pulp & Kertas,341075.33,183486.52,186433.97,8274792.59,2068698.15,14654.39,0.0,203468699283.72,51593769039.94,157806016768.88,109846730539.64,0,NORMAL
Ketenagalistrikan & PLTU,1458693.77,1577069.9,1483624.04,23289316.1,5822329.03,18135.8,0.0,484714122941.04,762752491196.08,0.0,257867382485.68,0,NORMAL
Pulp & Kertas,693056.64,282931.37,298559.35,12779577.03,3194894.26,19150.01,0.0,261218329090.46,78103227632.99,165061265475.68,154223703158.74,0,NORMAL
Ketenagalistrikan & PLTU,857214.84,740657.43,769313.74,11039731.19,2759932.8,22661.12,0.0,231441135055.9,315644354093.1,0.0,122533170835.57,0,NORMAL
Manufaktur & Pengolahan,531134.41,222217.1,228568.45,16381256.07,4095314.02,0.0,0.0,271547626886.4,26567378866.83,189754329730.33,137364342796.98,0,NORMAL
Ketenagalistrikan & PLTU,974326.07,936289.51,931500.67,14109831.35,3527457.84,4977.94,0.0,302056833938.87,386299351164.55,0.0,206565373144.0,0,NORMAL
Semen & Bahan Bangunan,300763.19,156402.13,160640.13,1111165.46,277791.37,7778.03,219241.69,19896683721.49,17017716000.9,13784382285.39,13206099198.05,0,NORMAL
Manufaktur & Pengolahan,215804.63,38960.3,40753.92,2877723.25,719430.81,0.0,0.0,55883895532.63,5929737114.71,24240156181.06,22034626526.33,0,NORMAL
Pulp & Kertas,555031.29,263332.18,271472.91,11635956.37,2908989.09,13407.59,0.0,228018682882.42,52088763930.07,134337455338.06,155398927472.63,0,NORMAL
Pulp & Kertas,277762.02,135226.66,128729.69,6001974.94,1500493.73,8875.47,0.0,105897592092.95,22888931384.74,86058005416.83,73815402822.45,0,NORMAL
Pulp & Kertas,119860.2,58482.09,55356.95,2634727.39,658681.85,9526.88,0.0,55176274431.43,10359530589.23,49492438575.3,31675850724.59,0,NORMAL
Pulp & Kertas,798151.37,332950.0,347194.71,14776660.68,3694165.17,9193.21,0.0,255523657792.22,66960121174.54,284309149623.97,199657279098.76,0,NORMAL
Semen & Bahan Bangunan,529802.29,320844.81,336280.52,2860968.4,715242.1,15723.15,380045.28,54543859850.42,32518391978.17,56487993763.28,31586724798.99,0,NORMAL
Ketenagalistrikan & PLTU,770818.07,693337.24,663433.62,10290137.92,2572534.48,3362.86,0.0,172574063116.2,364609296272.26,0.0,137422011277.16,0,NORMAL
Ketenagalistrikan & PLTU,1424767.99,1311895.06,1257218.64,19862979.32,4965744.83,16367.97,0.0,396194927951.95,474175306061.77,0.0,255189945236.05,0,NORMAL
Manufaktur & Pengolahan,865041.28,226436.74,221110.64,17153341.71,4288335.43,0.0,0.0,286256404563.76,31307397376.29,188415402073.57,135957984124.35,0,NORMAL
Manufaktur & Pengolahan,172824.54,68901.42,71666.53,5077489.64,1269372.41,0.0,0.0,86942899214.73,6518545902.09,58899830452.88,39442370144.35,0,NORMAL
Manufaktur & Pengolahan,567328.75,124554.44,122320.17,9343635.6,2335908.9,0.0,0.0,201592725351.79,12566512645.76,124866339084.91,84323757769.53,0,NORMAL
Manufaktur & Pengolahan,565475.35,5758.8,126293.26,8409838.61,475195.23,5887.7,0.0,175467556461.71,4931334962.28,4166471495.1,3557639097.09,1,IMPOSSIBLE_PRODUCTION_INTENSITY
Ketenagalistrikan & PLTU,954413.78,992809.17,945251.29,14960275.2,3740068.8,22221.56,0.0,332594943039.44,382205214380.49,0.0,197324781103.78,0,NORMAL
Kelapa Sawit & CPO,591215.71,92103.67,90537.06,18356731.84,4589182.96,16144.66,0.0,403510420120.63,1543416427.48,0.0,61553732656.39,0,NORMAL
Pulp & Kertas,797832.45,330907.32,342005.31,14762620.36,3690655.09,5995.99,0.0,292088244922.74,63910189835.65,291743847378.04,188251465940.63,0,NORMAL
Ketenagalistrikan & PLTU,676481.31,8863.47,631904.03,8718193.08,677748.31,3826.37,0.0,188763575299.33,14517461883.63,5679127381.62,9654968298.58,1,IMPOSSIBLE_PRODUCTION_INTENSITY
Semen & Bahan Bangunan,557503.58,257621.28,250951.72,1822026.58,455506.64,21175.78,385351.49,42248315183.06,25285160930.63,29287231437.33,19301913575.36,0,NORMAL
Logam & Baja,482961.22,756989.87,746233.81,14356931.64,3589232.91,0.0,0.0,272169862598.36,140520381998.21,255788101609.05,271378100978.08,0,NORMAL
Pulp & Kertas,509235.41,279018.22,284374.72,12455517.6,3113879.4,2379.54,0.0,264094653764.11,80195021932.9,179711744695.09,130034265049.67,0,NORMAL
Logam & Baja,366272.4,719137.48,747636.4,13659570.29,3414892.57,0.0,0.0,263897089217.65,188179651160.4,244853266330.08,245613948689.37,0,NORMAL
Ketenagalistrikan & PLTU,675401.31,7035.58,647332.77,5348106.21,768762.33,9588.69,0.0,108942852991.78,15704665678.51,2948533277.51,6251186927.41,1,IMPOSSIBLE_PRODUCTION_INTENSITY
Kelapa Sawit & CPO,367724.9,41374.05,41000.0,8273810.44,2068452.61,22117.28,0.0,202675113921.9,534266567.26,0.0,25869748146.65,0,NORMAL
Manufaktur & Pengolahan,646168.52,163902.68,166731.53,12181790.32,3045447.58,0.0,0.0,268059783104.83,17475260997.74,167614912995.77,115837596281.02,0,NORMAL
Logam & Baja,136984.9,298472.66,282421.98,5930413.19,1482603.3,0.0,0.0,103849346679.79,48462993368.14,111768723793.21,128382060115.81,0,NORMAL
Semen & Bahan Bangunan,110972.52,95330.77,95501.77,1230590.09,307647.52,17104.61,81159.64,22025232011.95,17147741212.54,21099719175.72,15006621000.94,0,NORMAL
Semen & Bahan Bangunan,587560.78,357415.93,339532.91,3279834.6,819958.65,13176.92,415470.69,78411810182.19,54694410974.55,43783911979.0,39862676095.27,0,NORMAL
Semen & Bahan Bangunan,474337.59,256573.72,267207.61,1840962.41,460240.6,8655.41,344405.21,36328918712.58,19888709157.45,25408071781.06,19081115568.58,0,NORMAL
Semen & Bahan Bangunan,749589.15,521290.84,520278.64,5833587.01,1458396.75,9562.64,540313.66,111029483192.93,105933666142.42,77920890891.2,72858265957.22,0,NORMAL
Semen & Bahan Bangunan,775889.35,457508.95,484973.96,3738808.72,934702.18,19145.83,586165.1,72531816802.86,66432461076.37,63416763822.16,48276612191.12,0,NORMAL
Pulp & Kertas,156254.65,69079.79,69765.09,3086529.59,771632.4,5366.31,0.0,65025861128.8,18653631113.55,52863144955.89,36712669738.01,0,NORMAL
Logam & Baja,315976.98,521182.6,521592.27,10146435.1,2536608.78,0.0,0.0,191974229410.52,99110108681.89,252742058999.21,239956662397.08,0,NORMAL
Kelapa Sawit & CPO,102212.58,15766.84,16388.66,3151183.21,787795.8,6966.19,0.0,68730030646.06,201837116.15,0.0,7550505209.46,0,NORMAL
Logam & Baja,380371.65,843106.03,844324.27,16535383.84,4133845.96,0.0,0.0,275919488709.22,177738357472.49,285314806304.94,316021136279.76,0,NORMAL
Ketenagalistrikan & PLTU,1355609.28,1199964.74,1279401.11,18075116.73,4518779.18,11977.23,0.0,413321823946.93,660589516153.22,0.0,241722342764.04,0,NORMAL
Semen & Bahan Bangunan,329026.06,194471.87,186510.98,1686958.29,421739.57,7506.6,237575.42,29569869742.19,28011183447.88,30606764056.2,21907579336.99,0,NORMAL
Manufaktur & Pengolahan,485486.92,164065.0,153579.94,12190559.23,3047639.81,0.0,0.0,231141076895.75,18980688108.32,161144520937.59,114561329672.15,0,NORMAL
Ketenagalistrikan & PLTU,692104.52,560944.14,593102.58,8400694.57,2100173.64,21845.48,0.0,188345909059.3,266583450915.98,0.0,115815626610.09,0,NORMAL
Pulp & Kertas,204863.17,16423.97,94803.41,3972962.52,1552224.22,13141.7,0.0,84739916628.27,7822924799.29,6669785501.22,5591254266.61,1,UNDER_REPORTING_FRAUD
Logam & Baja,459529.8,1020569.78,1026976.59,20724216.39,5181054.1,0.0,0.0,389516293088.61,237393194986.3,429839560858.16,473638376835.14,0,NORMAL
Pulp & Kertas,203791.24,94698.04,93890.35,4242737.34,1060684.34,15240.39,0.0,103641894564.35,19929434740.37,64343609604.61,54370759412.79,0,NORMAL
Manufaktur & Pengolahan,663731.95,4814.72,165164.72,8561352.59,1212126.0,3845.99,0.0,165083160145.56,6191994125.78,4508666921.75,8550670548.25,1,IMPOSSIBLE_PRODUCTION_INTENSITY
Pulp & Kertas,246206.32,109129.03,115101.67,4869231.55,1217307.89,20197.43,0.0,107113172736.95,23927200531.01,89832538206.12,62174896976.85,0,NORMAL
Logam & Baja,162474.32,319684.28,311948.17,6227870.48,1556967.62,0.0,0.0,140289158209.23,76931012979.24,117443300170.03,143515902404.41,0,NORMAL
Kelapa Sawit & CPO,152951.8,23695.74,24756.49,4721069.31,1180267.33,21822.32,0.0,85860951744.15,308990325.27,0.0,15119834311.95,0,NORMAL
Semen & Bahan Bangunan,650040.16,527707.19,529007.44,6637828.54,1659457.13,20930.23,467959.22,154069173893.0,126614724942.51,131140941934.54,68105858728.07,0,NORMAL
Logam & Baja,463661.03,233773.72,695734.58,7302593.24,522203.75,5229.48,347745.77,143219039157.27,15765609640.0,4773701635.39,8196774719.79,1,UNREPORTED_PROCESS_EMISSIONS
Logam & Baja,55661.2,97283.43,101162.64,1863295.31,465823.83,0.0,0.0,38286860933.99,22319144592.74,46862916476.99,34652885452.39,0,NORMAL
Ketenagalistrikan & PLTU,1060895.18,1186610.66,1133894.89,17736645.35,4434161.34,3924.84,0.0,357599645421.05,602313384892.95,0.0,203651471749.43,0,NORMAL
Kelapa Sawit & CPO,561146.06,115861.08,122090.77,23310705.74,5827676.44,9257.59,0.0,486509439973.91,2107754567.04,0.0,57076646331.62,0,NORMAL
Semen & Bahan Bangunan,890384.82,646964.37,643968.5,7478239.0,1869559.75,9360.98,634349.33,173506458493.37,77286653575.46,138189259563.26,85915626853.65,0,NORMAL
Kelapa Sawit & CPO,706356.38,72990.45,74328.0,14517590.45,3629397.61,8734.15,0.0,307501214022.9,1116251727.1,0.0,38365157255.26,0,NORMAL
Semen & Bahan Bangunan,388569.9,45976.48,266238.81,4770885.85,804086.57,14439.16,279770.33,103410078225.9,10660494581.46,5694062545.41,8159153136.09,1,EXTREME_YOY_COLLAPSE
Pulp & Kertas,146121.02,67300.83,67586.84,3031643.77,757910.94,9103.28,0.0,49083274850.07,14515145632.16,46112400362.39,33011851025.38,0,NORMAL
Kelapa Sawit & CPO,753944.77,87319.57,85717.75,17561580.19,4390395.05,22465.24,0.0,378618799608.58,1626644516.33,0.0,53632860050.67,0,NORMAL
Semen & Bahan Bangunan,327234.21,212395.71,214322.04,2202193.21,550548.3,20413.21,229407.69,45390313494.5,31305914331.78,27719410796.15,29803005409.14,0,NORMAL
Ketenagalistrikan & PLTU,571490.22,86592.22,538402.91,7041901.84,462294.29,831.19,0.0,147217835317.1,14200020928.94,4234341480.91,5536705331.0,1,EXTREME_YOY_COLLAPSE
Semen & Bahan Bangunan,414278.58,308108.5,319559.63,3512152.88,878038.22,24325.95,310068.44,59399842399.8,64795569927.45,47155671795.04,43438792981.68,0,NORMAL
Logam & Baja,257927.13,421024.71,430275.03,7054881.54,1707626.25,5399.71,0.0,3154368246.16,15828488818.56,4977367030.81,9244559998.7,1,FUEL_COST_MISMATCH
Kelapa Sawit & CPO,292615.47,51604.23,52193.96,10311367.78,2577841.95,2967.71,0.0,185772716723.62,1043961674.3,0.0,34606644798.0,0,NORMAL
Logam & Baja,147594.25,233987.92,246750.38,4431230.81,1107807.7,0.0,0.0,103214421040.21,65349530218.94,113931978546.68,110225112219.45,0,NORMAL
Semen & Bahan Bangunan,198665.86,14004.43,158167.54,2899771.0,462962.5,2502.27,143039.42,65214600238.68,11494649149.0,2937112891.88,8676083014.93,1,EXTREME_YOY_COLLAPSE
Logam & Baja,297618.04,482393.19,473369.12,9053384.81,2263346.2,0.0,0.0,169443450727.56,131004040112.94,209915723181.78,194514354934.26,0,NORMAL
Logam & Baja,116125.21,196641.96,202350.13,3706876.31,926719.08,0.0,0.0,86739776023.5,49288744003.66,96012656567.68,67760333247.45,0,NORMAL
Semen & Bahan Bangunan,757140.53,49846.69,424657.41,7612534.18,1281525.14,13984.35,545141.18,168960716796.91,13057262520.21,5342945827.51,12414616057.63,1,EXTREME_YOY_COLLAPSE
Kelapa Sawit & CPO,524847.28,111792.45,109395.1,22135636.88,5533909.22,15963.61,0.0,539388123479.72,2403622719.1,0.0,59604570166.45,0,NORMAL
Semen & Bahan Bangunan,359056.54,264414.84,250959.65,3176282.12,794070.53,18484.13,245892.38,75062044613.1,49890839148.41,64590373585.3,44467446227.16,0,NORMAL
Ketenagalistrikan & PLTU,791543.78,753397.29,801339.66,11366739.25,2841684.81,3061.34,0.0,251608887111.07,230671960375.44,0.0,165358461130.2,0,NORMAL
Ketenagalistrikan & PLTU,123529.18,113563.32,113553.37,1687890.26,421972.57,9425.86,0.0,31752976614.51,46408211372.11,0.0,24285220110.88,0,NORMAL
Manufaktur & Pengolahan,372157.32,93089.8,92242.94,7036126.37,1759031.59,0.0,0.0,159272651221.15,13878294234.95,81630353106.74,66161497928.22,0,NORMAL
Logam & Baja,82254.41,141524.95,141836.91,2668256.15,667064.04,0.0,0.0,51488286176.68,26504739162.99,47147579198.82,51167618467.31,0,NORMAL
Logam & Baja,436352.12,770092.16,780691.43,15026702.25,3756675.56,0.0,0.0,319680400617.5,145726570611.94,353467955486.38,273738751189.09,0,NORMAL
Manufaktur & Pengolahan,844563.43,228411.56,225821.04,16921532.69,4230383.17,0.0,0.0,351416521336.83,24485118977.52,212177723930.29,163255494379.35,0,NORMAL
Semen & Bahan Bangunan,764068.09,503782.7,496986.77,5305621.7,1326405.42,20590.54,524442.97,123808980048.15,88693600961.11,71181824301.38,69393891213.77,0,NORMAL
Ketenagalistrikan & PLTU,1088514.57,1043081.4,1057620.75,15397928.38,3849482.09,5054.36,0.0,294532178101.51,412926316349.61,0.0,163936981261.93,0,NORMAL
Kelapa Sawit & CPO,300901.18,56421.66,55816.71,11276620.2,2819155.05,8263.84,0.0,258990720907.25,811408092.64,0.0,30780797710.69,0,NORMAL
Pulp & Kertas,710156.26,223964.28,230800.07,10177073.0,2544268.25,20690.64,0.0,217452019795.76,36726225021.97,139794131421.09,123315473511.95,0,NORMAL
Kelapa Sawit & CPO,468164.51,64017.81,66627.24,12637885.18,3159471.3,18395.12,0.0,266746462948.83,1024480078.66,0.0,31608214170.55,0,NORMAL
Kelapa Sawit & CPO,142559.92,26852.62,26250.96,5266898.67,1316724.67,12631.12,0.0,122719064110.2,546989615.25,0.0,16372492107.78,0,NORMAL
Pulp & Kertas,486616.86,268233.56,251283.88,11845021.67,2961255.42,2558.09,0.0,238638754289.65,42029097753.92,186082231166.07,143781019690.73,0,NORMAL
Pulp & Kertas,488445.41,247471.19,241635.38,11231318.57,2807829.64,6667.62,0.0,261022613409.31,44348767129.51,148080843815.65,123538183144.76,0,NORMAL
Pulp & Kertas,208177.44,99294.24,97765.69,4413390.3,1103347.58,21642.7,0.0,91928627265.67,15910523301.12,50032296787.82,63311655647.62,0,NORMAL
Ketenagalistrikan & PLTU,891394.36,789037.38,802696.68,11713490.09,2928372.52,8450.61,0.0,202458555306.85,281829544387.75,0.0,151835510001.16,0,NORMAL
Logam & Baja,519505.13,403798.28,1193629.17,6991620.44,1764003.69,12494.83,389628.85,153461896210.98,12592947925.89,1773879013.93,12352593332.05,1,UNREPORTED_PROCESS_EMISSIONS
Ketenagalistrikan & PLTU,270335.92,249592.96,255331.54,3716376.43,929094.11,13527.92,0.0,77751870520.64,134718268530.55,0.0,43187116272.42,0,NORMAL
Ketenagalistrikan & PLTU,1265921.54,1389382.72,1456147.86,20524887.53,5131221.88,5542.28,0.0,354742535266.13,729813244186.44,0.0,285901045158.54,0,NORMAL
Semen & Bahan Bangunan,290769.93,223953.69,239796.95,2739277.39,684819.35,15433.71,214019.12,52120026761.59,39110197364.61,50543033056.53,35716100164.14,0,NORMAL
Kelapa Sawit & CPO,508847.07,81863.62,80954.4,16155099.99,4038775.0,10216.82,0.0,272958481087.07,1374525000.73,0.0,43403990135.34,0,NORMAL
Logam & Baja,408876.66,596174.76,589034.79,11191551.35,2797887.84,0.0,0.0,209635434026.74,97457174368.41,231409084224.3,222830966828.12,0,NORMAL
Manufaktur & Pengolahan,104706.89,30060.31,29981.03,2231855.64,557963.91,0.0,0.0,41257941183.63,3842988440.76,24008359323.67,23080451930.86,0,NORMAL
Manufaktur & Pengolahan,466567.83,128816.06,129704.19,9712480.61,2428120.15,0.0,0.0,161241577568.26,15691454770.52,80699551639.51,89879456139.77,0,NORMAL
Kelapa Sawit & CPO,780347.77,160043.3,162181.49,32058660.57,8014665.14,3059.11,0.0,668278153470.91,2450254800.31,0.0,102313201870.1,0,NORMAL
Semen & Bahan Bangunan,458414.42,362821.2,373301.72,4656709.9,1164177.48,11092.57,319062.21,102905223121.94,88086294732.23,96522203288.92,52126831074.29,0,NORMAL
Pulp & Kertas,664712.19,285589.36,275798.05,12695240.96,3173810.24,17721.38,0.0,214489403832.64,71919079392.42,213547886345.09,180918499801.77,0,NORMAL
Pulp & Kertas,812689.22,362253.83,365643.79,16064910.42,4016227.6,8419.67,0.0,272670453655.8,91676686869.05,288984828240.42,175853847926.41,0,NORMAL
Manufaktur & Pengolahan,154210.17,39041.8,41232.95,2936075.07,734018.77,0.0,0.0,52482373743.69,4626412751.36,37778382022.4,23675935934.85,0,NORMAL
Ketenagalistrikan & PLTU,535054.9,482671.96,504787.33,7302087.31,1825521.83,5759.56,0.0,141759249692.45,235547093679.59,0.0,105362721620.52,0,NORMAL
Semen & Bahan Bangunan,359409.12,230367.98,238174.85,2197623.5,549405.88,20515.06,265010.47,39183768946.2,31737888702.47,27859546009.89,25558905820.77,0,NORMAL
Semen & Bahan Bangunan,884359.61,575135.95,554556.83,5385378.48,1346344.62,3730.38,650671.34,88504189478.04,58806299578.41,63679758538.06,63321413874.09,0,NORMAL
Manufaktur & Pengolahan,800605.63,252833.26,265662.01,18796664.59,4699166.15,0.0,0.0,353336259820.5,31723309804.79,196417399186.11,165388819548.2,0,NORMAL
Manufaktur & Pengolahan,502079.75,127864.13,123696.91,9638510.88,2409627.72,0.0,0.0,232437631551.64,20500720287.1,87686923013.68,89182111998.81,0,NORMAL
Manufaktur & Pengolahan,119054.57,32288.91,31545.81,2389607.75,597401.94,0.0,0.0,53528973021.42,5008102105.35,26663019197.4,19807200175.05,0,NORMAL
Manufaktur & Pengolahan,344228.66,78319.21,80466.56,5850255.92,1462563.98,0.0,0.0,134029084964.63,10600293576.37,48815023368.45,48690208834.36,0,NORMAL
Semen & Bahan Bangunan,117344.93,70018.77,72983.59,644614.12,161153.53,13249.5,81369.44,14991151835.79,9534690873.05,8152795631.13,8672855297.41,0,NORMAL
Semen & Bahan Bangunan,437432.54,283688.28,303514.28,2939671.9,734917.98,21662.72,312726.24,69479358806.2,50968954515.59,46213376406.96,36626011259.25,0,NORMAL
Manufaktur & Pengolahan,360826.77,85101.65,86345.27,6377871.35,1594467.84,0.0,0.0,118198211069.27,11215089847.46,67290470059.21,55789664635.95,0,NORMAL
Manufaktur & Pengolahan,326221.65,110302.69,106496.53,8163214.33,2040803.58,0.0,0.0,199938439699.85,15017411142.7,74465963374.05,81229818811.22,0,NORMAL
Logam & Baja,145652.76,315917.21,328164.33,6250395.23,1562598.81,0.0,0.0,101453251854.16,74079386389.02,169749079891.46,141584768279.27,0,NORMAL
Semen & Bahan Bangunan,275616.63,168959.76,172576.36,1523877.3,380969.32,13097.3,199990.6,25902883309.18,21577567204.33,22608755610.81,19514880026.08,0,NORMAL
Manufaktur & Pengolahan,272554.45,90028.31,87397.09,6797033.08,1699258.27,0.0,0.0,144274332608.19,10765539116.76,54060339919.22,52768553096.77,0,NORMAL
Ketenagalistrikan & PLTU,822624.26,851165.97,830116.63,12745028.03,3186257.01,17845.24,0.0,305017615898.11,288997333376.54,0.0,186997128507.76,0,NORMAL
Kelapa Sawit & CPO,496285.75,75216.88,80564.14,15193153.8,3798288.45,12582.87,0.0,378371840888.26,1348264445.55,0.0,45571151173.97,0,NORMAL
Manufaktur & Pengolahan,795611.47,244907.27,243381.37,18473503.42,4618375.86,0.0,0.0,423545109241.56,31278940986.76,162560177959.67,144317436570.23,0,NORMAL
Semen & Bahan Bangunan,588819.23,388356.36,390883.68,4014077.41,1003519.35,23840.24,410681.1,90721877242.44,63922616550.2,72931306380.01,54692263759.79,0,NORMAL
Logam & Baja,385743.67,745212.11,756140.49,14831513.8,3707878.45,0.0,0.0,351656539526.38,133249733491.8,324166570758.53,342622878099.59,0,NORMAL
Kelapa Sawit & CPO,710971.61,146280.79,152434.42,29030516.22,7257629.05,7616.73,0.0,529177984541.46,2255251621.62,0.0,79556882161.7,0,NORMAL
Manufaktur & Pengolahan,730427.98,113501.28,113473.5,8481409.05,2120352.26,0.0,0.0,190634777875.83,17126030841.76,93244185911.11,63972359867.37,0,NORMAL
Kelapa Sawit & CPO,478390.98,88631.03,86008.79,17585906.35,4396476.59,20489.88,0.0,437816748522.79,1783094519.7,0.0,54763052745.62,0,NORMAL
Pulp & Kertas,753118.99,299459.58,295413.17,13332864.54,3333216.14,15006.56,0.0,261367560835.58,66581870442.04,153117234210.8,168252645259.73,0,NORMAL
Semen & Bahan Bangunan,466574.08,300764.42,288326.78,3123171.1,780792.77,23812.32,324626.93,72229233249.27,53629828292.49,47556668443.73,41830364255.3,0,NORMAL
Kelapa Sawit & CPO,269478.24,7597.45,53900.57,4229416.7,558624.68,11652.91,0.0,86333838228.48,15923003096.47,6177288817.35,3900598582.24,1,EXTREME_YOY_COLLAPSE
Ketenagalistrikan & PLTU,1091834.65,1066784.25,1081135.98,15835302.38,3958825.59,15409.57,0.0,354479797987.16,324965734040.47,0.0,225686055348.92,0,NORMAL
Semen & Bahan Bangunan,610740.79,396043.08,379400.6,3761955.68,940488.92,8058.65,443867.8,63013324362.34,54227819894.6,63160688873.77,40821231239.06,0,NORMAL
Ketenagalistrikan & PLTU,1277739.21,1067926.12,1106372.91,16166137.55,4041534.39,17059.97,0.0,293432844035.06,541775405076.0,0.0,172453109363.5,0,NORMAL
Pulp & Kertas,163708.49,59188.88,60078.97,2662967.86,665741.97,4088.49,0.0,61231707194.32,9457032150.31,31242753368.42,34795880020.29,0,NORMAL
Ketenagalistrikan & PLTU,796904.33,258710.22,697812.9,8696727.82,1430001.89,13481.18,0.0,190400825105.73,17459724031.54,3921220953.77,10043716508.42,1,UNDER_REPORTING_FRAUD
Semen & Bahan Bangunan,588670.65,384448.14,369441.21,4113888.61,1028472.15,21234.49,413893.15,86775626236.96,46274143139.03,48174631983.43,57071887597.25,0,NORMAL
Semen & Bahan Bangunan,578264.14,364049.73,379899.02,3497649.19,874412.3,2156.94,416384.84,64894965360.79,58916361953.43,57317349993.07,41164782689.43,0,NORMAL
Ketenagalistrikan & PLTU,1123579.5,1126873.49,1140870.85,16606306.8,4151576.7,23894.12,0.0,412590357399.87,511521162055.61,0.0,239735806393.66,0,NORMAL
Manufaktur & Pengolahan,106188.38,30099.96,30856.43,2262044.14,565511.03,0.0,0.0,52934220819.75,3291628937.25,20602778893.88,20671279244.53,0,NORMAL
Manufaktur & Pengolahan,120278.77,36285.84,35103.0,2731501.42,682875.35,0.0,0.0,60818647354.82,3985014998.5,36832979255.76,22966776851.36,0,NORMAL
Pulp & Kertas,649717.18,344845.48,330492.98,15511665.4,3877916.35,15041.12,0.0,357464225561.68,77290381937.86,187930041968.44,205455529761.9,0,NORMAL
Ketenagalistrikan & PLTU,475324.82,87445.64,452241.96,8660782.08,1256978.5,4595.26,0.0,177550830971.68,8814027681.24,5405675326.72,10929190080.83,1,EXTREME_YOY_COLLAPSE
Pulp & Kertas,115580.14,2002.36,56226.59,6650176.48,1748084.57,7599.57,0.0,139077436948.94,5637485576.64,1862654329.98,5126102768.85,1,IMPOSSIBLE_PRODUCTION_INTENSITY
Manufaktur & Pengolahan,456359.08,15693.99,178965.3,3574808.6,771931.04,14783.42,0.0,72844062116.46,8996529303.49,1521761609.15,10339690409.64,1,EXTREME_YOY_COLLAPSE
Logam & Baja,238230.79,383873.51,381021.67,7271286.79,1817821.7,0.0,0.0,151409191739.22,98185540454.97,178876287539.31,137450879049.3,0,NORMAL
Ketenagalistrikan & PLTU,1278706.55,1111451.44,1070841.93,16748084.64,4187021.16,5460.59,0.0,307904615846.34,602716997870.65,0.0,213275316208.82,0,NORMAL
Ketenagalistrikan & PLTU,1228922.75,1272639.96,1329828.24,19193526.11,4798381.53,6644.04,0.0,351616454374.65,476084338008.11,0.0,206519107995.34,0,NORMAL
Pulp & Kertas,818514.08,317548.74,311671.93,14292295.15,3573073.79,8628.0,0.0,246372172094.75,71614139637.3,244557848042.43,181155929889.5,0,NORMAL
Pulp & Kertas,637880.75,250698.74,258232.08,11368816.08,2842204.02,4405.53,0.0,249124530119.2,41813727245.45,154060738705.09,117726578233.39,0,NORMAL
Kelapa Sawit & CPO,612059.12,128033.27,124350.99,25150383.19,6287595.8,16582.41,0.0,503435859637.74,1581487703.8,0.0,68821269874.35,0,NORMAL
Kelapa Sawit & CPO,710828.69,102517.66,101273.77,20458780.21,5114695.05,21752.35,0.0,331982397760.93,1239652931.34,0.0,55547027725.91,0,NORMAL
Semen & Bahan Bangunan,769233.76,436166.74,419783.12,3520339.05,880084.76,8519.88,539072.44,71501850862.91,36459175626.95,49174142114.76,35292674849.36,0,NORMAL
Kelapa Sawit & CPO,107099.73,22981.36,23536.35,4551660.07,1137915.02,10317.01,0.0,94229892723.86,348527925.04,0.0,13857003691.18,0,NORMAL
Logam & Baja,474903.15,933242.64,868691.51,18216951.52,4554237.88,0.0,0.0,432165280854.53,236625293249.5,443587620670.54,358633995601.84,0,NORMAL
Ketenagalistrikan & PLTU,474338.63,435534.81,456433.9,6556606.96,1639151.74,20159.34,0.0,115923207315.03,164046584165.65,0.0,93653239035.93,0,NORMAL
Semen & Bahan Bangunan,661601.23,131453.12,343352.89,5283441.45,1329001.58,10131.91,476352.89,116709691189.56,5456680219.55,4347531538.36,3095978625.76,1,UNDER_REPORTING_FRAUD
Manufaktur & Pengolahan,304387.75,103548.32,98306.1,7787404.89,1946851.22,0.0,0.0,167364021529.1,10996593120.88,70218267765.44,67968572889.43,0,NORMAL
Kelapa Sawit & CPO,592626.22,103276.57,109559.96,20596216.96,5149054.24,9756.38,0.0,511745239651.75,2173807707.02,0.0,64175742882.9,0,NORMAL
Manufaktur & Pengolahan,552720.81,139326.74,141939.97,10525266.97,2631316.74,0.0,0.0,194960415541.63,17891964622.97,101568029263.34,101264804518.88,0,NORMAL
Ketenagalistrikan & PLTU,502461.24,166942.37,455244.3,7281979.53,773683.16,9920.12,376845.93,150413358032.0,8284093547.37,4886071488.69,5525693618.34,1,UNREPORTED_PROCESS_EMISSIONS
Semen & Bahan Bangunan,769187.76,372799.38,374190.82,2695179.53,673794.88,17659.61,539102.36,47677409218.44,30215780533.07,54952652171.19,27161728441.52,0,NORMAL
Kelapa Sawit & CPO,830765.63,103817.22,101363.45,20627873.13,5156968.28,18341.2,0.0,331848574514.69,1450235413.36,0.0,57416415959.05,0,NORMAL
Logam & Baja,106947.28,181973.96,182601.48,3392137.81,848034.45,0.0,0.0,71905716588.91,40514758256.8,61904062675.46,78055818001.43,0,NORMAL
Manufaktur & Pengolahan,497622.86,92477.31,156035.62,5072640.45,1159985.94,8436.41,0.0,110998340873.35,8444867975.21,2535785030.81,3808451001.39,1,UNDER_REPORTING_SUBTLE
Ketenagalistrikan & PLTU,604681.81,640457.97,667775.16,9669494.32,2417373.58,4571.08,0.0,187990627945.58,330988540569.34,0.0,131994163915.19,0,NORMAL
Pulp & Kertas,700726.65,308122.2,298598.6,13610646.11,3402661.53,6518.85,0.0,338202515382.58,73367062086.76,189821926204.93,141206052293.45,0,NORMAL
Semen & Bahan Bangunan,759058.61,417613.15,430269.33,3254165.42,813541.36,6600.9,544853.15,57449928672.98,44102796304.61,58513263717.35,44136717881.97,0,NORMAL
Logam & Baja,65087.79,151627.02,144553.85,3128983.58,782245.89,0.0,0.0,77797736616.99,25617276727.34,76539798896.16,72672192217.55,0,NORMAL
Manufaktur & Pengolahan,407974.5,117893.52,124838.62,8929960.07,2232490.02,0.0,0.0,221945026167.42,13687497642.83,87280052760.94,69571598996.6,0,NORMAL
Kelapa Sawit & CPO,349672.76,2790.45,61314.37,8610806.11,1422993.58,10640.02,0.0,164764895345.61,4710146513.03,5243832349.02,4364949203.83,1,IMPOSSIBLE_PRODUCTION_INTENSITY
Semen & Bahan Bangunan,569760.49,367304.89,372958.67,4643302.44,998063.17,2047.66,410227.55,3495036289.42,4754990179.68,5617344226.66,8472200426.85,1,FUEL_COST_MISMATCH
Pulp & Kertas,676778.51,320423.35,303608.54,14366002.34,3591500.58,15113.47,0.0,234020342768.05,84525081341.93,262459667174.16,193698805877.07,0,NORMAL
Logam & Baja,395410.37,795074.6,747281.73,15540114.85,3885028.71,0.0,0.0,271663229256.84,127237610951.17,314840854852.84,290006889729.28,0,NORMAL
Ketenagalistrikan & PLTU,598726.19,654126.87,670502.41,9728015.41,2432003.85,1532.68,0.0,241905919029.61,350464778798.94,0.0,106352501676.04,0,NORMAL
Kelapa Sawit & CPO,401879.81,88417.87,87891.27,17357691.23,4339422.81,17616.13,0.0,317369834247.5,1780159488.26,0.0,56751949731.5,0,NORMAL
Kelapa Sawit & CPO,162277.78,32067.54,31578.91,6419493.23,1604873.31,10271.27,0.0,111523216655.05,547994955.87,0.0,15802646489.64,0,NORMAL
Kelapa Sawit & CPO,451372.83,61287.16,61619.99,12226299.59,3056574.9,11908.4,0.0,270412936675.94,843718446.88,0.0,34690088706.54,0,NORMAL
Pulp & Kertas,487219.67,258371.1,253332.9,4118162.39,531984.09,1134.98,0.0,5884657581.96,5079674195.39,2729517969.35,3956027209.38,1,FUEL_COST_MISMATCH
Manufaktur & Pengolahan,454686.54,136724.69,139152.85,10109987.47,2527496.87,0.0,0.0,181396679609.02,14395525348.22,138961926955.52,101937779979.61,0,NORMAL
Kelapa Sawit & CPO,609421.72,82500.18,84713.42,16265621.84,4066405.46,1573.51,0.0,352224132625.0,1617841011.17,0.0,48401666907.52,0,NORMAL
Manufaktur & Pengolahan,116426.23,30518.95,30484.06,2304379.11,576094.78,0.0,0.0,41803494267.01,4407915189.17,30040808242.57,21243847312.63,0,NORMAL
Ketenagalistrikan & PLTU,1476799.39,1260885.14,1272418.11,18714070.61,4678517.65,16906.83,0.0,391919853466.3,523168748021.11,0.0,261819893554.21,0,NORMAL
Semen & Bahan Bangunan,238155.35,185780.95,183109.3,2328931.28,582232.82,8444.61,168805.08,51591169264.72,45075219353.59,35477656593.42,25218554002.36,0,NORMAL
Kelapa Sawit & CPO,209159.79,31526.98,31008.06,6278385.33,1569596.33,10011.92,0.0,114334106643.11,596767131.98,0.0,17296003652.84,0,NORMAL
Kelapa Sawit & CPO,103915.24,19947.88,21035.45,4001683.78,1000420.95,7809.21,0.0,73969926572.18,241925592.38,0.0,10225999363.49,0,NORMAL
Kelapa Sawit & CPO,881962.89,190422.05,180481.25,37608081.57,9402020.39,22953.06,0.0,719647568424.44,2371196221.1,0.0,113542248099.15,0,NORMAL
Ketenagalistrikan & PLTU,613240.52,662854.02,631355.36,10019865.19,2504966.3,18094.85,0.0,204656453634.33,294438649802.02,0.0,120337875421.0,0,NORMAL
Kelapa Sawit & CPO,508970.54,92222.4,95752.36,18504249.67,4626062.42,17648.64,0.0,460535048961.17,1133800200.45,0.0,60427302300.11,0,NORMAL
Manufaktur & Pengolahan,692751.66,217116.68,219308.13,16273859.12,4068464.78,0.0,0.0,342877241558.23,30269520162.67,211041817137.27,168842714037.9,0,NORMAL
Pulp & Kertas,265490.93,84858.21,80305.65,3760684.4,940171.1,10209.37,0.0,79475618307.9,13092747514.33,56333076278.8,38857896692.38,0,NORMAL
Semen & Bahan Bangunan,716860.76,451535.93,438082.89,4164047.13,1041011.78,10957.02,520572.02,92253970641.24,72757135623.0,80971333205.07,48862588817.1,0,NORMAL
Logam & Baja,376959.5,692849.94,677467.83,13698582.56,3424645.64,0.0,0.0,238541050012.64,202043539847.53,374550871732.27,313352985132.25,0,NORMAL
Ketenagalistrikan & PLTU,397633.92,313125.22,311010.7,4713243.73,1178310.93,9697.33,0.0,87558037210.6,174121387586.77,0.0,58938359071.71,0,NORMAL
Kelapa Sawit & CPO,317603.77,27345.78,27246.4,5437567.95,1359391.99,14202.18,0.0,93073594885.17,378825122.13,0.0,14950983387.96,0,NORMAL
Ketenagalistrikan & PLTU,487350.18,502730.24,481094.42,7470982.69,1867745.67,22695.19,0.0,169149148100.34,272639731429.38,0.0,86107508041.46,0,NORMAL
Kelapa Sawit & CPO,699633.37,142693.22,141939.54,28772781.75,7193195.44,7447.79,0.0,579929593925.73,3072618165.3,0.0,69841788565.02,0,NORMAL
Kelapa Sawit & CPO,565040.95,117070.71,118245.52,23059520.19,5764880.05,14405.02,0.0,392573836985.1,1449235400.56,0.0,60631333305.45,0,NORMAL
Pulp & Kertas,156807.76,54737.74,51681.69,2425387.8,606346.95,10978.46,0.0,41287310576.74,13647823352.66,35736839910.95,34664585115.59,0,NORMAL
Semen & Bahan Bangunan,535216.57,361424.74,349663.92,4124951.89,1031237.97,14598.95,366837.46,75638156458.97,58158816322.22,51683911570.26,52881307002.37,0,NORMAL
Semen & Bahan Bangunan,478416.09,369867.3,352725.75,4311344.01,1077836.0,11932.23,350577.89,83367659575.49,60364962782.86,51464837565.22,48158337760.27,0,NORMAL
Ketenagalistrikan & PLTU,1101857.73,1101742.06,1046400.66,16404534.59,4101133.65,616.63,0.0,380408719163.15,605152288822.74,0.0,211092661451.82,0,NORMAL
Semen & Bahan Bangunan,560836.93,358371.32,379747.51,3525267.16,881316.79,22086.52,404989.18,68099111075.09,38320221644.77,68359124214.44,41001866987.23,0,NORMAL
Pulp & Kertas,491177.75,190253.94,199435.29,8545006.82,2136251.7,20955.78,0.0,202499526378.52,37342729038.59,100626854817.94,110396150284.35,0,NORMAL
Manufaktur & Pengolahan,777084.15,301690.66,290448.74,22295397.28,5573849.32,0.0,0.0,359703891371.34,28286086906.48,193653681070.67,216091852409.42,0,NORMAL
Semen & Bahan Bangunan,231845.13,116244.66,112821.57,837975.98,209494.0,19043.41,160023.28,20504518657.14,14616597836.27,13266909177.5,11360847743.43,0,NORMAL
Manufaktur & Pengolahan,433846.93,78886.03,76109.2,5940407.11,1485101.78,0.0,0.0,125277357617.72,7844736682.56,66181838368.33,53827760074.77,0,NORMAL
Ketenagalistrikan & PLTU,1359706.81,1044556.81,1080254.17,15395570.05,3848892.51,14504.28,0.0,369880724419.56,449416020810.99,0.0,191092880134.58,0,NORMAL
Pulp & Kertas,410639.97,202257.69,193460.56,9071792.03,2267948.01,11170.98,0.0,183755317081.59,32774765447.05,115198253587.96,102796146029.37,0,NORMAL
Logam & Baja,432022.34,881511.65,872330.61,17580051.91,4395012.98,0.0,0.0,317345330794.97,235027341837.44,440034473686.76,344308587610.24,0,NORMAL
Manufaktur & Pengolahan,225011.5,69950.58,70039.06,5168982.34,1292245.58,0.0,0.0,122285074010.97,8694647018.12,46924482843.93,41734581457.73,0,NORMAL
Manufaktur & Pengolahan,449813.98,160660.51,156797.78,11968413.62,2992103.4,0.0,0.0,198065120301.98,21727433338.13,147007908904.15,105121231672.81,0,NORMAL
Kelapa Sawit & CPO,781216.68,167966.36,162707.98,33081352.06,8270338.01,12554.84,0.0,646744620543.85,2472302859.56,0.0,83429578060.98,0,NORMAL
Kelapa Sawit & CPO,385253.19,93434.6,95623.17,6242945.24,594790.51,5514.64,0.0,4251157989.43,12849317925.23,3043011176.71,5260640355.06,1,FUEL_COST_MISMATCH
Logam & Baja,416479.29,287102.11,823821.69,6294833.12,1456287.64,2974.44,312359.47,130102072056.61,12105761265.93,6801297489.38,12963593215.78,1,UNREPORTED_PROCESS_EMISSIONS
Logam & Baja,350741.92,484299.58,469262.59,8986602.73,2246650.68,0.0,0.0,180930802899.87,79003163715.41,199882278917.73,194249191998.65,0,NORMAL
Pulp & Kertas,713264.66,352476.34,367983.93,16016856.3,4004214.07,15731.87,0.0,361921484000.73,92542069033.82,271421407056.87,173797562977.51,0,NORMAL
Kelapa Sawit & CPO,89496.7,13411.41,13207.89,2636802.54,659200.64,2633.62,0.0,54997658332.66,156693224.3,0.0,7090303219.47,0,NORMAL
Logam & Baja,263057.01,534232.23,529470.88,10366683.61,2591670.9,0.0,0.0,168249784509.12,145849264071.14,258858367638.28,197791451893.54,0,NORMAL
Pulp & Kertas,635337.77,14189.7,255503.67,8218623.12,1607256.65,2791.41,0.0,157024897219.7,8130775180.32,3208310441.57,7443419217.66,1,IMPOSSIBLE_PRODUCTION_INTENSITY
Kelapa Sawit & CPO,583529.79,18987.06,127658.36,7573276.26,1316155.82,14053.91,0.0,155876343633.12,11516173738.66,3586065110.69,9665429134.74,1,EXTREME_YOY_COLLAPSE
Logam & Baja,312983.58,432323.23,443937.9,7475078.84,1868769.71,0.0,0.0,141087615266.33,90072941619.14,172027338637.28,176861444760.65,0,NORMAL
Ketenagalistrikan & PLTU,1097682.85,1080958.23,1021025.21,15923346.59,3980836.65,24812.1,0.0,392373250414.47,571860593973.59,0.0,231539803164.07,0,NORMAL
Semen & Bahan Bangunan,408138.96,40343.49,351140.9,7716195.67,735652.78,869.44,293860.05,151882977385.57,4899154200.41,4249653854.72,8955970235.15,1,EXTREME_YOY_COLLAPSE
Pulp & Kertas,183604.06,86951.47,86147.99,3907615.6,976903.9,19900.63,0.0,77034273519.58,17370589507.21,73571802066.53,47915362874.29,0,NORMAL
Logam & Baja,71473.56,110371.35,105062.85,1997464.73,499366.18,0.0,0.0,45378408215.04,26631300879.78,36978562614.38,44027665316.46,0,NORMAL
Manufaktur & Pengolahan,198770.45,65389.87,67471.72,4933508.78,1233377.19,0.0,0.0,108852487495.19,8242635691.67,55546363371.7,47062632005.81,0,NORMAL
Ketenagalistrikan & PLTU,1109366.86,900415.54,887386.67,13594230.88,3398557.72,20609.74,0.0,241592944114.27,437179760769.67,0.0,166139518908.78,0,NORMAL
Logam & Baja,290054.94,483715.99,496793.66,9200837.75,2300209.44,0.0,0.0,183067381974.64,94467375563.18,178342210315.98,190192494189.49,0,NORMAL
Kelapa Sawit & CPO,343999.98,81600.48,79472.62,16161306.6,4040326.65,18486.76,0.0,298803091890.85,1000145050.84,0.0,46160476500.78,0,NORMAL
Manufaktur & Pengolahan,585892.93,148831.58,153900.85,11150292.99,2787573.25,0.0,0.0,237068074885.4,22136962162.44,92479771397.25,98244419489.33,0,NORMAL
Pulp & Kertas,206040.11,33494.74,91619.47,4279946.75,1633394.05,1130.4,154530.08,93030180077.9,6160654712.94,4893075685.85,3459257358.44,1,UNREPORTED_PROCESS_EMISSIONS
Ketenagalistrikan & PLTU,511363.22,82350.2,364906.37,7130172.1,698935.6,12194.65,0.0,144938244896.56,13684015283.86,4796093911.42,9569534565.86,1,UNDER_REPORTING_FRAUD
Pulp & Kertas,463332.13,203897.56,214554.02,9101693.51,2275423.38,20231.93,0.0,152610124559.92,35576827316.02,158363737882.57,121023672431.38,0,NORMAL
Ketenagalistrikan & PLTU,224358.11,190909.43,196595.51,2880598.42,720149.61,4551.52,0.0,68359541179.39,82476791326.16,0.0,31718725963.1,0,NORMAL
Pulp & Kertas,428610.37,153113.3,145882.57,6843853.23,1710963.31,20132.71,0.0,112224156082.62,35167712608.92,98000284922.13,83084936258.95,0,NORMAL
Kelapa Sawit & CPO,255895.32,46395.44,44960.79,9276047.98,2319012.0,7738.92,0.0,189936900955.53,551238041.59,0.0,26569717667.6,0,NORMAL
Ketenagalistrikan & PLTU,878925.69,813337.08,796325.16,12006761.91,3001690.48,6302.51,0.0,211088975404.08,332048951996.71,0.0,144696106091.67,0,NORMAL
Logam & Baja,239251.15,498155.0,483265.0,9556663.4,2389165.85,0.0,0.0,206470276178.11,110122723047.01,168578088014.78,212777875513.57,0,NORMAL
Ketenagalistrikan & PLTU,284421.71,235634.1,249139.88,3515192.39,878798.1,4295.31,0.0,56641037584.74,123067582093.19,0.0,45188991709.1,0,NORMAL
Ketenagalistrikan & PLTU,531499.39,473373.3,503731.79,7172253.28,1793063.32,10838.76,0.0,117529818532.03,173138708756.17,0.0,94201797712.37,0,NORMAL
Ketenagalistrikan & PLTU,228358.16,254703.24,247451.04,3778138.99,944534.75,15467.8,0.0,79806081525.23,109006199132.21,0.0,53390125281.29,0,NORMAL
Logam & Baja,250114.5,299741.17,310062.82,4974067.29,1243516.82,0.0,0.0,107357609833.76,48467715131.38,110946200469.11,116104795005.57,0,NORMAL
Pulp & Kertas,144149.76,21992.12,78002.35,2766819.73,1056664.77,11608.41,0.0,57332107830.16,9108691838.63,3577894947.37,10483190477.64,1,UNDER_REPORTING_FRAUD
Pulp & Kertas,252056.31,96673.18,93458.69,4354849.35,1088712.34,23045.38,0.0,84471166899.31,26471954305.77,84481777047.73,51131028768.94,0,NORMAL
Ketenagalistrikan & PLTU,626530.61,499705.17,481856.41,7516562.5,1879140.63,20612.12,0.0,170189948988.52,206029528262.16,0.0,101053904220.0,0,NORMAL
Manufaktur & Pengolahan,570027.36,181595.11,180604.06,13519648.13,3379912.03,0.0,0.0,332393320372.48,20379543961.4,132701537636.28,141538481452.57,0,NORMAL
Semen & Bahan Bangunan,645099.71,446555.61,444080.15,4683817.44,1170954.36,16394.07,470647.64,102611011814.92,50887464205.64,82836857685.69,63611719429.08,0,NORMAL
Kelapa Sawit & CPO,268444.73,5697.63,42348.45,5381545.54,1753430.37,2406.84,0.0,103898727763.77,8189715685.95,4093139993.65,4639487026.59,1,EXTREME_YOY_COLLAPSE
Pulp & Kertas,605814.03,93499.8,268103.85,8561569.27,734946.6,2041.37,454360.52,178159484884.06,8234191295.06,3255536381.5,11196923019.9,1,UNREPORTED_PROCESS_EMISSIONS
Semen & Bahan Bangunan,149394.22,105682.46,112240.51,1241547.19,310386.8,3283.54,103379.74,27757938334.2,21143875970.97,23920966879.88,14533852480.81,0,NORMAL
Kelapa Sawit & CPO,209663.77,46830.45,47693.3,9366343.11,2341585.78,8527.4,0.0,159406940295.69,1008712829.93,0.0,30324801295.02,0,NORMAL
Ketenagalistrikan & PLTU,517226.63,521418.1,524850.5,7895170.16,1973792.54,19003.34,0.0,168206196179.55,189143533046.86,0.0,93784332714.38,0,NORMAL
Ketenagalistrikan & PLTU,1270623.1,982959.16,945604.0,14881690.02,3720422.51,21911.37,0.0,339710129239.78,393733994240.09,0.0,215830429155.23,0,NORMAL
Logam & Baja,252971.46,524490.22,512659.72,10579870.1,2644967.53,0.0,0.0,230886527822.73,113907195221.72,177563026929.4,255682550017.81,0,NORMAL
Pulp & Kertas,522481.93,216842.94,224264.27,9758469.9,2439617.47,18295.86,0.0,226314242804.05,46583361855.23,182691917226.7,102235513074.69,0,NORMAL
Ketenagalistrikan & PLTU,652391.22,617553.78,631137.16,9284744.09,2321186.02,22222.83,0.0,203522978592.98,284772885665.25,0.0,129669878098.17,0,NORMAL
Manufaktur & Pengolahan,429991.83,132210.09,135070.56,9773519.14,2443379.79,0.0,0.0,218669229688.57,19039800759.83,113798393141.94,96726285883.84,0,NORMAL
Manufaktur & Pengolahan,718507.61,249409.75,252121.5,18393381.55,4598345.39,0.0,0.0,344284619790.05,37411775286.94,252662214365.9,187130722159.12,0,NORMAL
Pulp & Kertas,717428.39,334665.42,333360.89,14826385.7,3706596.42,16323.84,0.0,320961239033.34,86893706404.24,214312922123.38,181807037570.59,0,NORMAL
Semen & Bahan Bangunan,515267.3,387314.88,370351.72,4419899.29,1104974.82,3277.57,377416.29,73170274910.29,55051110959.17,60023912373.57,53084802668.85,0,NORMAL
Logam & Baja,396528.33,715420.28,738476.29,13682130.92,3420532.73,0.0,0.0,260585365605.14,167996231609.69,384862859206.73,310555950321.73,0,NORMAL
Kelapa Sawit & CPO,524883.29,94698.33,92216.51,18729664.71,4682416.18,10499.96,0.0,462027873944.84,1489757071.85,0.0,48639019306.62,0,NORMAL
Manufaktur & Pengolahan,624099.86,27006.82,162203.63,4120091.22,943893.99,12248.51,0.0,88365876453.94,13043949068.66,2948199294.94,6535466846.63,1,UNDER_REPORTING_FRAUD
Kelapa Sawit & CPO,807221.0,124212.58,121747.69,24715898.77,6178974.69,10682.54,0.0,486016747035.19,1824542991.38,0.0,68683766532.58,0,NORMAL
Manufaktur & Pengolahan,667165.15,199765.56,190622.79,14869346.04,3717336.51,0.0,0.0,239782912608.8,18001295882.06,169639867726.13,121840445697.72,0,NORMAL
Logam & Baja,488558.32,748549.11,759459.53,13736874.86,3434218.72,0.0,0.0,264552604084.95,194201873696.31,229307337457.81,247205299876.48,0,NORMAL
Kelapa Sawit & CPO,671283.13,165919.49,158588.13,33239869.95,8309967.49,16537.63,0.0,540167787080.99,3521727135.54,0.0,107608200958.55,0,NORMAL
Semen & Bahan Bangunan,141005.95,99356.04,94013.65,1175501.69,293875.42,20772.01,96625.44,18826076954.22,19808468102.15,22318092891.51,13034266412.78,0,NORMAL
Kelapa Sawit & CPO,221359.13,47316.12,46734.91,9383934.78,2345983.69,3855.97,0.0,163504993226.44,571172817.78,0.0,29023170811.21,0,NORMAL
Manufaktur & Pengolahan,840141.03,234913.98,224730.93,17769909.28,4442477.32,0.0,0.0,391202611096.65,22915555804.77,214039305474.48,134357814863.1,0,NORMAL
Manufaktur & Pengolahan,304459.37,102749.94,104366.26,7594492.09,1898623.02,0.0,0.0,169461430595.41,11166536994.28,64622739975.75,78979591513.9,0,NORMAL
Pulp & Kertas,204874.46,92966.15,87791.09,4125476.25,1031369.06,20636.89,0.0,80643653518.03,23362915773.47,67443431928.79,58861123304.75,0,NORMAL
Pulp & Kertas,508566.42,248955.92,254680.77,11126337.56,2781584.39,17301.86,0.0,269772836330.18,53911757835.64,161544212965.89,145735985369.39,0,NORMAL
Semen & Bahan Bangunan,705216.17,118682.01,325586.63,4374756.43,609113.54,8814.89,528912.13,83693793633.36,13906242264.08,1746240612.29,5785537302.49,1,UNREPORTED_PROCESS_EMISSIONS
Manufaktur & Pengolahan,773031.09,248972.86,238634.15,18320870.1,4580217.52,0.0,0.0,457936962894.14,34795358265.1,261155087427.43,174399732941.74,0,NORMAL
Kelapa Sawit & CPO,884180.11,125261.06,125917.25,25167918.93,6291979.73,10819.35,0.0,437299703275.29,2217718652.86,0.0,76546948621.11,0,NORMAL
Pulp & Kertas,146181.65,13214.94,63943.54,5614828.89,1317141.76,9803.13,0.0,115470834380.29,5666045325.0,3640967264.55,4318250924.97,1,UNDER_REPORTING_FRAUD
Kelapa Sawit & CPO,364896.76,49586.61,48909.59,9919425.35,2479856.34,12466.98,0.0,193588630543.39,698351629.34,0.0,28135426936.86,0,NORMAL
Ketenagalistrikan & PLTU,718487.81,54993.24,577130.88,8320461.09,1779233.78,5494.86,0.0,183749108900.54,4372441688.42,4588655383.42,3472820668.18,1,EXTREME_YOY_COLLAPSE
Ketenagalistrikan & PLTU,687588.27,101261.23,614532.93,8526619.35,1309810.55,9376.91,0.0,174393100492.69,12423985209.41,3939230851.84,3982328833.38,1,EXTREME_YOY_COLLAPSE
Pulp & Kertas,337249.47,106135.98,150659.64,8663195.08,1437134.76,5973.33,0.0,183404363994.07,11589615543.58,6071680777.54,4994253355.76,1,UNDER_REPORTING_SUBTLE
Ketenagalistrikan & PLTU,643047.64,593755.84,598131.2,8805916.95,2201479.24,20244.81,0.0,148681567729.98,326280681681.97,0.0,103048807431.9,0,NORMAL
Logam & Baja,272741.51,457847.68,435035.23,8665748.94,2166437.23,0.0,0.0,187181420794.26,78504947461.13,238855797882.62,214611973516.84,0,NORMAL
Kelapa Sawit & CPO,576422.87,66149.8,62493.34,13164376.32,3291094.08,15597.96,0.0,307432577797.41,1172674679.43,0.0,40127791596.98,0,NORMAL
Semen & Bahan Bangunan,307005.08,206516.05,203642.16,2173554.49,543388.62,14895.28,222968.57,50993965412.51,36764275330.02,31046912960.94,29735923896.15,0,NORMAL
Logam & Baja,293644.69,638409.2,665878.34,12985105.83,3246276.46,0.0,0.0,220712775127.23,133220997451.69,282044942214.72,310662225359.63,0,NORMAL
Pulp & Kertas,496593.27,258814.32,240478.72,11453961.36,2863490.34,9378.17,0.0,186093784293.6,64491932892.64,220497864407.08,159646357681.65,0,NORMAL
Pulp & Kertas,881226.35,360549.99,352537.81,16278385.45,4069596.36,9069.45,0.0,375518588207.56,80301434535.12,215242233002.49,174516468920.39,0,NORMAL
Pulp & Kertas,377181.38,34462.21,170378.75,6920252.68,599631.08,9153.99,0.0,151741185009.16,5801920587.87,6022241698.19,13578865274.44,1,UNDER_REPORTING_FRAUD
Ketenagalistrikan & PLTU,235395.89,214992.55,213815.84,3242911.65,810727.91,1411.76,0.0,74020665082.65,110249215949.53,0.0,34919970397.6,0,NORMAL
Manufaktur & Pengolahan,505035.38,79333.89,139606.59,6821876.16,1303320.58,937.08,0.0,140458882065.83,5048351111.99,3456491215.63,13154523713.54,1,UNDER_REPORTING_SUBTLE
Pulp & Kertas,533823.1,214009.53,220813.4,9685312.33,2421328.08,18187.05,0.0,232024863047.01,48027048394.63,151718976324.2,130142776580.77,0,NORMAL
Manufaktur & Pengolahan,522546.39,158256.83,164081.57,11954549.12,2988637.28,0.0,0.0,240124108711.35,21392250504.61,112822148541.13,120206914117.7,0,NORMAL
Logam & Baja,139286.11,273495.29,258301.97,5256220.04,1314055.01,0.0,0.0,105875676835.72,43181781088.75,116217064475.06,107882418107.82,0,NORMAL
Pulp & Kertas,303801.23,168309.69,170795.55,7459631.62,1864907.9,10266.33,0.0,125105318341.21,38276875387.06,146177375253.8,82024693914.1,0,NORMAL
Semen & Bahan Bangunan,112267.72,63009.14,61739.58,473224.24,118306.06,20735.31,82562.67,9629710183.66,5398563149.86,7151610696.09,5911703442.62,0,NORMAL
Pulp & Kertas,832939.14,301925.93,316557.2,13518314.53,3379578.63,8862.61,0.0,310236689766.82,49425719294.15,246778484674.69,181280199007.6,0,NORMAL
Semen & Bahan Bangunan,223814.13,161922.86,155266.69,1835052.6,458763.15,12017.14,165083.19,40605014248.25,32285820901.67,22764073359.58,22690941064.52,0,NORMAL
Semen & Bahan Bangunan,888530.24,598285.13,605765.18,6164160.0,1541040.0,6228.03,656166.8,149643484068.97,83502285468.92,120667852852.1,80576452417.77,0,NORMAL
Semen & Bahan Bangunan,644815.15,488632.26,468277.14,6137415.87,1534353.97,4034.11,444857.56,135349666758.53,91365018718.65,119943689944.13,67795334053.15,0,NORMAL
Kelapa Sawit & CPO,703876.16,78018.63,83552.1,15751632.87,3937908.22,854.64,0.0,330213427719.33,1560239948.05,0.0,41352493841.23,0,NORMAL
Logam & Baja,91985.3,171526.69,172051.1,3261979.89,815494.97,0.0,0.0,62591288236.52,37740498586.52,80419524581.69,74091192786.86,0,NORMAL
Kelapa Sawit & CPO,693666.46,105012.94,104791.24,20615178.96,5153794.74,6622.48,0.0,491334530080.2,1697703580.08,0.0,62243734972.35,0,NORMAL
Semen & Bahan Bangunan,470609.01,299398.05,281973.61,2755580.16,688895.04,21144.32,350052.56,59682345869.93,35154436343.51,44264267410.56,30964677370.04,0,NORMAL
Kelapa Sawit & CPO,376312.02,80773.46,84832.76,15978556.9,3994639.23,8022.48,0.0,302581490437.43,1635380765.62,0.0,49436206123.37,0,NORMAL
Semen & Bahan Bangunan,780496.0,403157.38,381891.24,2909900.84,727475.21,18052.94,563990.46,68753544653.44,51372159387.43,44224377956.96,40479307496.67,0,NORMAL
Semen & Bahan Bangunan,320979.78,212961.16,213230.55,2119978.23,529994.56,22574.34,230669.44,37566954804.79,37199813970.55,35682402801.58,23545514413.35,0,NORMAL
Logam & Baja,214915.7,547591.23,518089.18,11372359.42,2843089.86,0.0,0.0,201597391546.39,102690111162.76,270043524293.03,227521720230.64,0,NORMAL
Pulp & Kertas,358756.78,41143.36,153689.72,4035463.71,1276607.77,3572.56,0.0,87076534418.75,19290102963.73,6863710350.55,8968134817.41,1,UNDER_REPORTING_FRAUD
Logam & Baja,384569.9,699038.05,654733.05,13120110.53,3280027.63,0.0,0.0,255222707592.61,172200805469.02,236659609679.93,295504569625.63,0,NORMAL
Logam & Baja,400740.04,769257.82,726508.35,14810066.29,3702516.57,0.0,0.0,239698990188.61,193523791413.81,261097744915.35,299633816404.73,0,NORMAL
Ketenagalistrikan & PLTU,178766.93,166152.84,168673.06,2467975.73,616993.93,8030.03,0.0,59418432363.06,69918821304.25,0.0,32198878242.28,0,NORMAL
Pulp & Kertas,885550.35,366782.05,359472.67,16611385.15,4152846.29,10858.35,0.0,374449398238.25,99522191007.87,299336937088.03,209148448268.14,0,NORMAL
Kelapa Sawit & CPO,623818.99,171129.2,174950.88,33778331.07,8444582.77,10747.58,0.0,654097520964.66,2763013909.12,0.0,90071786130.11,0,NORMAL
Manufaktur & Pengolahan,170439.5,34463.23,33567.84,2552129.9,638032.48,0.0,0.0,49405176789.23,4054572321.93,24859481829.82,21106771723.66,0,NORMAL
Semen & Bahan Bangunan,211834.35,126964.42,129833.3,1100669.15,275167.29,4849.79,150981.37,25924613199.68,11892153120.65,20575231375.53,15197495678.35,0,NORMAL
Pulp & Kertas,121078.2,46889.17,45318.24,2084559.93,521139.98,1644.52,0.0,42595887837.87,13289666784.01,25708037054.44,22150141664.43,0,NORMAL
Pulp & Kertas,557609.55,196552.86,204444.86,8714739.87,2178684.97,23017.15,0.0,152503845520.25,43679283616.46,143604100436.09,118845645472.64,0,NORMAL
Ketenagalistrikan & PLTU,263934.53,232352.01,228773.31,3438786.14,859696.53,5007.36,0.0,73957769041.96,74187622954.82,0.0,49864701095.47,0,NORMAL
Logam & Baja,479123.88,1012454.88,994323.34,20089226.89,5022306.72,0.0,0.0,328122731570.19,255182607085.13,496059265329.14,462387152320.6,0,NORMAL
Logam & Baja,463870.16,811272.91,759770.43,15173249.54,3793312.38,0.0,0.0,313794366865.74,162583481133.43,406717249552.42,283085189282.39,0,NORMAL
Kelapa Sawit & CPO,480087.86,93661.21,96731.87,18484175.89,4621043.97,13484.01,0.0,402389991915.55,1712131414.14,0.0,52926438778.35,0,NORMAL
Manufaktur & Pengolahan,536203.37,80190.28,79875.38,6065243.7,1516310.93,0.0,0.0,129210345116.08,13394488616.35,78879391407.31,62656040488.04,0,NORMAL
Logam & Baja,780006.18,1884416.0,1840248.24,5659492.55,747741.91,2706.89,0.0,8402474995.47,18589289877.85,5691129849.24,12482758358.6,1,FUEL_COST_MISMATCH
Kelapa Sawit & CPO,300485.87,56702.24,53555.62,11264909.59,2816227.4,10394.44,0.0,265497532030.96,1235875983.24,0.0,35073642685.39,0,NORMAL
Logam & Baja,302715.95,573291.68,595467.05,11174143.83,2793535.96,0.0,0.0,238188652230.22,152123001046.55,216872548460.21,225992426829.4,0,NORMAL
Ketenagalistrikan & PLTU,1189940.19,1030980.18,1013771.39,15275791.01,3818947.75,22563.81,0.0,325274344646.84,425375136781.31,0.0,225054482314.61,0,NORMAL
Manufaktur & Pengolahan,524661.88,194728.58,198161.51,14444333.92,3611083.48,0.0,0.0,234682655120.32,18034061820.33,128215551161.68,117816291209.42,0,NORMAL
Semen & Bahan Bangunan,639114.76,447961.49,468059.61,4698772.86,1174693.21,1156.01,470153.85,110831852479.02,85323241814.13,89772436892.33,50175295853.4,0,NORMAL
