sector,production_tonnes,reported_scope1_tco2e,reported_scope2_tco2e,reported_scope3_tco2e,reported_emissions_tco2e,historical_emissions_tco2e,stat_fuel_liters,mob_fuel_liters,coal_kg,gas_m3,electricity_kwh,biomass_tonnes,clinker_tonnes,cost_solar_idr,cost_coal_idr,cost_gas_idr,cost_pln_idr,is_anomaly,anomaly_type
manufaktur,316120.76,45172.07,32672.27,4094.83,81939.17,81581.9,5061751.72,1265437.93,5382593.13,7856599.31,159547278.13,0.0,0.0,105172316746.83,7074042857.75,63004348078.06,254589142016.49,0,NORMAL
pertambangan,191538.32,148137.23,30653.5,0.0,178790.73,187260.63,26486064.57,6621516.14,9388298.56,5872907.48,146946598.7,0.0,56575.68,470692716172.84,12782740398.35,66425091817.53,257653247646.95,0,NORMAL
manufaktur,53527.26,7265.72,5284.16,0.0,6100.1,12965.48,4491045.23,1106546.11,3871450.05,1846088.28,28221278.95,0.0,0.0,100726566457.82,5262746381.42,16738003997.01,42062412067.98,1,SCOPE_MATH_DISCREPANCY
pertambangan,597521.28,498567.36,101930.69,0.0,600498.05,575560.11,89443390.4,22360847.6,31704266.62,19832797.53,496238388.29,0.0,191055.95,2087164518309.04,39385199899.14,208457027928.58,644576288459.8,0,NORMAL
perbankan,53451.16,266.6,1999.47,0.0,2266.06,2676.42,2401396.63,814733.37,1884496.19,1969790.32,8010779.73,0.0,0.0,4165412535.32,2512226366.18,21914486680.54,11859647379.21,1,FUEL_PRICE_INVOICE_FRAUD
pertambangan,732295.68,804944.8,161256.44,0.0,966201.24,931726.29,142535116.34,35633779.09,50523256.23,31605131.37,790795117.37,0.0,304462.77,2423400827945.86,73700116641.46,290222013572.01,990530028151.7,0,NORMAL
konstruksi,283212.3,57568.12,23206.01,0.0,80774.13,78962.31,13593780.74,3398445.19,1124311.12,5626557.46,112299532.73,0.0,0.0,315832657437.22,1562585665.02,67680473710.77,211893531913.74,0,NORMAL
konstruksi,271491.53,63552.23,26212.24,0.0,89764.47,85566.28,15199925.2,3799981.3,1257151.72,6291351.48,125568046.9,0.0,0.0,275851414387.98,1928166814.45,56400819232.3,214388849642.02,0,NORMAL
perbankan,45486.33,176.67,1328.73,265.61,1771.01,1773.02,47445.62,11861.4,0.0,12995.78,6350351.14,0.0,0.0,784500635.29,0.0,171187542.74,8068535156.25,0,NORMAL
konstruksi,276419.65,79330.61,11501.63,0.0,90832.24,121355.13,5962698.98,1151258.65,4477657.8,1792509.48,7070472.3,0.0,0.0,132054594948.08,5200267025.75,16846800173.36,9767888249.75,1,SCOPE2_ELECTRICITY_MISMATCH
perhotelan,53670.8,2391.84,5237.74,0.0,7629.58,7788.52,300363.65,75090.91,0.0,699314.28,25353275.77,0.0,0.0,6127883464.69,0.0,7808116044.33,46706282999.56,0,NORMAL
perhotelan,53663.48,901.84,1989.47,0.0,2891.31,3014.09,114256.22,28564.06,0.0,266014.24,9644208.11,0.0,0.0,2555805585.78,0.0,2892168795.01,17571720315.08,0,NORMAL
pertanian,308598.34,1466.53,733.27,0.0,2199.8,81890.43,4301104.53,810701.57,1197812.82,231087.63,7754883.6,0.0,0.0,98120170378.84,1659352480.2,2310731179.46,11665179025.26,1,SECTOR_INTENSITY_ANOMALY
perbankan,77253.21,556.38,4172.84,0.0,4729.22,5748.46,2630922.98,907051.77,1542480.82,1066303.15,28901107.03,0.0,0.0,3150973559.35,1843994689.41,10205176208.01,45942822931.35,1,FUEL_PRICE_INVOICE_FRAUD
perbankan,53248.31,277.01,2080.94,407.86,2765.81,2648.77,74337.16,18584.29,0.0,20361.61,9949645.58,0.0,0.0,1371188610.36,0.0,166614497.86,12127299561.06,0,NORMAL
manufaktur,178490.78,45605.02,32974.71,0.0,78579.73,81311.55,5108056.03,1277014.01,5431832.46,7928470.56,160312803.09,0.0,0.0,103895766013.3,6278843367.94,77585623229.46,205745384234.64,0,NORMAL
manufaktur,438686.34,74654.9,53105.43,6713.13,134473.46,129704.36,8241550.88,2060387.72,8763945.29,12792125.44,259775090.23,0.0,0.0,181642645975.05,12633345789.8,116826565774.84,399033496782.36,0,NORMAL
perhotelan,101307.07,1417.05,3618.8,552.45,5588.3,5602.0,178592.0,44648.0,0.0,415802.43,17608998.53,0.0,0.0,3797009476.52,0.0,4967672993.49,31597906805.03,0,NORMAL
konstruksi,288993.69,111107.5,11210.95,17093.46,139411.92,174594.32,4142830.09,333887.85,3794845.88,1722456.72,9480041.26,0.0,0.0,81491217760.54,5102052518.17,18175906786.82,13551690783.89,1,SCOPE2_ELECTRICITY_MISMATCH
manufaktur,322653.1,42723.22,30510.35,0.0,73233.57,74969.47,4738710.65,1184677.66,5039075.95,7355191.03,148721153.88,0.0,0.0,110066661716.29,6807429898.3,57903047833.27,245544869075.52,0,NORMAL
pertambangan,776082.12,866906.44,177100.23,0.0,1044006.67,1048930.84,154419436.37,38604859.09,54735793.89,34240310.02,856730183.0,0.0,329848.32,3242934962153.45,67925976698.78,425684816411.85,1166641604839.51,0,NORMAL
konstruksi,104734.31,10211.6,3927.54,0.0,9070.12,16166.61,3008197.1,527325.74,6824744.87,753716.66,24778547.46,0.0,0.0,68792905847.99,7717523978.3,7999025828.29,35254779689.31,1,SCOPE_MATH_DISCREPANCY
perhotelan,60530.69,1923.49,4237.54,0.0,6161.03,6095.3,241594.59,60398.65,0.0,562486.67,20392661.8,0.0,0.0,5178738380.66,0.0,7105362692.63,29893615809.76,0,NORMAL
manufaktur,146420.87,23025.2,16698.44,0.0,39723.64,38111.04,2603803.33,650950.83,2768846.58,4041494.05,81718565.36,0.0,0.0,58257126691.97,2669112589.59,43221827657.17,142683870810.99,0,NORMAL
pertambangan,717805.97,555619.42,116787.08,0.0,672406.5,679872.94,100234036.86,25058509.21,35529138.76,22225469.65,556105674.0,0.0,214105.36,2422634987642.75,41526944466.32,272385831498.4,930002518535.46,0,NORMAL
manufaktur,457601.54,26272.18,19005.63,0.0,45277.81,45111.31,2958379.39,739594.85,3145897.59,4591849.37,92846689.41,0.0,0.0,51647538433.56,3466188673.8,50509795036.17,147463823411.25,0,NORMAL
perbankan,45676.06,400.15,1709.17,0.0,2109.32,2039.62,108695.83,27173.96,0.0,29772.75,8269603.44,0.0,0.0,2661090287.53,0.0,320644600.21,13678845515.87,0,NORMAL
pertanian,355155.48,59095.91,21874.66,0.0,80970.57,83967.27,15142569.3,3785642.33,0.0,5875885.76,106196398.75,0.0,0.0,368608375303.64,0.0,64962523138.69,167021719545.82,0,NORMAL
konstruksi,140180.88,25319.93,10405.88,0.0,35725.81,36522.88,6006390.45,1501597.61,496775.08,2486085.48,49619370.31,0.0,0.0,127078298230.97,683917417.4,27966398281.16,68105036960.54,0,NORMAL
perbankan,35592.73,97.83,744.39,147.78,990.0,1036.05,26694.7,6673.67,0.0,7311.91,3572947.65,0.0,0.0,611550701.57,0.0,82014275.08,4745168256.46,0,NORMAL
pertambangan,361523.86,400468.82,82059.9,0.0,482528.72,483923.09,72177971.25,18044492.81,25584334.79,16004436.82,400448596.2,0.0,154176.07,1756490857587.67,27240905743.05,143690124042.42,529339531065.72,0,NORMAL
perhotelan,109903.58,4010.61,8933.07,0.0,12943.68,13571.97,509588.65,127397.16,0.0,1186437.24,43013665.7,0.0,0.0,12487988886.94,0.0,15805688964.44,69691477338.49,0,NORMAL
pertambangan,75459.21,77805.39,14588.51,0.0,59128.27,94267.08,2971468.87,867931.72,2749705.01,1946886.53,10765713.72,0.0,15091.84,59848639253.52,3736010693.34,18594491128.03,15995708904.34,1,SCOPE_MATH_DISCREPANCY
perbankan,54097.1,599.86,2567.45,0.0,3167.31,3161.75,163996.79,40999.2,0.0,44920.18,12476912.86,0.0,0.0,3376009313.08,0.0,432116871.77,16208060589.23,0,NORMAL
pertanian,346147.39,59412.22,22624.33,0.0,82036.55,84979.23,15363275.14,3840818.78,0.0,5961527.92,107744231.53,0.0,0.0,286089630359.7,0.0,60710713012.4,155597983989.64,0,NORMAL
pertambangan,676971.47,771082.8,154546.12,0.0,925628.92,955465.85,135527647.44,33881911.86,48039376.07,30051324.97,751917173.89,0.0,289494.43,2925449208282.86,63123205148.72,257733617118.73,1034725196479.76,0,NORMAL
manufaktur,323131.93,22416.76,39719.41,0.0,62136.17,98844.25,4678960.0,1175309.54,6779532.39,1681793.59,7847190.21,0.0,0.0,101017827362.86,6874322280.87,17886590565.94,12435486209.93,1,SCOPE1_UNDERREPORTING_FRAUD
konstruksi,285663.46,94438.89,5863.34,14529.06,114831.29,142723.96,4234245.67,1150490.01,2068819.5,875653.43,8819892.76,0.0,0.0,87272187271.41,2144953987.46,7763988319.73,14972113163.18,1,SCOPE2_ELECTRICITY_MISMATCH
manufaktur,125510.44,18409.55,13601.43,1689.28,33700.26,32646.61,2056284.19,514071.05,2186622.68,3191662.06,64814428.49,0.0,0.0,45288371394.24,2388393328.78,29117880704.4,93285776080.37,0,NORMAL
manufaktur,410661.64,68107.52,49150.08,0.0,117257.6,113673.71,7679284.34,1919821.09,8166039.23,11919403.28,241009023.87,0.0,0.0,188945062507.2,8310927336.59,104012698607.16,409680053417.72,0,NORMAL
pertanian,314747.5,45015.0,16554.52,0.0,61569.52,60606.47,11374266.21,2843566.55,0.0,4413642.6,79768900.92,0.0,0.0,267602445056.23,0.0,38557821411.36,96745154880.66,0,NORMAL
pertanian,259301.85,35811.23,13002.37,2539.54,51353.14,52477.49,9183047.92,2295761.98,0.0,3563367.58,62186789.31,0.0,0.0,216671214805.92,0.0,44099781031.59,82515146148.32,0,NORMAL
manufaktur,129078.42,24537.27,17792.38,2240.73,44570.38,44907.85,2710777.6,677694.4,2882601.46,4207534.19,85444172.59,0.0,0.0,66335625444.17,3695320360.73,38384513137.02,143585857802.29,0,NORMAL
manufaktur,81480.69,12111.6,8808.44,1101.05,22021.09,22387.21,4747422.43,1119373.63,3653095.27,1153313.24,17706192.5,0.0,0.0,2781700458.96,4198165102.78,11179831947.2,27046539441.97,1,FUEL_PRICE_INVOICE_FRAUD
perhotelan,101793.07,1989.74,5228.85,801.45,8020.04,7799.63,256543.2,64135.8,0.0,597290.4,25294911.89,0.0,0.0,5469814067.26,0.0,5151208911.91,40688360888.6,0,NORMAL
pertanian,319775.97,34115.95,12703.51,0.0,46819.46,46909.81,8650281.06,2162570.27,0.0,3356634.03,60665312.4,0.0,0.0,187682418739.92,0.0,38394433238.61,75457327871.02,0,NORMAL
pertambangan,166380.96,179891.55,37542.34,0.0,217433.89,214311.4,32531461.41,8132865.35,11531160.9,7213388.1,180486896.84,0.0,69488.97,678112584056.96,14729339142.64,90313514674.99,218921385734.02,0,NORMAL
manufaktur,249378.01,4401.56,2200.78,0.0,6602.35,60059.68,2004497.53,1059510.44,6869128.27,1204972.38,25474437.19,0.0,0.0,41365281766.78,8741726914.2,11949353079.0,40101208634.46,1,SECTOR_INTENSITY_ANOMALY
pertanian,61281.15,6704.76,2438.01,0.0,9142.77,8848.07,1702915.93,425728.98,0.0,660795.36,11942724.91,0.0,0.0,40675807264.42,0.0,8880431419.64,21903731834.83,0,NORMAL
perbankan,28885.88,98.83,736.42,146.11,981.36,988.41,26762.55,6690.64,0.0,7330.5,3582029.93,0.0,0.0,477228278.01,0.0,87642090.82,6776607615.33,0,NORMAL
konstruksi,337602.65,106958.66,41716.36,16441.07,165116.09,161448.75,25853263.4,6463315.85,2138265.43,10700839.95,201112961.88,0.0,0.0,560528459785.46,2248922816.61,138114267827.4,253425769081.45,0,NORMAL
perbankan,69652.5,542.63,2301.54,0.0,2844.17,2931.78,145435.83,36358.96,0.0,39836.16,11064790.71,0.0,0.0,2781163430.82,0.0,310876365.12,18034461592.35,0,NORMAL
konstruksi,112983.72,25823.84,9840.49,3963.63,39627.96,38291.45,6153187.51,1538296.88,508916.34,2546845.78,47865747.0,0.0,0.0,116984754237.85,492941873.64,27998592039.75,59289799110.51,0,NORMAL
perbankan,19845.14,37.69,158.48,0.0,196.17,195.86,10206.98,2551.74,0.0,2795.78,776549.13,0.0,0.0,223694871.73,0.0,33040139.38,1373015701.15,0,NORMAL
konstruksi,362174.45,123087.67,47341.41,18936.56,112408.99,187288.13,4616927.77,959835.73,6799613.6,1870946.12,20055832.68,0.0,0.0,100472254952.52,7694382577.95,16792498665.17,34580314991.64,1,SCOPE_MATH_DISCREPANCY
perhotelan,45641.58,1397.93,3077.02,0.0,4474.95,4673.83,176654.94,44163.74,0.0,411292.52,14911196.67,0.0,0.0,4156649704.7,0.0,3473205499.23,28181435782.83,0,NORMAL
manufaktur,183775.45,26842.21,19171.17,0.0,46013.38,43701.19,2982950.41,745737.6,3172026.06,4629987.29,93617833.99,0.0,0.0,72545701448.84,2939948416.47,43546894066.73,151430598766.94,0,NORMAL
pertambangan,724479.35,746088.66,142330.95,47444.56,935864.17,897263.28,134066990.65,33516747.66,47521629.02,29727445.14,680917363.24,0.0,286374.39,3068560504359.28,59841131820.79,384037655887.63,1148124722366.84,0,NORMAL
konstruksi,125654.25,30656.05,12649.38,0.0,43305.43,43381.9,7329831.98,1832458.0,606233.96,3033866.85,60552448.35,0.0,0.0,129791856750.27,691835508.93,28562419093.5,89248184846.57,0,NORMAL
konstruksi,58810.69,15934.23,6388.46,0.0,22322.69,23507.85,3762712.73,940678.18,311205.53,1557412.15,31084132.44,0.0,0.0,75881759494.86,409551073.98,14862720863.16,39865011985.15,0,NORMAL
pertambangan,425716.82,511296.86,104542.24,0.0,615839.1,637932.98,92407748.99,23101937.25,32755018.55,20490101.82,512684863.81,0.0,197387.98,1852398892208.07,33849868607.55,162969789666.15,629814781707.8,0,NORMAL
konstruksi,181172.31,19051.09,7790.27,0.0,26841.36,25800.48,4608642.68,1152160.67,381170.5,1907548.26,38072441.33,0.0,0.0,107925760009.07,502100953.25,21048783409.77,68928223276.59,0,NORMAL
pertambangan,470194.42,540376.3,109848.23,0.0,650224.53,678037.5,96519598.12,24129899.53,34212512.06,21401845.78,535497699.66,0.0,206171.11,2293025423614.67,39910019945.29,217933554116.25,747341825660.78,0,NORMAL
pertambangan,203564.1,138316.6,28291.08,0.0,166607.68,165058.43,24311345.14,6077836.29,8617443.56,5390694.42,134881098.28,0.0,51930.36,431009731393.37,10863340702.14,62750467310.5,227251596508.55,0,NORMAL
konstruksi,96939.0,21013.45,8139.42,3236.15,32389.02,33970.94,4980523.33,1245130.83,411927.91,2061472.17,38743573.05,0.0,0.0,102563595670.24,655663700.14,26043675470.36,62269783945.41,0,NORMAL
perbankan,6708.42,59.84,255.08,0.0,314.92,321.72,16177.02,4044.25,0.0,4431.03,1230751.31,0.0,0.0,386156053.18,0.0,35600798.94,1668297851.81,0,NORMAL
perbankan,42744.94,232.23,1722.57,343.65,2298.45,2307.43,62463.17,15615.79,0.0,17109.22,8360373.65,0.0,0.0,1325538902.02,0.0,182273770.18,13445757124.34,0,NORMAL
perbankan,104367.2,742.34,5567.56,1113.51,7423.42,7301.9,4401134.97,861551.74,1742075.02,1933691.76,7382955.2,0.0,0.0,2636285645.3,2407366228.56,20758533773.2,11772466758.43,1,FUEL_PRICE_INVOICE_FRAUD
pertambangan,377598.29,341785.88,71739.46,0.0,413525.34,400373.84,61808898.89,15452224.72,21908894.57,13705242.75,342920234.02,0.0,132027.17,1106232014760.61,21118345100.31,110967175795.3,636886102948.41,0,NORMAL
pertanian,229357.99,47163.77,17325.26,0.0,64489.03,61050.1,11977265.04,2994316.26,0.0,4647628.8,83997793.84,0.0,0.0,215365111535.54,0.0,44825059691.83,132618057384.02,0,NORMAL
konstruksi,325905.66,84781.24,32810.93,13110.69,130702.86,128345.72,20137420.49,5034355.12,1665520.88,8335014.05,156649325.73,0.0,0.0,368275047363.4,2074809341.56,96318959001.64,292359512862.46,0,NORMAL
konstruksi,250396.7,74805.63,30532.45,0.0,105338.08,106743.72,18122803.46,4530700.87,1498896.43,7501150.49,149714225.87,0.0,0.0,349414236785.83,1595193528.9,61635313957.87,232159597766.41,0,NORMAL
manufaktur,276990.2,2937.15,1468.57,0.0,4405.72,79961.18,3880663.66,1065354.83,3750809.68,1069442.5,10198050.8,0.0,0.0,76415914652.71,4672726929.24,9783253056.32,16679784012.85,1,SECTOR_INTENSITY_ANOMALY
pertambangan,743330.69,654589.62,133409.74,0.0,787999.36,815817.1,116912043.71,29228010.93,41440855.36,25923580.06,648636460.26,0.0,249730.49,1927110882984.61,48469699452.27,217695226175.92,792352035148.05,0,NORMAL
pertanian,216125.73,36660.47,13294.18,2632.92,52587.57,49701.66,9355723.56,2338930.89,0.0,3630372.22,63356133.48,0.0,0.0,200344379740.57,0.0,37949913185.83,93602393265.43,0,NORMAL
konstruksi,101832.76,42800.87,16495.69,6673.78,65970.34,64872.08,10374062.22,2593515.56,858015.42,4293894.27,80700000.96,0.0,0.0,172143303292.8,1227977828.84,36010405726.46,123636531758.68,0,NORMAL
perbankan,60923.4,301.35,2222.62,442.79,2966.76,3066.23,80586.2,20146.55,0.0,22073.28,10786047.82,0.0,0.0,1854789853.2,0.0,234391961.4,16166550019.5,0,NORMAL
perbankan,67723.92,376.28,2855.55,566.34,3798.17,3744.98,102787.39,25696.85,0.0,28154.38,13757561.62,0.0,0.0,2418932847.25,0.0,317782714.71,18624727961.15,0,NORMAL
pertambangan,506201.63,491891.37,100895.79,0.0,592787.16,563341.87,88101690.08,22025422.52,31228685.09,19535294.6,488794538.04,0.0,188190.0,2004790959319.19,43098757302.71,210448972084.36,600257218550.6,0,NORMAL
pertambangan,440126.9,578627.89,109788.28,36393.29,724809.46,732502.15,103509049.33,25877262.33,36690005.63,22951657.01,525715603.78,0.0,221100.96,1778793270787.98,53131555262.57,215288078250.07,891938836593.71,0,NORMAL
manufaktur,335311.71,50911.41,37335.2,4662.46,92909.07,97384.77,5638869.14,1409717.28,5996291.39,8752372.27,177738117.54,0.0,0.0,92096497583.44,9249344859.55,116256057411.03,238532385604.17,0,NORMAL
perbankan,78395.35,187.41,801.04,0.0,988.45,1001.41,51488.0,12872.0,0.0,14103.02,3917219.02,0.0,0.0,1209803670.55,0.0,166188425.11,7090776940.75,0,NORMAL
pertambangan,95225.39,81312.19,16459.94,0.0,97772.13,96058.36,14355743.23,3588935.81,5088562.82,3183181.54,79646700.03,0.0,30664.65,291108500799.03,4960297958.74,33141625971.1,112311665145.47,0,NORMAL
pertanian,392424.57,61969.53,22050.28,4453.75,88473.56,93631.94,15745503.0,3936375.75,0.0,6109846.69,106627155.38,0.0,0.0,273855694557.33,0.0,77227109402.13,145836967006.63,0,NORMAL
perhotelan,96093.14,2707.1,6014.54,0.0,8721.64,8937.94,346410.09,86602.52,0.0,806520.78,29239991.57,0.0,0.0,8274170735.37,0.0,9992675433.22,54399242876.55,0,NORMAL
konstruksi,181687.35,61007.5,24677.79,0.0,85685.29,85855.17,14556079.69,3639019.92,1203900.7,6024859.48,120249177.03,0.0,0.0,310456560657.46,1748726103.62,75430032672.73,182361227058.41,0,NORMAL
pertambangan,684793.19,811480.71,165018.05,0.0,976498.76,1021617.65,143326195.87,35831548.97,50803663.72,31780541.98,795184083.69,0.0,306152.55,2461886628670.91,53437537132.64,426200250244.56,1050042898848.12,0,NORMAL
pertambangan,413601.12,409017.44,75329.62,25496.74,509843.8,529831.59,72556824.47,18139206.12,25718623.79,16088442.12,368511304.4,0.0,154985.33,1766156201395.49,36770153610.83,157431242950.83,532553307228.51,0,NORMAL
konstruksi,282657.16,85345.76,35007.72,0.0,120353.48,123044.88,20188740.46,5047185.12,1669765.44,8356255.73,166781130.52,0.0,0.0,445042285531.31,2488340951.26,89866060242.09,283634372027.54,0,NORMAL
pertanian,250835.43,34296.54,12941.28,0.0,47237.82,44453.76,8818014.33,2204503.58,0.0,3421720.84,61841643.1,0.0,0.0,172041620581.22,0.0,29952499367.59,91794340703.61,0,NORMAL
perbankan,51916.14,655.63,2801.46,0.0,3457.09,3250.3,177036.57,44259.14,0.0,48491.89,13468982.55,0.0,0.0,2940546162.88,0.0,494315974.07,22345067291.85,0,NORMAL
manufaktur,116645.48,15992.58,11630.97,0.0,11972.94,28249.35,4107197.37,1027466.47,6518421.81,604343.75,23478903.91,0.0,0.0,79647145681.12,7968030110.11,5473420089.44,31988158067.04,1,SCOPE_MATH_DISCREPANCY
perhotelan,103898.92,4152.9,9152.88,0.0,13305.78,13488.86,529999.33,132499.83,0.0,1233957.91,44736502.67,0.0,0.0,8720435547.23,0.0,13144573007.73,70559580248.58,0,NORMAL
perhotelan,91647.9,1818.17,4023.41,0.0,5841.58,6145.05,228522.36,57130.59,0.0,532051.57,19289253.09,0.0,0.0,3949684768.42,0.0,5716212327.71,32615063938.54,0,NORMAL
perhotelan,51164.26,2155.25,4809.36,0.0,6964.61,7154.4,272896.01,68224.0,0.0,635363.43,23034770.84,0.0,0.0,4671991007.4,0.0,6850112273.3,38311906462.53,0,NORMAL
pertambangan,546397.49,710846.7,146856.51,0.0,857703.21,859650.12,128224120.23,32056030.06,45450554.55,28431871.87,711396677.57,0.0,273893.7,2727017106747.98,66084265767.3,226093716271.77,1303441057989.78,0,NORMAL
pertambangan,157193.03,31522.59,32591.4,0.0,64113.99,226883.41,5962659.84,1185552.69,4156475.47,892304.72,21500337.55,0.0,31438.61,114264612825.25,4482414120.63,10131249183.68,29418105120.19,1,SCOPE1_UNDERREPORTING_FRAUD
manufaktur,354444.95,60802.78,43621.29,5426.0,109850.07,110578.76,6680385.14,1670096.29,7103824.35,10368961.61,210566879.63,0.0,0.0,115583629318.47,10262828961.04,128922601340.43,269027042860.65,0,NORMAL
pertanian,238255.54,39115.11,13825.03,2761.02,55701.16,54537.38,9902401.09,2475600.27,0.0,3842503.64,67058185.46,0.0,0.0,172639086009.83,0.0,50587987571.73,106974244348.95,0,NORMAL
pertanian,281526.32,16000.39,5714.43,0.0,9215.93,23477.69,5225770.06,566292.58,6836215.1,1795605.37,10825063.86,0.0,0.0,104071835515.74,7733491216.46,19585734835.44,17465947088.0,1,SCOPE_MATH_DISCREPANCY
perbankan,19947.69,97.34,415.1,0.0,512.44,540.89,26145.52,6536.38,0.0,7161.49,1989157.32,0.0,0.0,515589045.51,0.0,85567113.13,3004706737.87,0,NORMAL
perbankan,57181.27,745.27,3109.46,0.0,3854.73,3783.63,200403.88,50100.97,0.0,54892.4,15246772.46,0.0,0.0,3432558255.82,0.0,638249754.53,26181061374.76,0,NORMAL
perbankan,43915.91,491.16,2118.19,0.0,2609.35,2552.5,132719.39,33179.85,0.0,36353.02,10097321.04,0.0,0.0,2416254521.23,0.0,428437999.84,17698410741.87,0,NORMAL
perbankan,21508.89,151.11,628.5,0.0,779.61,820.77,40477.88,10119.47,0.0,11087.25,3079566.29,0.0,0.0,777965632.67,0.0,120410498.07,4967578978.56,0,NORMAL
perbankan,74917.51,761.26,3186.36,0.0,3947.62,3765.02,205259.62,51314.91,0.0,56222.43,15616198.49,0.0,0.0,3485446513.73,0.0,490460907.49,25394816469.32,0,NORMAL
konstruksi,256069.73,68850.46,28738.54,0.0,97589.0,98303.75,16672357.38,4168089.34,1378933.28,6900801.08,137731950.98,0.0,0.0,341771499314.27,1314700355.92,67570883819.42,208560713539.47,0,NORMAL
perhotelan,269997.31,3065.94,1446.84,0.0,4512.78,12390.79,3308361.49,935004.97,4696382.69,664837.43,6513542.79,0.0,0.0,64599852664.66,6060879296.56,7140707654.88,9709897297.58,1,SCOPE2_ELECTRICITY_MISMATCH
perbankan,73737.18,721.82,5398.3,1059.68,7179.8,7066.08,192750.31,48187.58,0.0,52796.02,25798635.25,0.0,0.0,3569851787.89,0.0,590086652.28,33710886630.56,0,NORMAL
perhotelan,60817.13,939.16,2474.38,384.4,3797.94,3990.72,120717.22,30179.3,0.0,281056.9,11902601.17,0.0,0.0,2079479412.67,0.0,3068116689.19,17377159219.21,0,NORMAL
perbankan,49152.76,257.56,1102.28,0.0,1359.84,1366.98,70151.39,17537.85,0.0,19215.09,5337133.89,0.0,0.0,1149471826.29,0.0,165115788.81,9948345151.86,0,NORMAL
konstruksi,81655.33,18302.88,7039.57,2815.83,28158.28,28462.76,2171643.05,454441.57,3069940.59,1003284.1,17745348.65,0.0,0.0,2148724948.89,3725653982.17,9733763561.01,31018936423.04,1,FUEL_PRICE_INVOICE_FRAUD
manufaktur,396766.08,57780.83,41861.01,0.0,99641.84,97081.13,6438230.15,1609557.54,6846320.26,9993100.68,202059397.12,0.0,0.0,153216214869.74,8471103958.57,109267054034.46,349431176629.78,0,NORMAL
perbankan,38180.4,210.5,1608.21,316.17,2134.88,2067.19,57555.34,14388.83,0.0,15764.92,7703484.79,0.0,0.0,1228648331.41,0.0,139944271.93,11855711464.21,0,NORMAL
perhotelan,17928.65,561.67,1424.34,221.11,2207.12,2148.25,70754.67,17688.67,0.0,164732.83,6976342.46,0.0,0.0,1352288643.62,0.0,1651194180.32,10508606015.87,0,NORMAL
pertambangan,577647.91,766193.52,154168.66,0.0,920362.18,956923.35,134650054.97,33662513.74,47728303.05,29856731.35,747048227.52,0.0,287619.85,3333334533478.97,70663663494.13,325238751532.77,1148360104230.2,0,NORMAL
konstruksi,146502.12,14270.7,5571.89,2178.5,22021.09,22877.16,3411773.12,852943.28,282180.1,1412155.89,26540239.32,0.0,0.0,59820830264.76,336739033.87,11065960663.98,44485734365.65,0,NORMAL
konstruksi,325715.58,64597.67,25943.68,0.0,90541.35,93399.46,15267025.55,3816756.39,1262701.44,6319124.76,126122369.36,0.0,0.0,304245152390.42,1447161700.65,81879219708.23,207806435898.89,0,NORMAL
perhotelan,88187.04,2857.11,6212.98,0.0,9070.09,8564.78,360598.83,90149.71,0.0,839555.36,30437643.18,0.0,0.0,7365882115.85,0.0,9621346849.56,42144621953.73,0,NORMAL
perhotelan,52866.95,1374.53,3063.83,0.0,4438.36,4335.83,174000.16,43500.04,0.0,405111.58,14687109.91,0.0,0.0,3260148317.78,0.0,5322698965.84,23537649475.07,0,NORMAL
perhotelan,63316.99,440.4,986.42,0.0,1426.82,1407.64,56607.56,14151.89,0.0,131795.16,4778165.19,0.0,0.0,1256409637.7,0.0,1752719436.38,8265410039.2,0,NORMAL
pertambangan,311969.13,223074.15,45349.3,0.0,268423.45,255997.78,39780190.34,9945047.58,14100558.52,8820690.46,220703368.35,0.0,84972.65,936796255203.34,13295778078.45,66791980417.35,403967568596.78,0,NORMAL
perhotelan,140978.06,946.66,11436.38,1759.44,14142.48,18263.79,5604719.37,314734.69,5109744.97,1765169.95,28610142.14,0.0,0.0,119975868307.34,6455068282.23,15288314274.93,47151757132.79,1,SCOPE1_UNDERREPORTING_FRAUD
pertanian,69660.81,10948.26,4029.89,0.0,14978.15,15230.68,2748352.14,687088.04,0.0,1066463.88,19274476.77,0.0,0.0,60039111553.99,0.0,13238974529.08,32239414141.33,0,NORMAL
manufaktur,433543.39,58424.76,41485.13,0.0,99909.89,95932.79,6422297.71,1605574.43,6829377.93,9968371.13,201559368.26,0.0,0.0,137937764084.11,7465678440.92,77037196818.14,341106842964.39,0,NORMAL
perhotelan,71205.57,488.92,3231.45,0.0,3720.38,4792.75,3267586.22,864338.77,7332673.15,608431.72,25796882.28,0.0,0.0,70208990846.17,9074200185.01,5671012442.75,38796786764.06,1,SCOPE1_UNDERREPORTING_FRAUD
pertambangan,85183.84,76990.8,15597.08,0.0,92587.88,94221.43,13551968.07,3387992.02,4803655.22,3004955.85,75187297.37,0.0,28947.74,278394619055.41,6636644314.15,39498554930.0,91326116962.97,0,NORMAL
manufaktur,389481.11,49808.7,36046.97,0.0,85855.67,83166.41,5505488.53,1376372.13,5854456.39,8545345.52,172785946.81,0.0,0.0,105701163688.66,7414163183.81,86997956667.47,312603472956.76,0,NORMAL
pertambangan,107150.79,96653.87,19719.45,0.0,116373.32,110188.09,17232134.7,4308033.67,6108133.76,3820980.37,95605127.56,0.0,36808.78,288286405203.72,8367515035.66,46348181188.91,123218736615.31,0,NORMAL
manufaktur,142413.3,17848.39,12887.51,0.0,30735.9,30696.6,1960686.65,490171.66,2084965.66,3043280.32,61534793.49,0.0,0.0,47785420668.35,1888571872.5,32788030717.83,85208258324.5,0,NORMAL
konstruksi,256443.53,90895.2,37241.67,0.0,128136.87,130089.43,21706312.82,5426578.2,1795280.45,8984389.16,179317941.99,0.0,0.0,533171167221.57,1762674812.7,89247695165.93,221068284965.64,0,NORMAL
manufaktur,293133.31,34914.71,25215.15,3107.98,63237.84,66337.3,3858811.76,964702.94,4103404.27,5989455.72,121630405.08,0.0,0.0,94525911876.12,4710186867.26,60049623664.41,167691158359.8,0,NORMAL
perhotelan,38630.3,664.36,1728.09,272.39,2664.84,2529.82,85713.47,21428.37,0.0,199560.28,8451265.26,0.0,0.0,1453680808.23,0.0,1877883489.19,12592306833.83,0,NORMAL
manufaktur,262163.38,25143.13,18285.91,2285.74,28858.67,46384.66,4503197.91,594463.36,6938452.76,233995.85,29823358.35,0.0,0.0,95420472520.43,9628713455.76,2496402894.37,50002951391.7,1,SCOPE_MATH_DISCREPANCY
pertambangan,783642.12,657583.24,136507.32,0.0,794090.56,750604.63,118859868.9,29714967.22,42131285.02,26355482.55,659443135.04,0.0,253891.15,2960405990189.15,54291286768.19,221150745712.54,1214360230407.39,0,NORMAL
perbankan,63768.68,234.84,1002.89,0.0,1237.73,1198.96,62855.89,15713.97,0.0,17216.78,4782089.98,0.0,0.0,1007947519.08,0.0,223376765.51,7287916820.92,0,NORMAL
manufaktur,143803.72,23688.67,16902.51,0.0,40591.18,39506.22,2626608.99,656652.25,2793097.77,4076891.85,82434304.98,0.0,0.0,48505100618.68,3379511525.63,50745006842.58,108654070274.12,0,NORMAL
pertanian,245449.52,32772.06,12210.99,0.0,44983.05,43731.11,8367223.55,2091805.89,0.0,3246797.08,58680200.87,0.0,0.0,148680888860.18,0.0,27003813125.04,96342254250.38,0,NORMAL
manufaktur,331054.09,74785.2,55496.53,6933.7,137215.43,137614.72,8399344.12,2099836.03,8931740.32,13037044.26,264748759.98,0.0,0.0,188110720835.75,10318323554.44,152415279767.7,375659808046.51,0,NORMAL
pertambangan,635126.46,842847.82,174803.2,0.0,1017651.02,1025377.73,152566025.81,38141506.45,54078830.62,33829342.63,846447327.39,0.0,325889.33,2942228292109.35,47075085925.5,272570999887.91,1174546300839.0,0,NORMAL
manufaktur,411055.63,24039.09,17449.67,0.0,41488.76,42110.82,2657461.58,664365.39,2825905.98,4124779.71,83402592.31,0.0,0.0,54691597677.54,2730260597.35,40994420037.08,146095347559.27,0,NORMAL
pertanian,133311.76,11367.85,4098.27,0.0,15466.12,15574.35,2866051.79,716512.95,0.0,1112135.76,20099916.48,0.0,0.0,54857723273.19,0.0,11912059056.92,26227943177.85,0,NORMAL
perbankan,77984.14,1134.53,4865.37,0.0,5999.9,5719.31,307564.25,76891.06,0.0,84244.58,23399557.58,0.0,0.0,5490608119.41,0.0,1034573713.54,29195799714.17,0,NORMAL
konstruksi,317119.21,33551.87,13665.44,0.0,47217.31,48321.37,8066846.24,2016711.56,667190.76,3338922.02,66640994.19,0.0,0.0,201078605307.49,1044624034.01,26195860736.22,122608907562.49,0,NORMAL
konstruksi,94826.41,13219.16,5218.42,2058.5,20496.08,21309.94,3200482.11,800120.53,264704.7,1324701.11,24896603.05,0.0,0.0,59727652072.21,375106697.76,13449192362.04,33736547169.33,0,NORMAL
perhotelan,376016.24,8601.36,22363.53,0.0,30964.88,33400.6,5924730.57,672446.23,4567899.1,339660.9,26122607.66,0.0,0.0,5198363198.67,6056718316.3,3761302807.83,44351531684.23,1,FUEL_PRICE_INVOICE_FRAUD
pertanian,223230.1,33825.87,12322.01,0.0,46147.88,48714.17,8600358.21,2150089.55,0.0,3337262.08,60315198.26,0.0,0.0,162204058578.82,0.0,31739527871.73,92449727707.52,0,NORMAL
konstruksi,322333.47,83426.44,31287.47,12721.24,127435.15,129175.69,19650643.16,4912660.79,1625260.62,8133533.63,152862676.87,0.0,0.0,360315223681.76,1434826858.39,102610884497.86,254235351352.56,0,NORMAL
pertanian,122231.53,19230.42,7178.34,0.0,26408.76,27432.1,4918370.55,1229592.64,0.0,1908512.55,34493039.43,0.0,0.0,81120679931.8,0.0,20855657787.62,57303848461.15,0,NORMAL
manufaktur,351741.78,44120.75,32146.87,0.0,76267.62,80608.65,4883087.19,1220771.8,5192603.86,7579285.1,153252311.46,0.0,0.0,111918555469.83,6664242273.47,89659574474.34,215180521677.68,0,NORMAL
pertanian,156941.25,20675.57,7825.38,0.0,28500.95,26858.73,5325469.68,1331367.42,0.0,2066482.3,37348067.61,0.0,0.0,119886514908.75,0.0,19750360075.66,57241119143.34,0,NORMAL
perbankan,46237.21,515.59,2182.36,0.0,2697.95,2590.8,140662.62,35165.66,0.0,38528.74,10701644.24,0.0,0.0,2620694790.92,0.0,519981080.88,15069764236.98,0,NORMAL
manufaktur,101613.99,14546.65,10608.91,1341.55,26497.11,24946.57,1635291.36,408822.84,1738945.04,2538217.93,51544662.78,0.0,0.0,34429945946.07,2618605125.65,28032170061.29,89779007555.96,0,NORMAL
perhotelan,78117.11,1449.64,3768.58,582.06,5800.28,5508.34,185288.17,46322.04,0.0,431392.62,18269234.35,0.0,0.0,4627873541.68,0.0,3938662411.79,22402259594.04,0,NORMAL
perhotelan,27467.69,472.83,1072.43,0.0,1545.26,1458.53,61026.42,15256.61,0.0,142083.27,5151154.96,0.0,0.0,1381936977.73,0.0,1817231272.78,7056989629.83,0,NORMAL
konstruksi,134849.07,30042.91,12165.27,0.0,42208.18,42295.33,7189873.39,1797468.35,594658.3,2975937.05,59396236.99,0.0,0.0,154294913145.95,811182153.79,28907344573.05,97398550938.6,0,NORMAL
konstruksi,202194.44,74480.66,30209.57,0.0,104690.23,98571.59,17708555.92,4427138.98,1464634.94,7329690.63,146292086.97,0.0,0.0,299132992161.39,2140177462.73,66139006276.72,224405663896.68,0,NORMAL
manufaktur,272104.6,57398.63,41661.73,0.0,99060.36,94489.67,6423524.41,1605881.1,6830682.39,9970275.17,201597867.68,0.0,0.0,145477858016.97,9002611332.68,115658920790.31,367025961955.8,0,NORMAL
pertambangan,489896.73,452780.6,92789.28,0.0,545569.88,519102.06,81850169.3,20462542.32,29012759.68,18149108.93,454110649.35,0.0,174836.42,1574919812286.28,36278248231.44,211784650493.97,770394763363.36,0,NORMAL
manufaktur,413616.25,71206.42,51993.38,0.0,123199.8,116464.23,7961415.62,1990353.91,8466053.53,12357313.43,249863518.85,0.0,0.0,145152460488.45,11007276350.15,127686798974.11,360972283932.4,0,NORMAL
pertambangan,537877.01,529673.14,107300.68,0.0,636973.82,650117.85,94145682.26,23536420.56,33371049.53,20875463.76,522327043.05,0.0,201100.3,1576807790514.43,49734970388.93,169192717947.43,843626103821.58,0,NORMAL
pertanian,115467.42,14709.77,5544.5,0.0,20254.27,19665.28,3787536.32,946884.08,0.0,1469706.38,26562382.45,0.0,0.0,67024472272.1,0.0,17075564035.99,42823530665.89,0,NORMAL
pertambangan,751469.43,708591.37,145773.22,0.0,854364.59,838529.61,127546089.02,31886522.26,45210218.38,28281528.11,707634911.49,0.0,272445.39,2964694719243.27,62304447143.3,326972118834.43,1214117769759.49,0,NORMAL
perhotelan,57205.59,1652.97,1380.66,0.0,3033.62,6359.62,3521359.3,1193919.9,4992488.67,1237887.43,11635651.36,0.0,0.0,71585480987.91,5799747497.36,11927308875.27,17554639220.74,1,SCOPE2_ELECTRICITY_MISMATCH
perbankan,55819.85,587.21,2543.53,0.0,3130.74,3310.52,160448.0,40112.0,0.0,43948.13,12206920.28,0.0,0.0,3144215777.57,0.0,386798652.51,18349781743.56,0,NORMAL
manufaktur,430095.33,85365.06,62706.61,7811.56,155883.23,162083.56,9591330.95,2397832.74,10199281.77,14887186.94,302320388.24,0.0,0.0,227414520241.73,15554740766.29,115436508765.29,394578537127.77,0,NORMAL
pertanian,223723.4,35840.74,13152.67,0.0,48993.41,46072.44,9077327.97,2269331.99,0.0,3522344.27,63660236.33,0.0,0.0,156540495242.9,0.0,26615920692.04,109894580996.75,0,NORMAL
pertambangan,238117.01,268484.09,53800.0,0.0,322284.09,320674.58,47200939.45,11800234.86,16730930.73,10466135.86,261874220.25,0.0,100823.78,1129204778899.27,26377692538.29,138437351913.06,386338370590.13,0,NORMAL
perhotelan,380942.2,9065.45,23570.16,0.0,32635.61,36047.05,2955841.5,957422.33,3730741.15,773742.28,16138473.22,0.0,0.0,4916048503.05,3866037231.88,7172661476.91,28171554192.74,1,FUEL_PRICE_INVOICE_FRAUD
perbankan,77182.02,436.21,3254.24,640.04,4330.49,4498.39,116346.84,29086.71,0.0,31868.43,15572424.59,0.0,0.0,2459883489.0,0.0,251087172.92,24638155016.41,0,NORMAL
manufaktur,164935.69,34276.68,24445.26,0.0,58721.94,59228.14,3774314.6,943578.65,4013551.23,5858303.43,118454251.31,0.0,0.0,77392708380.16,6183394746.58,68569194379.97,213663942949.46,0,NORMAL
perbankan,50705.58,281.42,1216.42,0.0,1497.84,1572.94,76192.5,19048.12,0.0,20869.8,5796742.5,0.0,0.0,1237094705.7,0.0,250611684.32,7211815089.71,0,NORMAL
perhotelan,17462.2,281.74,631.48,0.0,913.22,935.69,35833.23,8958.31,0.0,83427.83,3024632.5,0.0,0.0,687613348.4,0.0,826189990.85,4762337451.0,0,NORMAL
perbankan,59637.67,233.82,989.41,0.0,1223.23,1214.37,62633.38,15658.34,0.0,17155.84,4765161.37,0.0,0.0,1153427603.28,0.0,161465970.19,8574180525.29,0,NORMAL
manufaktur,59185.66,14744.1,10602.8,0.0,25346.9,25799.04,1632337.14,408084.29,1735803.56,2533632.54,51229771.32,0.0,0.0,36198310955.15,1866468815.92,24487612649.05,97018968265.27,0,NORMAL
manufaktur,145996.18,27108.73,19629.25,0.0,46737.98,46094.37,2981271.75,745317.94,3170241.0,4627381.75,93565150.28,0.0,0.0,73423391687.42,4616232640.21,57399409839.58,119827983947.98,0,NORMAL
pertambangan,644672.19,661009.53,123185.85,40386.86,824582.24,807704.55,116763070.64,29190767.66,41388050.1,25890547.41,593031899.92,0.0,249412.27,1902843831276.74,37532449488.49,215415771908.74,731848124507.12,0,NORMAL
perhotelan,52521.76,999.6,2594.73,399.74,3994.07,3780.69,128978.93,32244.73,0.0,300292.01,12717197.55,0.0,0.0,2727680421.76,0.0,2665038560.11,17134770732.96,0,NORMAL
konstruksi,179885.94,48492.83,19009.0,7491.4,74993.23,78156.94,11697553.45,2924388.36,967478.41,4841696.21,90995461.03,0.0,0.0,235176929058.61,1090877464.12,47482665004.95,156633714551.14,0,NORMAL
pertanian,215662.09,1661.22,3027.71,0.0,4688.93,12390.95,5745091.98,944748.23,4352038.73,1434829.43,6478210.1,0.0,0.0,121592538832.29,4777751529.97,16250413613.7,10301619023.76,1,SCOPE1_UNDERREPORTING_FRAUD
konstruksi,306941.53,89347.83,34020.61,13551.84,136920.28,138745.32,21051122.37,5262780.59,1741091.12,8713201.41,163757027.69,0.0,0.0,476551239201.75,1658000940.88,98366452595.3,232280744840.05,0,NORMAL
pertanian,174008.8,26165.02,9627.33,0.0,35792.35,33672.7,6666228.64,1666557.16,0.0,2586747.15,46750948.31,0.0,0.0,136008589407.52,0.0,33354642075.51,87339012213.59,0,NORMAL
perhotelan,45350.45,1209.15,3138.75,481.21,4829.11,4624.16,153586.62,38396.65,0.0,357584.27,15143492.27,0.0,0.0,3338556505.69,0.0,4169871372.96,19206087304.21,0,NORMAL
perhotelan,111180.36,2613.47,5687.13,0.0,8300.6,8258.38,329839.62,82459.9,0.0,767940.98,27841301.14,0.0,0.0,5763682033.64,0.0,6172586438.69,43845105283.86,0,NORMAL
konstruksi,317007.6,89854.38,34586.64,13760.05,138201.07,140263.05,21610493.74,5402623.43,1787355.47,8944728.99,168108386.81,0.0,0.0,375547374679.35,2360619952.17,71179228930.3,304970339892.91,0,NORMAL
konstruksi,30767.32,9681.0,4032.15,0.0,13713.15,13006.62,2324452.58,581113.14,192250.26,962106.59,19202526.74,0.0,0.0,56619543271.92,173343687.76,12320172311.07,34726357610.26,0,NORMAL
pertanian,173991.57,19710.55,7188.36,0.0,26898.91,27653.42,5005728.28,1251432.07,0.0,1942410.63,35105688.24,0.0,0.0,94344780165.41,0.0,16794027640.27,61171995350.33,0,NORMAL
manufaktur,313633.04,73088.42,53247.43,0.0,126335.85,133056.59,8090533.14,2022633.29,8603355.22,12557723.22,253915782.83,0.0,0.0,158357031843.13,11749275366.78,105198219832.09,372270674086.02,0,NORMAL
konstruksi,206028.1,52652.58,19928.21,7986.3,80567.09,80687.83,12538928.88,3134732.22,1037066.68,5189947.16,97540534.32,0.0,0.0,291909209983.16,892653058.74,53478385250.91,167500027060.63,0,NORMAL
konstruksi,57823.38,17661.51,6715.95,2724.81,27102.27,27232.27,4191269.26,1047817.32,346650.48,1734794.59,32603952.65,0.0,0.0,85296646288.35,430667967.94,13515811204.47,48514023872.14,0,NORMAL
perhotelan,118320.73,3053.38,6861.45,0.0,9914.83,9581.64,393357.67,98339.42,0.0,915825.33,33202771.23,0.0,0.0,8404112508.45,0.0,8535518478.81,52084494547.22,0,NORMAL
konstruksi,80532.39,23351.44,8887.59,3604.39,35843.42,33732.33,5574550.08,1393637.52,461058.53,2307343.85,43364516.94,0.0,0.0,98375616448.54,620730231.77,26646206105.71,73454390041.78,0,NORMAL
pertanian,227407.65,38861.32,14257.49,0.0,53118.81,51670.89,9844696.99,2461174.25,0.0,3820112.28,69041874.4,0.0,0.0,177785557458.82,0.0,34052415359.82,88552727849.87,0,NORMAL
pertanian,281697.02,33885.07,12644.56,0.0,46529.63,48988.0,8674567.58,2168641.9,0.0,3366058.11,60835636.27,0.0,0.0,207676981001.95,0.0,44866955104.07,92624846038.99,0,NORMAL
perhotelan,23817.24,443.24,994.87,0.0,1438.11,1460.15,56410.92,14102.73,0.0,131337.35,4761567.27,0.0,0.0,1032305469.84,0.0,1699277813.93,7091626075.4,0,NORMAL
pertambangan,280421.05,394292.15,13896.86,24643.26,432832.28,474820.13,2719626.22,873249.98,3205926.49,1495657.73,6229550.75,0.0,56084.21,62402162321.44,3833878404.5,13241727838.16,8446156895.27,1,SCOPE2_ELECTRICITY_MISMATCH
pertambangan,342915.48,516428.24,97810.35,32737.58,646976.17,641513.78,92498109.68,23124527.42,32787047.97,20510138.01,469791770.84,0.0,197581.0,1733881019651.75,48140606813.22,274502119601.59,643603143300.08,0,NORMAL
pertambangan,439968.02,362541.01,68959.37,23145.57,454645.95,477615.36,65476637.96,16369159.49,23208968.02,14518511.63,332551506.19,0.0,139861.66,1325168688035.1,21014830910.23,128250502051.41,547962354775.4,0,NORMAL
manufaktur,127399.62,25690.62,5793.62,0.0,31484.24,47785.67,3039397.16,390209.39,6594182.42,1984360.2,7793827.32,0.0,0.0,61275277987.45,8760708057.2,20610686801.85,13163321562.35,1,SCOPE2_ELECTRICITY_MISMATCH
perbankan,5614.29,46.76,197.43,0.0,244.19,248.42,12692.2,3173.05,0.0,3476.51,965625.61,0.0,0.0,211451888.45,0.0,39520067.13,1309906064.52,0,NORMAL
pertambangan,585279.08,828514.46,166381.42,0.0,994895.88,1046456.53,146376661.92,36594165.48,51884937.45,32456939.37,812108289.6,0.0,312668.52,3222800302068.43,76075900860.79,350410850166.56,1015026274217.13,0,NORMAL
konstruksi,340244.75,97307.88,40267.22,0.0,137575.1,130935.19,23480277.4,5870069.35,1942001.08,9718645.05,193972834.34,0.0,0.0,516151305542.45,2764872193.49,106785585508.82,250763171933.5,0,NORMAL
konstruksi,72506.06,26959.22,10473.44,4198.79,41631.45,41912.3,6498773.21,1624693.3,537498.96,2689886.03,50554063.88,0.0,0.0,118919128534.58,551571661.82,35348115343.35,72123015819.69,0,NORMAL
manufaktur,169109.35,39845.31,28872.13,0.0,68717.44,67312.21,4393199.91,1098299.98,4671664.86,6818906.44,137877538.54,0.0,0.0,74731142776.41,6081003181.64,91202108900.93,254428928017.75,0,NORMAL
perbankan,22121.03,56.79,425.14,84.28,566.21,599.12,15220.45,3805.11,0.0,4169.02,2037179.01,0.0,0.0,252275338.98,0.0,35085255.83,3516244407.44,0,NORMAL
manufaktur,295636.1,54641.32,39791.27,5028.19,99460.78,104754.04,6083930.92,1520982.73,6469563.62,9443175.03,191766540.88,0.0,0.0,117062827722.64,8247770590.48,78766713413.91,294124446684.63,0,NORMAL
pertanian,331190.11,51335.94,18098.27,3655.75,73089.96,77254.14,12900104.94,3225026.23,0.0,5005725.35,87358371.07,0.0,0.0,314578055424.96,0.0,56870825867.65,113971649071.08,0,NORMAL
perbankan,5280.9,11.04,83.89,16.59,111.52,107.3,3021.4,755.35,0.0,827.59,404399.42,0.0,0.0,63308335.14,0.0,8420063.05,661768413.19,0,NORMAL
pertanian,56998.49,7243.75,2679.25,0.0,9923.0,10510.09,1838943.69,459735.92,0.0,713579.24,12896701.58,0.0,0.0,36204778764.43,0.0,5857947485.57,24098176374.19,0,NORMAL
pertambangan,105120.28,107848.43,21668.35,0.0,129516.78,130345.04,19088869.4,4772217.35,6766275.32,4232684.83,105906425.78,0.0,40774.86,405441569281.54,6254132632.69,39661581364.98,189763326931.48,0,NORMAL
manufaktur,147740.77,17628.7,12504.52,0.0,30133.22,29108.99,1942026.5,485506.62,2065122.72,3014316.95,60949157.39,0.0,0.0,41200112416.81,2579240111.58,26644671695.91,74598235368.56,0,NORMAL
manufaktur,330153.53,54839.81,39883.5,0.0,94723.3,100021.68,3650453.05,995844.97,5938264.95,383115.44,28032497.33,0.0,0.0,4573447819.01,7750455215.19,4272945230.75,39213794299.87,1,FUEL_PRICE_INVOICE_FRAUD
pertambangan,616592.31,557721.67,114946.69,0.0,672668.36,708960.57,100097003.58,25024250.9,35480565.7,22195084.47,555345403.48,0.0,213812.65,2290872162777.84,52700646900.52,239935556665.64,822527585765.44,0,NORMAL
pertambangan,233850.08,242070.56,48484.25,0.0,290554.81,289759.63,42789656.17,10697414.04,15167299.25,9487996.64,237400102.09,0.0,91401.03,950024606057.37,21813450406.4,89780463160.04,376459643799.92,0,NORMAL
pertanian,109594.49,5366.2,8056.61,0.0,13422.81,32448.2,5710924.04,646640.34,6217721.54,1971320.07,5419703.61,0.0,0.0,122787588500.23,8456358571.24,22062649622.59,8121771465.56,1,SCOPE1_UNDERREPORTING_FRAUD
konstruksi,193550.59,38101.94,15740.18,0.0,53842.12,56467.5,9081216.17,2270304.04,751087.02,3758776.57,75020801.93,0.0,0.0,181654229631.54,946645123.43,43966885734.04,133434149584.1,0,NORMAL
pertanian,122478.53,21028.8,7367.37,1509.11,29905.28,31043.02,5313054.34,1328263.58,0.0,2061664.68,35979534.62,0.0,0.0,98721559976.59,0.0,26829665379.76,63443438177.81,0,NORMAL
perhotelan,97171.77,609.19,1331.39,0.0,1940.58,1947.27,76747.13,19186.78,0.0,178684.61,6478117.73,0.0,0.0,1625290913.82,0.0,2259268409.25,11650887750.28,0,NORMAL
perbankan,33090.19,143.58,610.58,0.0,754.16,770.56,38671.25,9667.81,0.0,10592.4,2942117.28,0.0,0.0,731779252.47,0.0,122358620.34,5100648360.78,0,NORMAL
konstruksi,157128.96,34708.02,13564.45,5327.51,53599.98,51859.48,8334247.93,2083561.98,689306.95,3449601.38,64832251.96,0.0,0.0,190372615555.43,916697241.85,34225221055.36,79347346964.47,0,NORMAL
perhotelan,49505.69,1150.04,2564.15,0.0,3714.19,3737.83,145533.48,36383.37,0.0,338834.74,12284277.54,0.0,0.0,2628951925.01,0.0,4000632937.13,17422011737.24,0,NORMAL
konstruksi,68088.64,7950.08,3222.78,0.0,11172.86,10549.98,1886734.06,471683.51,156047.54,780931.94,15586491.88,0.0,0.0,34383234462.64,134444964.23,8282587159.25,26119445290.15,0,NORMAL
pertanian,95563.23,2187.62,921.87,0.0,3109.49,16448.86,5020888.64,694812.09,3109728.87,1399463.44,22514757.32,0.0,0.0,114510278160.83,3715855624.57,15222148894.51,39038822959.33,1,EXTREME_YOY_COLLAPSE
manufaktur,82496.22,12808.94,9299.73,0.0,22108.67,21263.06,1417641.91,354410.48,1507499.78,2200393.28,44491710.27,0.0,0.0,27123218648.42,2372873849.68,16843186105.36,55150915989.18,0,NORMAL
perbankan,64734.37,121.73,525.03,0.0,646.76,662.26,33294.91,8323.73,0.0,9119.77,2533084.06,0.0,0.0,630481278.86,0.0,109679707.89,4446912476.58,0,NORMAL
manufaktur,106097.27,19077.43,13810.84,0.0,32888.27,32172.49,2143642.97,535910.74,2279518.75,3327256.02,67276751.0,0.0,0.0,44233210026.47,2301654937.13,30948902077.87,119907343436.29,0,NORMAL
perhotelan,79617.87,2572.5,5754.8,0.0,8327.3,8227.27,329723.89,82430.97,0.0,767671.54,27831532.53,0.0,0.0,6610631551.73,0.0,6058657997.41,52282320685.4,0,NORMAL
pertambangan,422887.49,429995.2,88703.24,0.0,518698.44,521400.27,76294949.46,19073737.36,27043646.36,16917318.08,423289888.54,0.0,162970.16,1361641882565.87,27988897540.0,192946017047.05,562520678607.13,0,NORMAL
pertambangan,201581.45,203709.98,37427.29,12656.42,253793.69,267955.86,36111316.56,9027829.14,12800082.86,8007169.97,183406984.36,0.0,77135.74,600278578124.15,12305277983.88,71258324315.15,309748507690.62,0,NORMAL
pertambangan,317676.29,432547.93,81102.74,0.0,262579.78,515275.21,3593346.39,325080.46,5342675.23,1280264.26,8366573.8,0.0,63535.26,69522991121.62,6924496673.99,11272711572.49,11451471045.77,1,SCOPE_MATH_DISCREPANCY
konstruksi,374973.04,9013.82,4506.91,0.0,13520.73,234242.2,2553162.04,822660.76,3007618.84,1267166.97,14284388.73,0.0,0.0,56642318848.87,3826721133.56,13015239654.12,20409717554.85,1,SECTOR_INTENSITY_ANOMALY
manufaktur,421674.9,55622.46,40665.68,0.0,96288.14,94472.71,6265447.97,1566361.99,6662586.21,9724916.77,196636747.98,0.0,0.0,121835139285.52,7154798671.68,87089723874.71,295266451352.13,0,NORMAL
perhotelan,102687.46,2858.58,6410.6,0.0,9269.18,8915.43,365132.75,91283.19,0.0,850111.34,30820344.71,0.0,0.0,8627097120.65,0.0,10057136863.53,45478284623.64,0,NORMAL
pertanian,196509.0,37710.72,13620.28,0.0,51331.0,51687.78,9498751.58,2374687.9,0.0,3685872.46,66615723.56,0.0,0.0,177357723225.74,0.0,42319106342.93,110914416730.11,0,NORMAL
konstruksi,219700.23,57748.34,21997.14,8774.03,88519.51,89690.73,13828017.24,3457004.31,1143684.29,5723509.52,107568373.91,0.0,0.0,302804945819.4,1190871364.88,66698684677.41,152988730254.37,0,NORMAL
perbankan,22761.73,58.34,443.63,87.84,589.81,624.68,15794.43,3948.61,0.0,4326.23,2114003.16,0.0,0.0,297480030.31,0.0,36405264.48,3021520170.7,0,NORMAL
konstruksi,129736.93,26724.02,10923.96,0.0,37647.98,38207.68,6397885.54,1599471.39,529154.76,2648127.94,52853549.04,0.0,0.0,126486339234.25,550302626.23,21285828685.59,89761415938.86,0,NORMAL
perbankan,54224.14,102.98,440.08,0.0,543.06,549.17,27889.17,6972.29,0.0,7639.09,2121814.25,0.0,0.0,460486731.43,0.0,96865559.01,2597266842.56,0,NORMAL
perbankan,36670.62,175.97,746.47,0.0,922.44,906.78,47257.18,11814.3,0.0,12944.16,3595337.05,0.0,0.0,765009267.41,0.0,106264466.63,6263900788.78,0,NORMAL
konstruksi,86778.53,26715.34,10805.04,0.0,37520.38,38150.33,6312079.52,1578019.88,522057.94,2612612.25,52144697.24,0.0,0.0,121689871405.19,566094750.59,26248353306.62,88209841791.94,0,NORMAL
pertambangan,779359.91,1067039.04,200902.96,66795.16,1334737.16,1371040.92,189811614.41,47452903.6,67280969.61,42088021.27,964040614.08,0.0,405447.94,3940964529641.54,70479380898.74,394100184121.2,1668188505202.79,0,NORMAL
pertambangan,665543.0,770095.2,142700.74,47463.45,960259.39,926950.56,136985040.98,34246260.24,48555966.44,30374481.23,695737947.52,0.0,292607.5,2908981594389.88,42575577966.74,333498444388.92,922789746747.3,0,NORMAL
manufaktur,303832.3,82855.6,60025.87,0.0,142881.47,141058.35,9148847.2,2287211.8,9728750.99,14200385.67,287130237.03,0.0,0.0,163217134575.42,9078043287.82,132406167698.73,423456700276.74,0,NORMAL
pertambangan,533643.19,547666.51,110608.79,0.0,658275.3,684592.93,96746976.85,24186744.21,34293109.14,21452263.77,536759213.28,0.0,206656.81,1744554285943.53,52601313329.8,271759847461.88,996392431525.15,0,NORMAL
pertanian,246296.16,23386.49,8521.35,1698.53,33606.37,32838.95,6029166.61,1507291.65,0.0,2339543.15,40828983.68,0.0,0.0,111508996597.56,0.0,24407541333.11,51104801632.72,0,NORMAL
pertanian,368150.75,30565.39,11102.33,2188.26,43855.98,44218.77,7865950.72,1966487.68,0.0,3052284.39,53267523.41,0.0,0.0,169946307239.47,0.0,26394398390.08,74971454221.94,0,NORMAL
pertanian,340762.68,50216.22,18073.99,3594.1,71884.31,71463.01,12731408.15,3182852.04,0.0,4940264.65,86215971.33,0.0,0.0,271574863858.56,0.0,37079598166.48,142190365741.44,0,NORMAL
manufaktur,113497.86,14928.89,10602.27,0.0,25531.16,24425.48,1652123.27,413030.82,1756843.85,2564343.59,51850745.39,0.0,0.0,27389408494.8,2654669091.55,27878356653.0,95370461523.62,0,NORMAL
manufaktur,195924.54,25088.23,18132.05,0.0,43220.28,45063.72,2809030.42,702257.6,2987082.07,4360037.33,88159475.4,0.0,0.0,67707263556.93,4358943041.62,50920503781.24,159336847977.39,0,NORMAL
pertambangan,367469.94,371900.54,77113.63,0.0,449014.17,452127.59,66937066.87,16734266.72,23726634.3,14842340.94,371371680.27,0.0,142981.22,1458803334930.34,27943364244.42,152050552556.35,651397503553.92,0,NORMAL
pertanian,242995.8,32355.0,12079.48,0.0,44434.48,43812.94,8326815.56,2081703.89,0.0,3231117.26,58396815.48,0.0,0.0,167851316430.97,0.0,39517595174.39,75379690756.6,0,NORMAL
pertambangan,580548.25,544732.4,112055.62,0.0,656788.02,683013.66,98279031.43,24569757.86,34836163.99,21791975.05,545259162.7,0.0,209929.36,1651090747534.45,52699244511.4,229419856809.58,924906031205.19,0,NORMAL
perhotelan,103107.1,2073.65,4693.98,0.0,6767.63,6935.64,265485.78,66371.44,0.0,618110.73,22409283.42,0.0,0.0,5020300686.64,0.0,5791590311.84,33617708210.31,0,NORMAL
manufaktur,402273.09,56115.87,40094.25,5138.07,101348.19,106861.51,6211531.62,1552882.91,6605252.34,9641230.5,195788536.78,0.0,0.0,144651923530.33,8005979813.11,84215444578.67,371408721914.51,0,NORMAL
konstruksi,202994.69,12598.31,3972.49,0.0,16570.8,77974.81,4186177.74,533084.47,6448842.34,1141532.37,24229887.12,0.0,0.0,81607232779.41,6923308662.13,11704481434.15,39770390707.74,1,EXTREME_YOY_COLLAPSE
manufaktur,143752.57,39614.98,28183.96,0.0,67798.94,66854.37,4354053.79,1088513.45,4630037.44,6758145.77,136648964.51,0.0,0.0,84683074794.55,5006401716.12,59714777997.95,184580201384.41,0,NORMAL
konstruksi,274721.79,78785.3,30382.99,12139.64,121307.93,120812.37,18956758.66,4739189.66,1567870.99,7846330.16,147464937.9,0.0,0.0,395595159742.78,1348361846.57,103846298758.2,255681510622.4,0,NORMAL
pertambangan,632522.32,718309.14,147092.75,0.0,865401.89,896784.68,128017416.66,32004354.17,45377286.03,28386038.3,710249871.28,0.0,273452.17,2311573809072.63,44336988512.46,232709673471.73,1148428599353.16,0,NORMAL
perhotelan,10184.35,364.79,800.29,0.0,1165.08,1164.96,46317.37,11579.34,0.0,107837.28,3909584.6,0.0,0.0,921761922.0,0.0,1155504379.38,6767176020.01,0,NORMAL
konstruksi,176604.41,71757.53,29875.51,0.0,101633.04,99862.19,17315391.28,4328847.82,1432117.18,7166957.14,143044116.04,0.0,0.0,375617137990.93,2226470426.07,96351025166.72,172276205415.38,0,NORMAL
pertanian,128594.18,11383.41,4082.37,814.42,16280.2,16191.12,2907892.03,726973.01,0.0,1128371.35,19691987.94,0.0,0.0,66501528874.54,0.0,12955626014.71,34788419907.81,0,NORMAL
pertanian,110149.39,11880.05,4244.02,850.32,16974.39,17957.33,3053524.94,763381.23,0.0,1184882.39,20678201.15,0.0,0.0,60240307702.91,0.0,14349981791.13,33721436894.35,0,NORMAL
perbankan,32043.95,115.15,858.56,173.34,1147.05,1140.47,30828.18,7707.04,0.0,8444.11,4126192.25,0.0,0.0,690318265.32,0.0,102522767.04,5342831025.37,0,NORMAL
perbankan,73939.15,73.34,550.78,110.76,734.88,734.34,20015.38,5003.84,0.0,5482.39,2678954.75,0.0,0.0,362661841.61,0.0,43579088.69,4388498505.63,0,NORMAL
perhotelan,383135.79,14974.61,14646.04,5989.84,35610.49,60436.66,2090062.61,1070134.32,5955585.2,1770591.42,13272177.02,0.0,0.0,40165294008.07,7130816473.98,19047032255.95,21924120117.98,1,SCOPE2_ELECTRICITY_MISMATCH
perbankan,38420.53,248.94,1076.76,0.0,1325.7,1335.54,68125.41,17031.35,0.0,18660.15,5182996.58,0.0,0.0,1595281616.95,0.0,181293547.64,8019211629.62,0,NORMAL
perhotelan,70458.12,1690.23,3790.6,0.0,5480.83,5608.14,214059.86,53514.97,0.0,498379.61,18068493.77,0.0,0.0,3917722421.04,0.0,6030411324.17,31336264864.5,0,NORMAL
manufaktur,125233.5,16247.3,11854.34,0.0,28101.64,27846.46,1816807.29,454201.82,1931966.44,2819957.93,57019239.38,0.0,0.0,32752455371.11,2745431109.42,30934545880.04,72581192426.18,0,NORMAL
konstruksi,81905.27,4960.74,2445.62,0.0,7406.36,39764.94,5672640.44,500709.09,2261941.13,603056.16,10533727.05,0.0,0.0,111889666655.62,2464910228.43,5801584917.65,15252230630.85,1,EXTREME_YOY_COLLAPSE
perbankan,11208.77,51.23,215.84,0.0,267.07,276.12,13880.28,3470.07,0.0,3801.93,1056014.73,0.0,0.0,332849116.5,0.0,39344943.1,1757660524.79,0,NORMAL
konstruksi,135849.18,24750.96,10019.59,0.0,34770.55,33749.13,5881878.57,1470469.64,486476.98,2434549.18,48590765.7,0.0,0.0,104161207414.12,727984155.19,31829020487.42,78701464591.77,0,NORMAL
konstruksi,80346.21,2251.95,1125.97,0.0,3377.92,38088.5,2484753.44,1068749.8,1874128.7,273966.3,23359094.54,0.0,0.0,50889756643.71,2079635488.09,2779684996.56,39652142388.4,1,SECTOR_INTENSITY_ANOMALY
pertambangan,683859.39,700221.1,133559.01,43718.99,877499.1,839768.98,126059361.92,31514840.48,44683230.39,27951867.55,640247147.44,0.0,269269.66,2843002059115.95,70951954939.49,294013615458.22,1026443202954.97,0,NORMAL
perhotelan,16680.65,213.92,558.57,83.74,856.23,837.45,26980.69,6745.17,0.0,62817.14,2660270.27,0.0,0.0,558767413.6,0.0,485590715.46,3494599772.42,0,NORMAL
pertanian,136103.65,20883.89,7893.09,0.0,28776.98,29742.47,5387558.49,1346889.62,0.0,2090575.1,37783502.84,0.0,0.0,88318291092.47,0.0,19214276280.39,51399225831.99,0,NORMAL
pertambangan,652242.81,467569.88,89341.06,29957.08,586868.02,582185.02,84380816.65,21095204.16,29909777.53,18710243.93,428564577.34,0.0,180242.02,1804826008770.57,34095852741.61,211400692810.99,626729695495.06,0,NORMAL
konstruksi,319846.6,74936.45,30417.4,0.0,105353.85,106187.13,17775948.27,4443987.07,1470208.81,7357584.79,146848821.73,0.0,0.0,329671530961.81,1433413959.31,74077198360.74,245102083360.93,0,NORMAL
konstruksi,316670.7,87646.44,36623.33,0.0,124269.77,122708.79,21161921.71,5290480.43,1750255.08,8759062.01,174820674.61,0.0,0.0,517460089821.99,1935324858.72,98781216408.55,226279181082.24,0,NORMAL
pertanian,245932.42,6161.8,8545.65,0.0,14707.45,32683.07,2141025.52,898446.04,2347276.61,1338514.51,19200422.75,0.0,0.0,47183410954.91,2352751212.97,15191390075.51,27598066543.09,1,SCOPE1_UNDERREPORTING_FRAUD
konstruksi,133628.01,14653.74,6030.64,0.0,20684.38,21516.36,3506165.28,876541.32,289987.07,1451225.44,28964769.28,0.0,0.0,80267095061.46,461929518.52,13080874606.83,44592305960.14,0,NORMAL
pertambangan,505019.82,640179.1,131832.18,0.0,772011.28,767974.83,113120801.69,28280200.42,40097004.83,25082926.16,627602375.76,0.0,241632.19,2564244720849.81,45715309213.28,203819536814.79,1050401718018.06,0,NORMAL
pertambangan,353662.65,417750.72,21070.75,0.0,438821.46,517770.6,4442943.95,414326.27,2021312.32,1371940.59,13370745.6,0.0,70732.53,100902975818.84,2442951504.91,13633572681.82,18439426637.53,1,SCOPE2_ELECTRICITY_MISMATCH
konstruksi,383086.74,88880.24,34184.71,13673.88,136738.83,143552.02,2949651.58,643625.39,4661525.13,1804574.94,14496054.3,0.0,0.0,3316502876.53,6369951827.79,16385749713.87,25041008950.71,1,FUEL_PRICE_INVOICE_FRAUD
perhotelan,47071.58,1310.96,2943.31,0.0,4254.27,4378.85,166521.6,41630.4,0.0,387699.81,14055855.1,0.0,0.0,3021043291.33,0.0,4716186618.5,19919881323.08,0,NORMAL
manufaktur,117544.51,5367.53,10491.21,0.0,15858.74,25730.64,5632217.29,468532.24,7594315.92,351630.71,15706412.95,0.0,0.0,123544932544.17,8574343217.05,3478341992.15,21960038295.59,1,SCOPE1_UNDERREPORTING_FRAUD
manufaktur,194229.29,22443.2,16014.45,0.0,38457.65,37874.85,2498992.22,624748.06,2657391.97,3878811.46,78429141.21,0.0,0.0,57678060409.58,4165086673.78,40334207827.85,140534867046.44,0,NORMAL
konstruksi,123095.38,41749.33,17106.94,0.0,58856.27,55327.08,9863559.79,2465889.95,815792.91,4082593.87,81483817.95,0.0,0.0,172800873909.06,876813874.84,53063602724.77,141268203706.25,0,NORMAL
perhotelan,30102.94,1056.28,2759.87,423.85,4240.0,4105.56,135561.62,33890.4,0.0,315618.01,13366244.71,0.0,0.0,2315181365.96,0.0,2989097868.69,22787595261.48,0,NORMAL
manufaktur,405978.47,62082.29,44521.94,0.0,106604.23,110218.08,6831340.91,1707835.23,7264348.52,10603267.65,214396906.12,0.0,0.0,117452905726.3,7699207679.47,97975795858.78,402271925952.44,0,NORMAL
pertambangan,352497.88,316820.86,64180.07,0.0,381000.93,376886.07,56604776.95,14151194.24,20064232.05,12551302.85,314047389.73,0.0,120910.88,1292096659626.7,26511281399.34,112849174017.7,394969662604.62,0,NORMAL
manufaktur,325519.65,72688.99,51870.79,6593.51,131153.29,129028.3,8050992.96,2012748.24,8561308.76,12496350.91,253768671.96,0.0,0.0,163802881666.06,11031812415.26,107295973307.71,435309259618.24,0,NORMAL
pertanian,281546.81,23622.84,8741.31,0.0,32364.15,32431.82,6053887.99,1513472.0,0.0,2349135.97,42456540.24,0.0,0.0,138924786026.1,0.0,26342880476.58,75282530290.39,0,NORMAL
konstruksi,300683.07,123548.32,50203.73,0.0,173752.05,167532.83,29273212.94,7318303.24,2421121.79,12116380.11,241828833.15,0.0,0.0,572944476347.39,2901407200.18,112956578703.05,333183891656.64,0,NORMAL
perbankan,23939.17,27.93,209.46,42.44,279.83,291.53,7576.25,1894.06,0.0,2075.2,1014041.44,0.0,0.0,171563199.03,0.0,26574606.24,1917399433.61,0,NORMAL
pertambangan,327120.73,330919.6,66961.85,0.0,397881.45,403465.08,59139803.06,14784950.76,20962802.01,13113408.77,328111897.63,0.0,126325.84,1392563638063.44,18893655758.18,128780718117.78,579009725411.98,0,NORMAL
perhotelan,35038.08,913.18,2338.19,356.41,3607.78,3757.08,115014.2,28753.55,0.0,267778.99,11340289.26,0.0,0.0,2221280127.11,0.0,2950474318.29,17810716056.65,0,NORMAL
pertanian,77574.82,15057.7,5377.75,1075.55,13310.42,22258.95,3426593.84,890439.97,2470284.69,455409.67,15472801.63,0.0,0.0,70553836698.16,3422056733.04,4212482995.83,21967438770.76,1,SCOPE_MATH_DISCREPANCY
manufaktur,69972.87,7511.96,5360.59,0.0,12872.55,12762.95,835350.53,208837.63,888299.59,1296589.55,26216898.07,0.0,0.0,14298508357.62,1041960000.97,10883643956.22,34540205735.36,0,NORMAL
pertambangan,610438.29,767035.72,155413.05,0.0,922448.77,962345.02,135428013.4,33857003.35,48004059.61,30029232.55,751364397.07,0.0,289281.61,2529422159823.25,70147531126.42,359939036983.51,1335054360824.86,0,NORMAL
manufaktur,193920.38,31948.39,23314.96,2881.15,58144.5,56291.26,3581734.4,895433.6,3808764.24,5559390.02,112896879.46,0.0,0.0,68836754643.39,3752234395.62,56227616911.48,178553691281.92,0,NORMAL
perhotelan,45303.87,1403.96,3111.63,0.0,4515.59,4496.59,179168.16,44792.04,0.0,417143.87,15123334.2,0.0,0.0,3965988038.09,0.0,3200312412.29,21834685926.81,0,NORMAL
konstruksi,149181.43,49677.27,19131.08,7543.27,76351.62,79967.83,11813158.87,2953289.72,977039.87,4889546.07,91894757.46,0.0,0.0,259241565693.22,1083070723.77,43231476981.68,118661757980.27,0,NORMAL
konstruksi,285649.25,110056.63,45611.52,0.0,155668.15,160503.81,26436331.41,6609082.85,2186489.68,10942175.73,218393081.39,0.0,0.0,507818323830.56,1949395770.01,104740219115.74,357644443227.55,0,NORMAL
manufaktur,362106.55,54938.8,40342.41,0.0,95281.21,92695.44,6140896.17,1535224.04,6530139.63,9531593.66,192727775.8,0.0,0.0,124890098780.21,6693373911.18,128576709857.14,298176647791.13,0,NORMAL
perhotelan,32049.98,632.12,1435.63,0.0,2067.75,2075.73,81012.33,20253.08,0.0,188614.97,6838137.74,0.0,0.0,1484532104.35,0.0,1805500050.94,8323769627.17,0,NORMAL
pertambangan,231478.22,203178.96,38633.76,12591.63,254404.35,249523.05,36397195.34,9099298.84,12901415.97,8070559.52,184858943.73,0.0,77746.39,684556257047.54,18249463383.55,72787166282.12,324316717497.3,0,NORMAL
perbankan,19923.07,91.0,668.64,134.75,894.39,937.82,24488.6,6122.15,0.0,6707.64,3277672.48,0.0,0.0,441180787.45,0.0,79991559.91,5355302127.5,0,NORMAL
konstruksi,206029.59,61266.88,24882.39,0.0,86149.27,91192.49,14707785.09,3676946.27,1216447.92,6087651.37,121502429.99,0.0,0.0,330145278773.38,1221448571.98,68930253028.93,175747541297.9,0,NORMAL
perhotelan,35579.27,701.25,1827.59,280.0,2808.84,2961.07,88958.24,22239.56,0.0,207114.83,8771196.27,0.0,0.0,1565923220.61,0.0,1742885819.16,14044143984.21,0,NORMAL
perbankan,196950.8,235.46,1765.92,0.0,1132.35,2420.31,3255342.65,930302.65,1770223.82,425191.99,8036688.1,0.0,0.0,64274715736.56,2001572573.19,4378157203.65,11458088343.49,1,SCOPE_MATH_DISCREPANCY
pertambangan,117845.74,128791.9,8641.6,0.0,137433.49,154422.35,2117686.51,757112.22,3007127.74,1515352.47,11497684.85,0.0,23569.15,43111149189.41,3052905003.03,15200522292.87,16928950139.98,1,SCOPE2_ELECTRICITY_MISMATCH
perhotelan,110012.65,1148.88,3057.46,462.46,4668.8,4919.59,148353.36,37088.34,0.0,345400.05,14627497.57,0.0,0.0,2869760799.46,0.0,2711131576.57,22956711732.67,0,NORMAL
pertanian,108148.25,15851.61,5674.41,1142.33,22668.35,21865.04,4014818.38,1003704.59,0.0,1557900.36,27187995.41,0.0,0.0,82542931171.75,0.0,15448025965.43,51184082388.24,0,NORMAL
konstruksi,124289.08,6260.99,3916.32,0.0,10177.31,70495.07,5448732.53,549275.04,7579035.37,573746.82,26465505.54,0.0,0.0,120925543827.57,8370609095.12,5189092028.18,37361102226.02,1,EXTREME_YOY_COLLAPSE
manufaktur,465327.86,67913.58,50021.06,0.0,117934.64,112373.2,7601142.52,1900285.63,8082944.35,11798115.43,238556596.77,0.0,0.0,157460700804.25,11617042127.81,119799003993.69,371314029917.31,0,NORMAL
konstruksi,114871.7,37566.3,14121.38,5773.94,57461.62,60573.69,8855953.56,2213988.39,732456.06,3665538.86,68890608.66,0.0,0.0,142841289550.83,1114638053.85,47638301128.99,109437286229.94,0,NORMAL
pertanian,396780.46,58990.55,20994.91,4228.51,84213.97,80095.99,15031203.2,3757800.8,0.0,5832671.53,101789980.25,0.0,0.0,274571181751.76,0.0,69283394085.87,193042185099.34,0,NORMAL
pertanian,113631.39,16492.18,6099.11,0.0,22591.29,21267.4,4228983.95,1057245.99,0.0,1641004.65,29658300.17,0.0,0.0,93359850590.79,0.0,18693590678.3,54601447580.05,0,NORMAL
perhotelan,63911.99,1348.02,2986.6,0.0,4334.62,4478.13,173392.2,43348.05,0.0,403696.12,14635792.87,0.0,0.0,3114084438.6,0.0,4948648877.07,19735496723.38,0,NORMAL
pertambangan,646425.09,662217.58,123300.44,42326.97,827844.99,799209.5,119034133.39,29758533.35,42193055.13,26394123.21,604566477.15,0.0,254263.39,2029218064920.07,46775303370.89,251767706749.2,898020377619.37,0,NORMAL
manufaktur,275261.12,60336.97,43718.01,0.0,104054.98,105077.02,6802415.76,1700603.94,7233589.94,10558371.47,213489110.24,0.0,0.0,165705937084.64,9326288650.71,97407163585.59,333125255917.45,0,NORMAL
konstruksi,273111.09,91081.32,36417.38,0.0,127498.7,134893.11,21484565.74,5371141.44,1776940.25,8892606.55,177486068.03,0.0,0.0,525922956229.39,2353776413.17,118982027777.62,228748544568.33,0,NORMAL
manufaktur,409074.01,50293.89,36609.57,0.0,86903.46,84543.88,5631939.86,1407984.97,5988922.9,8741616.99,176754534.41,0.0,0.0,119113720691.52,5620158297.95,79883980889.39,333725916209.39,0,NORMAL
pertanian,151000.98,19267.61,7125.98,0.0,26393.59,26999.2,4866660.48,1216665.12,0.0,1888447.1,34130391.36,0.0,0.0,82921723515.55,0.0,14559310705.59,54583002567.61,0,NORMAL
perbankan,67817.58,104.28,779.61,156.26,1040.15,1082.55,28499.18,7124.8,0.0,7806.18,3814468.92,0.0,0.0,583395002.57,0.0,82670639.19,4903878342.93,0,NORMAL
manufaktur,291035.58,32797.99,24202.13,0.0,57000.12,57447.98,3709057.71,927264.43,3944158.0,5757014.93,116406209.03,0.0,0.0,62618373562.57,5289081643.39,52402605944.56,180706219726.97,0,NORMAL
manufaktur,212695.76,43505.32,31818.32,0.0,75323.64,78722.0,4857592.42,1214398.11,5165493.1,7539713.4,152452175.97,0.0,0.0,119278778573.82,4529233659.54,88441774465.37,253392817102.86,0,NORMAL
perhotelan,36133.41,825.24,1857.12,0.0,2682.36,2799.78,106558.92,26639.73,0.0,248093.18,8994489.33,0.0,0.0,2550579891.76,0.0,2832179254.66,12681954830.42,0,NORMAL
pertambangan,64518.24,10079.13,9090.18,3030.06,22199.38,58916.56,2216693.94,931745.77,4035255.21,288838.97,29543057.82,0.0,12903.65,49429228196.89,5022306740.5,3252237923.14,42559191243.35,1,SCOPE1_UNDERREPORTING_FRAUD
manufaktur,336889.7,68451.14,49605.08,6148.09,124204.31,130175.72,7642787.6,1910696.9,8127229.13,11862754.85,240901969.46,0.0,0.0,173758541383.18,12605945584.31,145943903682.84,387072402724.25,0,NORMAL
perbankan,25409.25,135.65,584.97,0.0,720.62,706.93,36719.21,9179.8,0.0,10057.72,2793605.93,0.0,0.0,685895927.22,0.0,103594481.86,5083315452.45,0,NORMAL
pertanian,355515.03,27778.09,9920.74,0.0,25328.71,39253.68,2791601.33,1109721.35,7575863.48,850405.1,21971985.5,0.0,0.0,62572889954.88,9266430055.77,9699222012.2,35490732806.21,1,SCOPE_MATH_DISCREPANCY
pertambangan,227846.92,348899.15,73085.29,0.0,421984.44,441177.43,62799676.31,15699919.08,22260087.33,13924933.52,348417138.66,0.0,134143.53,1226875216698.1,32310325979.14,165170626557.64,600041780738.59,0,NORMAL
pertambangan,344552.64,34125.9,17062.95,0.0,51188.85,237094.39,3313652.21,598831.42,3031256.84,980926.48,7955353.59,0.0,68910.53,73812063658.39,3297863221.52,10314002494.14,12129181038.57,1,SECTOR_INTENSITY_ANOMALY
konstruksi,44210.67,14445.1,5906.73,0.0,20351.83,20840.14,3451736.98,862934.24,285485.42,1428697.2,28515131.79,0.0,0.0,84184947635.21,247885880.99,11421974265.32,40562599505.52,0,NORMAL
pertanian,189908.58,40972.49,15033.87,0.0,56006.36,54331.51,10379064.48,2594766.12,0.0,4027466.94,72789448.66,0.0,0.0,200283841205.6,0.0,35724874852.67,127027452022.99,0,NORMAL
konstruksi,116718.06,13911.22,5350.19,2137.17,21398.58,21316.66,3349123.79,837280.95,276998.52,1386224.91,26052889.16,0.0,0.0,69431278179.11,431307894.38,16351998333.78,34778700793.96,0,NORMAL
manufaktur,285534.16,42396.07,30645.87,3886.38,76928.32,76748.47,4722662.8,1180665.7,5022010.91,7330282.36,148859137.53,0.0,0.0,89833737746.17,6988930174.65,59858493089.78,264945674833.4,0,NORMAL
manufaktur,229027.92,48494.73,34729.91,0.0,83224.64,78495.63,5405641.3,1351410.33,5748280.3,8390367.61,169652310.69,0.0,0.0,131367840522.41,5927945470.84,86714757646.02,245283542704.12,0,NORMAL
manufaktur,110559.38,20202.86,14552.15,0.0,34755.01,33128.95,2253351.19,563337.8,2396180.86,3497539.66,70719867.35,0.0,0.0,51192081056.28,3797639113.1,27920502202.85,129694069357.39,0,NORMAL
konstruksi,148370.07,52461.7,22001.91,0.0,74463.61,78168.61,12716407.19,3179101.8,1051745.52,5263406.63,105051465.25,0.0,0.0,265663029547.26,1639932137.5,56008898035.05,153286025843.61,0,NORMAL
konstruksi,257392.5,80625.17,33506.74,0.0,114131.91,115779.93,19501444.92,4875361.23,1612920.77,8071779.48,161103315.82,0.0,0.0,460708663510.07,1449699963.17,60865753536.76,262976471354.2,0,NORMAL
konstruksi,207863.95,86220.44,35655.41,0.0,121875.85,127502.09,20624683.15,5156170.79,1705821.29,8536695.35,170382495.1,0.0,0.0,415321865998.59,2301220944.36,105416331853.33,285793480839.02,0,NORMAL
perbankan,75383.53,145.1,612.05,0.0,757.15,763.62,38772.1,9693.03,0.0,10620.02,2949790.34,0.0,0.0,771852809.21,0.0,107786156.21,5015137670.23,0,NORMAL
perhotelan,111458.09,1253.21,3325.13,502.32,5080.66,5177.69,161508.59,40377.15,0.0,376028.4,15924590.69,0.0,0.0,4001999735.94,0.0,4670335705.75,20561323512.31,0,NORMAL
pertanian,108426.7,29779.81,10761.21,2178.05,42719.07,42324.0,7678554.97,1919638.74,0.0,2979567.79,51998495.94,0.0,0.0,169684896105.84,0.0,25407987286.97,86064295556.93,0,NORMAL
pertambangan,341390.26,402703.33,75131.54,25416.89,503251.76,475934.59,71897669.39,17974417.35,25484978.48,15942283.87,365163499.41,0.0,153577.33,1339850219870.75,23565678359.26,153676835824.88,442348246682.61,0,NORMAL
perhotelan,20688.13,496.61,1080.89,0.0,1577.5,1528.77,62663.44,15665.86,0.0,145894.62,5289333.72,0.0,0.0,1104920257.85,0.0,1855405824.81,6862338477.79,0,NORMAL
konstruksi,369070.72,7045.67,2477.11,0.0,9522.78,70777.26,5107163.62,391826.12,3829680.9,1417207.51,21084418.83,0.0,0.0,110227082366.55,4862928625.98,15264212631.92,36814250161.4,1,EXTREME_YOY_COLLAPSE
perbankan,11093.35,21.27,90.02,0.0,111.29,113.54,5705.66,1426.41,0.0,1562.83,434087.78,0.0,0.0,93743287.0,0.0,17073568.99,756900001.06,0,NORMAL
perhotelan,33668.06,605.16,1583.19,244.03,2432.38,2309.3,77323.02,19330.75,0.0,180025.42,7623974.87,0.0,0.0,1526245109.51,0.0,1569995563.26,10451876903.97,0,NORMAL
pertanian,321198.74,49243.78,18656.27,0.0,67900.05,70974.07,12693346.7,3173336.68,0.0,4925495.38,89019748.33,0.0,0.0,283732596958.68,0.0,45532096428.66,153902471467.28,0,NORMAL
konstruksi,173357.52,52624.39,20032.97,8083.87,80741.23,78137.39,12414064.4,3103516.1,1026739.42,5138264.91,96569211.46,0.0,0.0,211024071120.94,1507025676.77,39698348098.68,170052647060.75,0,NORMAL
pertambangan,122466.3,114637.07,23708.86,0.0,138345.93,136651.29,20630789.1,5157697.28,7312826.98,4574583.56,114461107.59,0.0,44068.49,349878029785.75,11241927137.47,42277657725.65,185570855498.62,0,NORMAL
perhotelan,92135.09,3413.02,7799.83,0.0,11212.85,11071.64,439959.54,109989.88,0.0,1024324.98,37136369.64,0.0,0.0,9298905511.81,0.0,13512192919.48,64832739203.61,0,NORMAL
pertambangan,433580.15,448831.73,92539.51,0.0,541371.24,533959.51,80837595.26,20209398.81,28653840.84,17924585.06,448492815.44,0.0,172673.5,1419955711944.17,32581709166.86,154322469331.18,575515156722.27,0,NORMAL
pertambangan,194220.67,161725.93,30545.2,10155.19,202426.32,194041.19,28931727.23,7232931.81,10255192.58,6415198.33,146942325.82,0.0,61799.74,513520035701.97,9266587966.93,81925620692.89,276767586003.94,0,NORMAL
perhotelan,25376.25,621.93,1376.29,0.0,1998.22,1978.81,78249.24,19562.31,0.0,182181.86,6604908.65,0.0,0.0,1874755332.3,0.0,1699165453.54,12402906316.54,0,NORMAL
konstruksi,211760.85,6967.56,1875.46,0.0,8843.01,60115.45,2095867.2,1029306.49,1366377.06,1058466.31,17879186.57,0.0,0.0,43203045423.98,1454958694.96,11240465868.65,24412833385.53,1,EXTREME_YOY_COLLAPSE
perhotelan,75672.42,1077.09,2756.33,430.43,4263.85,4087.2,136045.85,34011.46,0.0,316745.41,13413989.62,0.0,0.0,2260487551.8,0.0,2461881431.8,18950662343.53,0,NORMAL
perbankan,9352.86,135.89,581.5,0.0,717.39,742.97,36736.56,9184.14,0.0,10062.47,2794925.8,0.0,0.0,905565883.32,0.0,124341134.94,3688647834.57,0,NORMAL
perhotelan,39412.32,1012.11,2211.92,0.0,3224.03,3108.31,127685.89,31921.47,0.0,297281.53,10777787.22,0.0,0.0,2257533143.44,0.0,2362071208.42,19272376603.41,0,NORMAL
perhotelan,66066.62,909.58,2038.96,0.0,2948.54,3016.98,115173.41,28793.35,0.0,268149.66,9721626.41,0.0,0.0,2513972668.95,0.0,3331012839.15,14657937941.63,0,NORMAL
perhotelan,35431.94,550.24,1216.6,0.0,1766.84,1864.17,70477.54,17619.39,0.0,164087.6,5948910.84,0.0,0.0,1359045574.82,0.0,1349737991.47,7691884446.25,0,NORMAL
manufaktur,168363.55,31584.25,22688.12,0.0,54272.37,54456.13,3491065.1,872766.27,3712347.83,5418657.64,109564661.75,0.0,0.0,76354033450.93,4356489465.92,62304236595.57,147283934483.67,0,NORMAL
perbankan,26392.1,92.68,675.73,136.24,904.65,873.86,24744.99,6186.25,0.0,6777.87,3311989.23,0.0,0.0,413159122.04,0.0,50949050.54,4459715751.43,0,NORMAL
perbankan,18615.54,71.37,300.19,0.0,371.56,375.17,19147.01,4786.75,0.0,5244.53,1456708.48,0.0,0.0,454151438.84,0.0,51978697.97,1953389229.75,0,NORMAL
perhotelan,87086.84,1278.59,2872.75,0.0,4151.34,4378.11,165144.49,41286.12,0.0,384493.61,13939615.86,0.0,0.0,3007447658.76,0.0,4375772505.18,19967103782.63,0,NORMAL
manufaktur,428387.11,73933.96,53376.53,0.0,127310.49,130003.88,8318439.81,2079609.95,8845707.85,12911468.61,261068475.66,0.0,0.0,150852336624.25,9008286894.16,142647386007.84,412422318084.16,0,NORMAL
pertanian,168819.4,24778.59,9306.44,0.0,34085.03,35995.9,6372517.83,1593129.46,0.0,2472776.32,44691124.15,0.0,0.0,116910558202.02,0.0,20162301202.24,82287076957.59,0,NORMAL
perbankan,41338.99,167.07,1263.14,251.33,1681.54,1637.93,45391.22,11347.8,0.0,12433.06,6075380.19,0.0,0.0,882455053.16,0.0,127650095.41,7595560874.32,0,NORMAL
perhotelan,55835.07,1474.77,3858.42,591.75,5924.94,5708.32,189161.74,47290.44,0.0,440411.18,18651165.25,0.0,0.0,3110356916.64,0.0,3809207270.79,29026935078.04,0,NORMAL
pertambangan,217006.57,165307.42,33906.29,0.0,199213.71,193913.33,29564879.0,7391219.75,10479620.71,6555590.71,164028083.44,0.0,63152.19,702354348523.2,9207382002.14,70280377489.67,301932599000.02,0,NORMAL
manufaktur,74773.21,13516.74,3466.67,0.0,16983.41,23922.92,2039623.36,1011067.91,5824745.8,729975.84,26323185.19,0.0,0.0,45825808770.19,6330003805.43,7052730746.87,36988111056.24,1,SCOPE2_ELECTRICITY_MISMATCH
perhotelan,254401.39,648.44,1066.67,0.0,1715.11,16912.25,3281642.03,742765.33,5988893.24,1200932.36,12483239.75,0.0,0.0,72671492267.72,7030127526.11,11010063604.09,19524475738.19,1,EXTREME_YOY_COLLAPSE
perbankan,21921.04,241.24,1015.18,0.0,1256.42,1276.4,64631.67,16157.92,0.0,17703.19,4917191.83,0.0,0.0,1517150787.72,0.0,207242141.29,7017097802.6,0,NORMAL
pertanian,91732.97,9387.79,3490.77,0.0,12878.56,12170.68,2408266.79,602066.7,0.0,934497.99,16889423.15,0.0,0.0,44134728090.65,0.0,7030209093.89,22752259686.56,0,NORMAL
manufaktur,398412.4,69373.48,50713.1,6237.21,126323.79,132166.11,7658773.86,1914693.47,8144228.68,11887567.93,241405859.11,0.0,0.0,135230226081.3,9296486683.35,110189088955.09,413069848334.73,0,NORMAL
perhotelan,112945.95,1412.24,3739.28,565.54,5717.06,5549.64,181984.43,45496.11,0.0,423700.78,17943489.03,0.0,0.0,3745972144.47,0.0,4960770228.96,25017532039.52,0,NORMAL
manufaktur,316809.05,65551.87,47347.52,5904.51,118803.9,122636.15,7219357.16,1804839.29,7676959.36,11205527.18,227555369.69,0.0,0.0,122305389892.21,7664475916.66,109037244033.36,430253808597.69,0,NORMAL
pertambangan,87695.68,70372.55,13255.98,4477.28,88105.81,91722.91,12692361.46,3173090.36,4498957.49,2814350.33,64463662.93,0.0,27111.57,239224499591.13,6731567891.26,29482154189.88,122279111471.21,0,NORMAL
perhotelan,82691.21,2463.05,6298.93,969.11,9731.09,10043.0,311009.85,77752.46,0.0,724101.04,30665270.79,0.0,0.0,6268552069.21,0.0,9316858598.46,52124706514.21,0,NORMAL
pertambangan,347654.83,387499.67,73776.54,24239.31,485515.52,494200.82,69195900.06,17298975.02,24527304.42,15343205.01,351441392.01,0.0,147806.21,1245972983588.66,26747153290.7,182780706984.72,637300974275.13,0,NORMAL
manufaktur,333083.67,29690.7,21113.99,0.0,50804.69,52433.7,3292020.58,823005.14,3500686.78,5109710.63,103317787.2,0.0,0.0,80322446957.59,3691432336.61,64782506821.12,130630827100.0,0,NORMAL
pertanian,167698.76,26877.8,9606.12,1917.04,38400.96,37507.33,6839852.7,1709963.18,0.0,2654119.81,46318878.3,0.0,0.0,123635076614.5,0.0,29437120838.52,66981838882.54,0,NORMAL
perhotelan,18441.47,531.41,1179.82,0.0,1711.23,1772.29,68108.45,17027.11,0.0,158571.81,5748938.74,0.0,0.0,1297260488.25,0.0,2003235780.55,10176472734.04,0,NORMAL
pertanian,299976.24,45651.43,16479.87,0.0,62131.3,62908.62,11516844.32,2879211.08,0.0,4468968.26,80768815.88,0.0,0.0,199657823311.79,0.0,56984963911.23,144251432330.71,0,NORMAL
manufaktur,229859.66,24270.1,17694.49,2200.9,44165.49,43894.56,2716851.91,679212.98,2889060.79,4216962.43,85635635.79,0.0,0.0,47917566973.96,3221527024.02,47434605684.55,149474536458.66,0,NORMAL
pertanian,120879.85,11442.91,4088.92,826.68,16358.51,15386.2,2905505.8,726376.45,0.0,1127445.4,19675828.61,0.0,0.0,59124825749.57,0.0,12336658819.97,29052899888.55,0,NORMAL
pertanian,104787.37,12341.01,4520.92,0.0,16861.93,15854.55,3119697.8,779924.45,0.0,1210559.95,21878762.15,0.0,0.0,67950154846.74,0.0,10144329431.07,40081258603.5,0,NORMAL
pertambangan,524198.67,673846.0,126864.93,41483.67,842194.6,795836.23,119779237.69,29944809.42,42457166.15,26559339.48,608350812.55,0.0,255854.97,2400325443009.84,59978749659.79,258169892430.47,1064243852469.93,0,NORMAL
perhotelan,112744.01,3051.98,7935.71,1215.11,12202.8,12889.45,384497.06,96124.27,0.0,895195.83,37911038.89,0.0,0.0,7900761765.17,0.0,9972021386.05,64065504121.44,0,NORMAL
pertambangan,93716.79,83707.32,16945.66,0.0,100652.98,101879.01,14917455.74,3729363.93,5287668.46,3307733.28,82763121.57,0.0,31864.5,294044765404.6,4951507571.92,31309443047.31,116721529181.4,0,NORMAL
konstruksi,96295.46,15674.79,6100.74,2408.81,24184.34,24018.06,3733296.71,933324.18,308772.6,1545236.67,29041376.63,0.0,0.0,78806342797.63,334013966.95,17184182348.04,41304185075.23,0,NORMAL
pertambangan,678846.31,807723.81,163018.79,0.0,970742.6,983163.44,142227674.22,35556918.55,50414279.74,31536960.46,789089406.25,0.0,303806.05,3281732056772.65,67484473727.75,325802795344.71,1296909445483.84,0,NORMAL
konstruksi,219465.15,11828.11,19852.46,0.0,31680.57,79992.42,5964078.73,481059.03,5981716.77,1535445.74,16309316.74,0.0,0.0,114152421672.57,6243005199.23,13760583393.46,24101800522.7,1,SCOPE1_UNDERREPORTING_FRAUD
pertanian,76584.03,13138.94,4874.84,0.0,18013.78,18515.89,3386637.17,846659.29,0.0,1314142.45,23750835.4,0.0,0.0,81776326138.9,0.0,13712979318.51,30453477111.94,0,NORMAL
pertanian,86725.85,3429.03,1265.75,0.0,4694.78,4928.5,861552.55,215388.14,0.0,334314.75,6042156.78,0.0,0.0,16091313510.71,0.0,2798409014.05,7592195852.95,0,NORMAL
perhotelan,11726.24,141.88,373.62,56.95,572.45,559.12,18254.26,4563.56,0.0,42500.03,1799852.16,0.0,0.0,300400111.72,0.0,483840886.02,2665420910.63,0,NORMAL
perhotelan,49060.59,1229.59,2729.12,0.0,3958.71,4186.65,156158.46,39039.61,0.0,363572.09,13181117.21,0.0,0.0,3660425042.13,0.0,4555234938.35,16482957323.42,0,NORMAL
konstruksi,40724.5,13918.07,5773.88,0.0,19691.95,19020.18,3329812.61,832453.15,275401.33,1378231.88,27507902.86,0.0,0.0,77896082284.96,294122338.57,16644346816.17,51298340923.6,0,NORMAL
konstruksi,156585.29,35108.54,13863.16,5535.76,54507.46,57060.78,8487804.99,2121951.25,702007.31,3513159.69,66026774.88,0.0,0.0,201685380592.88,900921988.68,42485525131.1,80516368225.7,0,NORMAL
konstruksi,180115.48,60563.74,24643.52,0.0,85207.26,82403.84,14600205.38,3650051.34,1207550.24,6043123.4,120613703.62,0.0,0.0,341849898199.53,1836282937.38,65806226984.26,177556296985.55,0,NORMAL
manufaktur,482560.01,54304.7,39277.61,0.0,93582.31,92416.42,6058542.15,1514635.54,6442565.56,9403767.84,190143151.9,0.0,0.0,116147988723.89,5954955783.58,126087514630.41,341100545176.72,0,NORMAL
konstruksi,295969.53,43661.25,17649.65,0.0,61310.9,63816.79,10439237.93,2609809.48,863405.96,4320870.93,86239550.58,0.0,0.0,187918007081.43,1101549388.55,48051227126.28,143696978985.15,0,NORMAL
konstruksi,121500.91,34384.82,14061.51,0.0,48446.33,48696.34,8190883.35,2047720.84,677449.59,3390261.82,67665676.69,0.0,0.0,144157594336.53,969502279.92,37783295740.45,128365689954.52,0,NORMAL
perbankan,74227.66,870.41,3712.7,0.0,4583.11,4362.87,232456.69,58114.17,0.0,63671.95,17685357.86,0.0,0.0,5142400209.98,0.0,498391999.04,21267307758.14,0,NORMAL
konstruksi,116587.2,31049.69,12780.65,0.0,43830.34,45425.98,7374629.99,1843657.5,609939.11,3052409.05,60922529.02,0.0,0.0,183384983105.09,634329958.01,29435065980.13,75384770029.29,0,NORMAL
perbankan,76580.37,386.36,1672.22,0.0,2058.58,2180.34,105933.9,26483.48,0.0,29016.24,8059475.31,0.0,0.0,2035285296.45,0.0,234265650.27,12624527138.79,0,NORMAL
konstruksi,57077.92,23021.59,9383.52,0.0,32405.11,33204.14,5504383.37,1376095.84,455255.2,2278301.37,45472241.48,0.0,0.0,121504247054.45,611912144.14,23325792985.34,62292216795.54,0,NORMAL
konstruksi,99796.47,25489.76,10439.9,0.0,35929.66,34942.68,6172664.95,1543166.24,510527.27,2554907.62,50992979.98,0.0,0.0,129041987332.47,655916298.66,31933089422.81,72683281893.62,0,NORMAL
pertanian,48157.12,6608.26,2374.17,474.38,9456.81,9708.5,1681298.29,420324.57,0.0,652406.9,11385603.49,0.0,0.0,36110694507.32,0.0,5285405253.13,20456423040.0,0,NORMAL
perhotelan,62787.92,1633.85,3632.12,0.0,5265.97,5386.86,205556.75,51389.19,0.0,478582.44,17350757.69,0.0,0.0,3620958897.37,0.0,4464617819.47,26300774292.71,0,NORMAL
konstruksi,190486.87,66886.66,26374.52,10292.89,103554.07,108437.48,16205521.79,4051380.45,1340322.36,6707574.68,126063020.97,0.0,0.0,307274413148.47,1363713503.77,66379777553.36,198242189806.76,0,NORMAL
konstruksi,149458.62,32236.57,12487.09,4888.22,49611.88,50551.15,7650261.0,1912565.25,632735.93,3166494.58,59511506.35,0.0,0.0,179234556006.56,916813581.56,29926755235.55,71767757434.36,0,NORMAL
pertanian,191276.56,19334.52,7011.57,1391.91,27738.0,26778.46,4938214.36,1234553.59,0.0,1916212.69,33441151.45,0.0,0.0,96082474355.64,0.0,21245961795.32,60863592766.43,0,NORMAL
konstruksi,271297.85,134646.51,53803.54,0.0,188450.05,190585.06,31765011.34,7941252.84,2627212.84,13147752.26,262413819.86,0.0,0.0,762800309580.35,3578959038.07,139213507478.64,480533904013.66,0,NORMAL
perbankan,66337.89,737.39,3100.05,0.0,3837.44,3824.12,197635.66,49408.92,0.0,54134.16,15036165.98,0.0,0.0,3684067940.66,0.0,534986333.67,19992348920.2,0,NORMAL
perbankan,35095.1,417.72,1756.17,0.0,2173.89,2049.46,112274.8,28068.7,0.0,30753.06,8541892.49,0.0,0.0,1916941663.11,0.0,266226164.98,15343042703.24,0,NORMAL
perbankan,53428.65,43.41,21.71,0.0,65.12,2043.24,4855382.82,830700.22,2028655.83,529566.81,7736398.6,0.0,0.0,93684686699.93,2600169543.04,5069380695.95,13157308619.29,1,SECTOR_INTENSITY_ANOMALY
pertambangan,742360.29,352334.88,65910.6,22093.86,440339.34,451586.44,63549823.71,15887455.93,22525985.94,14091268.02,322765344.31,0.0,135745.88,1514239062079.37,27693202835.05,180401433968.84,485374286252.88,0,NORMAL
perhotelan,103406.47,2727.81,5966.97,0.0,8694.78,8522.88,345881.09,86470.27,0.0,805289.13,29195338.92,0.0,0.0,7160444750.43,0.0,8561233973.1,38052761012.74,0,NORMAL
manufaktur,168380.63,26025.42,18488.57,0.0,44513.99,44771.53,2866279.32,716569.83,3047959.72,4448896.22,89956192.53,0.0,0.0,67091712500.43,3776035108.23,35154501500.74,157283112583.28,0,NORMAL
pertambangan,459421.44,410237.0,78425.61,25748.88,514411.49,515642.26,73628912.13,18407228.03,26098637.93,16326162.28,373956366.61,0.0,157275.36,1330204387593.5,25727327909.45,193541769646.92,484145098386.32,0,NORMAL
perhotelan,106284.39,1997.81,4319.34,0.0,6317.15,6390.08,250792.35,62698.09,0.0,583901.12,21169031.82,0.0,0.0,4673682062.67,0.0,6181136506.14,35727319370.28,0,NORMAL
manufaktur,302722.54,52116.15,37902.65,0.0,53355.62,94384.45,3173327.32,1048465.96,1680514.23,1248834.19,14792290.42,0.0,0.0,66518595211.81,1918987768.86,11828750559.57,23805527549.26,1,SCOPE_MATH_DISCREPANCY
manufaktur,139060.36,29912.62,21708.73,0.0,51621.35,53676.54,3365402.81,841350.7,3578720.38,5223610.89,105620837.86,0.0,0.0,70751193266.51,5147269783.7,52121922500.24,169203580288.66,0,NORMAL
pertanian,239231.2,24039.64,9031.55,0.0,33071.19,32129.44,6213244.47,1553311.12,0.0,2410972.27,43574123.64,0.0,0.0,136111995763.32,0.0,24617816516.69,60938510806.88,0,NORMAL
perbankan,112069.21,250.25,5218.84,0.0,5469.09,6907.44,5605015.32,599521.37,5733376.44,1291859.08,6271040.73,0.0,0.0,110951848540.92,5785085684.45,11364906151.08,8699313680.75,1,SCOPE1_UNDERREPORTING_FRAUD
manufaktur,92721.48,19979.01,14362.05,0.0,34341.06,32561.34,2218160.93,554540.23,2358760.05,3442919.09,69615445.4,0.0,0.0,39138558009.26,3160765093.63,30681105925.57,90313781844.15,0,NORMAL
pertanian,134163.79,30800.68,11378.05,0.0,42178.73,44468.06,7802131.33,1950532.83,0.0,3027520.06,54717150.9,0.0,0.0,185690389295.9,0.0,27345802592.19,66483672354.15,0,NORMAL
pertanian,57575.02,5122.05,1923.45,0.0,7045.5,6785.68,1323705.3,330926.32,0.0,513647.38,9283281.65,0.0,0.0,32316950756.79,0.0,5066759194.71,15057894330.58,0,NORMAL
perhotelan,379378.63,1896.89,4931.92,0.0,3984.29,7258.25,5740263.95,388425.31,2181185.06,420069.07,29570183.42,0.0,0.0,124743514881.02,3018192368.85,4750919398.82,47191066348.46,1,SCOPE_MATH_DISCREPANCY
pertambangan,360647.24,455789.75,93399.69,0.0,549189.44,524224.75,81300281.5,20325070.38,28817845.45,18027179.15,451059832.15,0.0,173661.83,1852264435163.28,39936088632.57,156029811623.85,697322185128.55,0,NORMAL
manufaktur,174708.95,20791.74,15320.7,0.0,36112.44,35821.67,2331168.76,582792.19,2478930.94,3618324.23,73162118.1,0.0,0.0,48763404145.98,3544479203.25,27509900462.54,129061227943.38,0,NORMAL
manufaktur,359301.95,60988.35,43395.47,0.0,104383.82,110433.76,6736138.03,1684034.51,7163111.16,10455498.47,211409029.54,0.0,0.0,120787786379.92,8681907811.45,122418081803.76,294449785686.61,0,NORMAL
konstruksi,59238.87,12553.55,5209.51,0.0,17763.06,18340.8,3034807.2,758701.8,251002.1,1256127.15,25070834.74,0.0,0.0,60748430503.38,270698593.6,14656422051.96,37066744809.79,0,NORMAL
perhotelan,109274.04,3136.14,6998.43,0.0,10134.57,9999.08,398225.03,99556.26,0.0,927157.64,33613618.21,0.0,0.0,9207970969.34,0.0,7510479696.87,51243466836.25,0,NORMAL
pertambangan,262482.77,218915.45,11665.31,13682.22,244262.97,287158.53,3947650.48,356763.97,1287344.33,1044283.27,24152436.43,0.0,52496.55,82771187191.6,1451760464.08,10222434119.39,39178053987.88,1,SCOPE2_ELECTRICITY_MISMATCH
pertambangan,327742.17,485510.95,91033.3,0.0,576544.25,600078.59,4909125.57,483933.07,2637788.59,878214.12,16509410.7,0.0,65548.43,3608936488.5,3279021660.47,9449739215.99,25877823664.9,1,FUEL_PRICE_INVOICE_FRAUD
pertanian,181805.81,8144.39,8978.24,0.0,17122.63,34382.28,4620314.6,421230.08,1848830.32,1381256.85,18353917.92,0.0,0.0,92103646794.66,2224759255.57,14122300348.46,25076019959.31,1,SCOPE1_UNDERREPORTING_FRAUD
pertanian,269850.09,9465.78,3374.92,688.09,13528.79,13116.86,2423414.66,605853.67,0.0,940375.93,16411150.01,0.0,0.0,58873880703.58,0.0,7171910577.92,27010364832.23,0,NORMAL
pertambangan,306592.89,25026.14,12513.07,0.0,37539.21,371679.65,3704081.06,801647.88,1305469.81,1848329.42,14369000.54,0.0,61318.58,74743460038.79,1716836429.67,19707710182.15,24947158949.3,1,SECTOR_INTENSITY_ANOMALY
konstruksi,320510.08,147920.16,56801.93,22526.71,227248.8,215886.82,35175863.61,8793965.9,2909316.79,14559527.01,273633622.56,0.0,0.0,854298683597.59,4219784578.16,126655413162.72,345832440686.9,0,NORMAL
pertambangan,254082.85,70603.88,39881.22,0.0,110485.1,272931.45,5878316.51,542313.86,7518683.91,242623.79,20956012.75,0.0,50816.57,117792135679.91,8469377298.18,2095641441.82,34503189364.57,1,SCOPE1_UNDERREPORTING_FRAUD
perbankan,45016.45,84.6,359.37,0.0,443.97,425.39,23153.37,5788.34,0.0,6341.91,1761513.42,0.0,0.0,574588754.5,0.0,52071773.41,2682593283.3,0,NORMAL
perbankan,7448.88,106.36,452.22,0.0,558.58,590.16,28872.78,7218.2,0.0,7908.51,2196647.85,0.0,0.0,511972083.9,0.0,99762656.39,4070808694.14,0,NORMAL
manufaktur,334140.84,47140.51,34217.64,0.0,81358.15,83339.51,5202376.89,1300594.22,5532131.89,8074870.71,163272998.0,0.0,0.0,116325042482.71,5489048664.2,78395181341.05,309062037799.41,0,NORMAL
konstruksi,326800.6,64604.25,24865.97,9924.51,99394.73,98980.23,15320190.52,3830047.63,1267098.6,6341130.1,119176014.44,0.0,0.0,348193053832.73,1751269759.59,49206856170.96,211844409641.04,0,NORMAL
perhotelan,111515.23,4018.27,8948.51,0.0,12966.78,12415.24,514572.44,128643.11,0.0,1198040.62,43434340.11,0.0,0.0,9072493528.3,0.0,15588420219.03,52778724853.68,0,NORMAL
manufaktur,473579.85,72623.47,53107.27,0.0,125730.74,127031.36,8180026.8,2045006.7,8698521.47,12696630.82,256724479.3,0.0,0.0,189671121340.21,11028109227.38,101750687748.58,465051087617.15,0,NORMAL
pertanian,394323.48,30430.26,11335.41,0.0,41765.67,43241.05,7842610.78,1960652.69,0.0,3043227.61,55001037.48,0.0,0.0,194583856120.07,0.0,39551832661.06,76072340216.47,0,NORMAL
perhotelan,22034.57,878.65,1915.38,0.0,2794.03,2742.81,111225.73,27806.43,0.0,258958.57,9388408.48,0.0,0.0,1782562480.13,0.0,2900718712.51,12170365736.72,0,NORMAL
perhotelan,99908.91,1459.61,3256.05,0.0,4715.66,4828.81,186398.28,46599.57,0.0,433977.22,15733618.55,0.0,0.0,4490696863.41,0.0,3859553711.07,23636637113.08,0,NORMAL
konstruksi,177750.85,46585.35,18281.18,7193.29,72059.82,72740.43,11227472.08,2806868.02,928599.03,4647126.36,87338690.31,0.0,0.0,214766202038.82,834064499.23,51052030119.55,129099574434.08,0,NORMAL
pertambangan,692093.29,707208.56,143115.73,0.0,850324.29,859421.62,126097211.5,31524302.87,44696646.62,27960260.16,699596434.36,0.0,269350.51,2799655525493.81,67782922880.46,298852551011.2,858930812123.91,0,NORMAL
pertambangan,603880.51,605819.01,126151.13,0.0,731970.14,688082.63,108538436.83,27134609.21,38472731.46,24066852.03,602179084.64,0.0,231844.01,2344956612924.99,46582364549.03,192625111452.95,970828464447.0,0,NORMAL
perhotelan,42207.16,1137.28,2532.49,0.0,3669.77,3775.89,144938.09,36234.52,0.0,337448.55,12234021.73,0.0,0.0,3135865564.38,0.0,4414184311.82,14994336815.7,0,NORMAL
perbankan,51451.88,286.4,2161.97,421.43,2869.8,2903.71,77037.82,19259.45,0.0,21101.34,10311114.61,0.0,0.0,1320201726.37,0.0,239883560.29,17526962342.94,0,NORMAL
perbankan,5436.78,46.43,193.95,0.0,240.38,231.33,12419.33,3104.83,0.0,3401.76,944865.36,0.0,0.0,244382296.01,0.0,28929364.62,1402120951.23,0,NORMAL
perbankan,269784.59,38.95,423.14,0.0,462.09,3306.7,2296279.08,495072.86,6370853.68,1013939.7,6379578.93,0.0,0.0,46581995876.19,8568437295.69,9578881647.07,8895441069.38,1,EXTREME_YOY_COLLAPSE
konstruksi,309608.08,118097.54,45422.13,18168.85,73955.85,178926.57,4948516.67,919991.0,2965164.11,1791295.0,15200471.46,0.0,0.0,112182734871.72,3508818540.67,16145745626.98,24410344181.7,1,SCOPE_MATH_DISCREPANCY
perbankan,229559.77,1430.39,1962.34,2145.59,5538.32,14971.63,2768578.42,696378.19,4193438.52,424231.43,20357598.09,0.0,0.0,52666752978.94,5589192516.59,4712143883.71,30369804007.18,1,SCOPE2_ELECTRICITY_MISMATCH
manufaktur,186501.69,33710.08,24516.42,3064.55,61291.06,63763.29,4344244.44,694174.28,4560369.52,1908644.02,16089706.91,0.0,0.0,4239055837.94,4899789621.41,16507484264.25,25979988082.43,1,FUEL_PRICE_INVOICE_FRAUD
pertanian,289606.48,38643.85,14156.61,0.0,52800.46,55080.4,9779347.55,2444836.89,0.0,3794754.24,68583572.02,0.0,0.0,188870291880.32,0.0,33326494860.81,116383612397.24,0,NORMAL
konstruksi,344763.16,78544.03,9278.5,12083.7,99906.23,124782.46,4523126.8,411304.81,3480170.57,1683003.89,12001853.08,0.0,0.0,98170069653.23,4644561435.52,19074456021.2,18697106748.12,1,SCOPE2_ELECTRICITY_MISMATCH
perhotelan,42972.27,747.81,1663.93,0.0,2411.74,2461.68,95239.76,23809.94,0.0,221739.62,8039054.61,0.0,0.0,2107033214.22,0.0,1783521102.48,11290868579.48,0,NORMAL
pertambangan,638161.93,851703.3,178361.63,0.0,1030064.93,1037646.51,153587215.69,38396803.92,54440803.44,34055776.94,852112962.58,0.0,328070.65,3743860809427.59,63306830520.56,303158806442.14,1508614338355.88,0,NORMAL
perhotelan,41514.93,1780.36,3994.52,0.0,5774.88,5894.13,227273.38,56818.35,0.0,529143.66,19183828.48,0.0,0.0,4953000792.07,0.0,6413131848.28,31118386760.61,0,NORMAL
perhotelan,61602.65,384.85,850.56,0.0,1235.41,1231.74,48654.32,12163.58,0.0,113278.23,4106843.24,0.0,0.0,1103194009.07,0.0,1434736129.58,5276300715.88,0,NORMAL
pertanian,306877.76,36322.82,13713.26,0.0,50036.08,49363.07,9341874.49,2335468.62,0.0,3624998.26,65515528.39,0.0,0.0,176167080247.11,0.0,32676218999.81,88628301898.56,0,NORMAL
konstruksi,90046.82,20509.24,7825.55,3165.41,31500.2,32479.89,4883978.28,1220994.57,403942.89,2021511.52,37992547.52,0.0,0.0,78314181559.49,511572704.17,25624204259.56,52115119919.8,0,NORMAL
perhotelan,169790.8,782.7,7123.52,0.0,7906.22,11491.37,2335583.62,923946.09,5303132.61,1335845.38,29413623.33,0.0,0.0,53217055041.05,7361092063.35,11414730664.22,49989780831.01,1,SCOPE1_UNDERREPORTING_FRAUD
pertanian,371133.24,54181.14,19854.88,0.0,74036.02,76073.29,13805211.38,3451302.85,0.0,5356940.65,96817369.88,0.0,0.0,313077280735.2,0.0,52797986830.99,134965661206.42,0,NORMAL
manufaktur,150962.14,24184.87,17449.01,2180.39,43814.27,44682.13,2696386.6,674096.65,2867298.27,4185197.19,84990565.76,0.0,0.0,51403772727.1,2487891049.39,45212266321.04,119825291074.97,0,NORMAL
perbankan,94433.21,213.39,1600.46,320.09,2133.95,2191.31,5449637.12,377800.05,7635132.74,1605477.74,24180840.1,0.0,0.0,3401523523.77,7714706561.6,15651088616.35,41974946708.49,1,FUEL_PRICE_INVOICE_FRAUD
konstruksi,345494.73,69399.71,27854.37,0.0,97254.08,101061.72,16388519.83,4097129.96,1355457.72,6783318.8,135387141.69,0.0,0.0,312021265778.91,1601338997.49,75052157322.82,235774996962.66,0,NORMAL
perhotelan,44418.88,458.17,1006.96,0.0,1465.13,1429.44,58339.49,14584.87,0.0,135827.48,4924354.62,0.0,0.0,1346429240.47,0.0,1766508125.37,8603954728.73,0,NORMAL
manufaktur,448276.84,81113.86,59544.7,7421.03,148079.59,139648.04,9066258.01,2266564.5,9640926.84,14072194.83,285769999.6,0.0,0.0,222308099771.08,12453488614.74,118211595641.35,363607100775.14,0,NORMAL
pertambangan,544693.77,545070.87,112180.25,0.0,657251.12,682208.32,96819288.39,24204822.1,34318740.82,21468297.83,537160402.94,0.0,206811.27,1632330861960.7,44434186982.76,243417540360.54,683683341720.75,0,NORMAL
konstruksi,348977.76,56567.23,21968.89,8587.05,87123.17,90518.44,13483478.61,3370869.65,1115188.27,5580902.66,104888202.24,0.0,0.0,280200391442.69,1779158212.94,73668648576.31,179884638360.99,0,NORMAL
manufaktur,441097.15,90470.77,66459.73,0.0,156930.5,152856.04,10088477.41,2522119.35,10727940.08,15658832.95,316619880.72,0.0,0.0,165282556841.73,9347396752.85,201090571152.84,559249658958.35,0,NORMAL
pertanian,174586.54,22912.9,8201.68,1629.96,32744.54,33470.16,5852120.48,1463030.12,0.0,2270842.6,39630042.94,0.0,0.0,118743987211.05,0.0,17086569218.08,65357042413.11,0,NORMAL
konstruksi,302695.82,118016.55,48717.11,0.0,166733.66,173588.92,28208679.56,7052169.89,2333076.62,11675762.57,233034620.31,0.0,0.0,625382935582.18,3641311860.23,119722980602.66,389062120273.12,0,NORMAL
perhotelan,114765.77,1790.58,4655.51,716.23,4462.1,6925.04,3922976.78,994481.16,1244716.92,1056970.08,20390129.15,0.0,0.0,79014916423.96,1718387846.39,9089487924.12,35632274536.79,1,SCOPE_MATH_DISCREPANCY
konstruksi,205703.83,80395.55,31203.49,12640.93,124239.97,130731.38,19409551.66,4852387.91,1605320.48,8033744.24,150987222.12,0.0,0.0,347436007883.31,1909985624.01,76197721424.02,195778655539.75,0,NORMAL
konstruksi,348059.25,66090.4,26093.06,10341.48,102524.94,96415.4,15971941.52,3992985.38,1321003.46,6610894.23,124245996.19,0.0,0.0,353372900009.0,1598842177.3,54426143371.42,223035849998.49,0,NORMAL
konstruksi,199093.98,54780.92,21269.41,8464.24,84514.57,84587.49,13237833.35,3309458.34,1094871.51,5479228.44,102977323.73,0.0,0.0,261923696320.47,1370106322.45,55405762842.19,161448521809.12,0,NORMAL
manufaktur,473761.6,70130.57,50134.23,0.0,120264.8,114510.08,7802343.69,1950585.92,8296898.74,12110409.87,244871156.15,0.0,0.0,188520947302.45,13055756483.9,94301191845.72,333532406242.94,0,NORMAL
pertambangan,617831.82,522082.27,105467.57,0.0,627549.84,650093.71,92275609.86,23068902.46,32708180.27,20460801.85,511951746.33,0.0,197105.72,2155079020309.62,43032388340.55,233474991889.64,763309576755.2,0,NORMAL
perbankan,42582.77,220.37,1673.93,334.74,2229.04,2099.64,60196.03,15049.01,0.0,16488.23,8056928.04,0.0,0.0,1466969601.73,0.0,137778893.03,12868634187.35,0,NORMAL
konstruksi,268328.18,75957.48,31327.33,0.0,107284.81,105570.77,18290772.72,4572693.18,1512788.79,7570674.1,151101836.13,0.0,0.0,427111877372.72,2294290334.02,60884575439.64,239218315736.36,0,NORMAL
perhotelan,63698.11,1752.63,3916.38,0.0,5669.01,5329.63,224158.1,56039.53,0.0,521890.59,18920872.23,0.0,0.0,4133553368.95,0.0,6030627899.27,32539179574.61,0,NORMAL
pertanian,370596.9,70274.52,25504.03,0.0,95778.55,92466.17,17686017.69,4421504.42,0.0,6862839.29,124033864.35,0.0,0.0,329986048739.81,0.0,60915839425.23,165734003270.64,0,NORMAL
pertanian,43012.21,6281.55,2227.46,452.14,8961.15,8481.36,1603302.0,400825.5,0.0,622141.41,10857419.54,0.0,0.0,33614968985.52,0.0,5673310164.85,19628405710.45,0,NORMAL
pertanian,393639.39,58833.41,21851.77,0.0,80685.18,78902.13,15066074.47,3766518.62,0.0,5846202.9,105659932.62,0.0,0.0,281093982903.1,0.0,61074911988.88,127637380678.32,0,NORMAL
pertanian,227159.81,42472.0,15005.44,2967.38,60444.82,61326.47,10684123.31,2671030.83,0.0,4145841.22,72351939.24,0.0,0.0,212630704259.26,0.0,44836230308.2,108184838398.75,0,NORMAL
pertambangan,558751.79,513228.37,96994.05,32623.71,642846.13,617472.95,92234535.7,23058633.92,32693621.05,20451694.24,468453096.04,0.0,197017.99,1536273944892.73,34149026132.6,268904524927.64,587479074917.25,0,NORMAL
perbankan,203701.75,468.67,11169.27,0.0,11637.94,15553.57,5422735.19,735874.36,5898238.0,1700685.22,18675347.73,0.0,0.0,120832605366.78,7146935303.05,19372903794.71,31424948274.78,1,SCOPE1_UNDERREPORTING_FRAUD
perhotelan,79895.48,1218.9,2738.92,0.0,3957.82,4121.71,157313.0,39328.25,0.0,366260.12,13278570.15,0.0,0.0,3856281227.86,0.0,4139253683.81,19861564953.39,0,NORMAL
konstruksi,158995.82,4078.76,2039.38,0.0,6118.15,70112.51,3292134.09,1144954.62,4681220.4,456962.43,16029134.2,0.0,0.0,74139923097.88,5976653628.06,4621857834.54,27307670136.41,1,SECTOR_INTENSITY_ANOMALY
pertambangan,781386.34,603037.63,125205.78,0.0,728243.41,706464.75,109175918.8,27293979.7,38698694.48,24208204.58,605715880.65,0.0,233205.7,2630025116546.21,61848021380.34,273164697611.85,1135650690287.0,0,NORMAL
konstruksi,264897.44,75110.3,30082.44,0.0,105192.74,104894.5,17809233.43,4452308.36,1472961.75,7371361.73,147123793.59,0.0,0.0,415170410394.12,1704175129.55,60788135224.92,236204040822.15,0,NORMAL
perhotelan,72666.42,944.5,2435.31,373.28,3753.09,3905.52,120463.58,30115.9,0.0,280466.38,11877593.09,0.0,0.0,1971847447.02,0.0,3631544039.15,20056648484.66,0,NORMAL
pertambangan,181887.49,193455.21,36272.85,0.0,97448.89,231606.38,2306096.78,701197.69,5827882.92,1686472.12,23601770.44,0.0,36377.5,48908810467.88,7954987258.89,15659509294.92,32318840822.28,1,SCOPE_MATH_DISCREPANCY
pertanian,214573.36,32100.71,11918.49,0.0,44019.2,43650.65,8210130.95,2052532.74,0.0,3185839.25,57578494.29,0.0,0.0,155666125953.58,0.0,24735968060.6,87253845806.99,0,NORMAL
pertambangan,600895.26,577595.44,116802.52,0.0,694397.96,657859.98,101867083.74,25466770.94,36107991.53,22587574.53,565165936.03,0.0,217593.63,2383817078736.88,52106413993.49,176511221378.66,858852594629.95,0,NORMAL
pertanian,390210.17,62332.27,22690.54,0.0,85022.81,86780.31,15722907.05,3930726.76,0.0,6101078.61,110266367.21,0.0,0.0,318917126220.1,0.0,73217329115.87,163797905834.46,0,NORMAL
perbankan,24681.32,30.27,221.5,44.66,296.43,282.58,8115.42,2028.86,0.0,2222.89,1086207.75,0.0,0.0,187922264.81,0.0,18937567.31,1760329261.87,0,NORMAL
perbankan,72821.79,293.38,2172.82,441.15,2907.35,2799.47,79027.3,19756.83,0.0,21646.28,10577396.77,0.0,0.0,1316531659.88,0.0,181080037.28,18181908022.45,0,NORMAL
pertambangan,395547.03,299767.99,62180.09,0.0,361948.08,344939.56,53870429.98,13467607.5,19095010.46,11945000.36,298877035.3,0.0,115070.17,1326551945756.84,28316207797.82,112480428766.75,434274741591.88,0,NORMAL
pertambangan,716267.25,651423.39,133803.42,0.0,785226.81,812842.43,115957407.96,28989351.99,41102473.44,25711903.18,643340072.2,0.0,247691.33,2738716027427.77,57972720270.02,221141332259.71,1105001497215.63,0,NORMAL
manufaktur,59669.67,11110.85,8209.13,1011.74,20331.72,19497.09,1256314.2,314078.55,1335946.24,1949988.43,39599237.94,0.0,0.0,21890800734.13,1277917967.63,17007197479.84,72538092740.39,0,NORMAL
pertambangan,257344.62,283729.98,53346.04,17630.59,354706.61,374516.76,50037345.92,12509336.48,17736328.52,11095068.58,254136364.82,0.0,106882.49,1158506731111.91,19320197005.75,110108414850.18,471980569421.03,0,NORMAL
manufaktur,357516.71,52954.16,38469.06,0.0,91423.22,92185.55,5857128.42,1464282.1,6228385.13,9091143.47,183821921.34,0.0,0.0,139727390595.79,7248465774.9,68654469782.99,303409608059.1,0,NORMAL
manufaktur,342143.09,41983.15,30474.19,0.0,72457.34,73943.08,4720562.27,1180140.57,5019777.23,7327022.02,148151579.62,0.0,0.0,108208123061.26,5771878918.15,76637989966.66,183191555123.99,0,NORMAL
perbankan,14537.8,61.49,261.99,0.0,323.48,312.72,16410.54,4102.64,0.0,4494.99,1248517.91,0.0,0.0,269754731.1,0.0,35372784.92,1836765364.66,0,NORMAL
perhotelan,10624.21,232.23,603.63,91.01,926.87,977.83,29178.4,7294.6,0.0,67933.89,2876962.06,0.0,0.0,705255987.56,0.0,689659424.36,5079354468.03,0,NORMAL
pertambangan,175067.85,186295.92,38484.69,0.0,224780.61,228165.07,33492433.11,8373108.28,11871788.67,7426469.88,185818437.26,0.0,71541.66,731774292809.45,16630910436.72,92523530125.77,265209083676.06,0,NORMAL
manufaktur,125195.09,14372.22,10662.87,1306.9,26341.99,27869.25,1626116.71,406529.18,1729188.85,2523977.5,51255476.3,0.0,0.0,34856882962.43,2451642551.88,28085670421.71,86549835476.46,0,NORMAL
perhotelan,90855.1,1076.13,2819.03,433.01,4328.17,4462.37,137683.24,34420.81,0.0,320557.62,13575434.42,0.0,0.0,3165119904.82,0.0,3963374138.52,21345112930.81,0,NORMAL
pertanian,85502.87,11511.53,796.91,822.25,13130.69,15803.79,5877693.87,935170.22,7671981.14,1314898.65,29550146.3,0.0,0.0,116262217034.33,7809664119.4,12561832360.0,44233301752.48,1,SCOPE2_ELECTRICITY_MISMATCH
pertambangan,236473.9,292452.26,17003.09,0.0,309455.34,358206.19,3798130.12,471083.64,4557189.26,1444357.35,21832797.61,0.0,47294.78,80657561646.45,5043406616.69,13161088956.82,37010674141.1,1,SCOPE2_ELECTRICITY_MISMATCH
perhotelan,52143.91,528.89,1196.43,0.0,1725.32,1644.16,67973.15,16993.29,0.0,158256.82,5737518.91,0.0,0.0,1150051543.64,0.0,2122914937.38,9156342096.36,0,NORMAL
pertanian,231092.4,38376.26,14443.9,0.0,52820.16,53859.64,9838822.12,2459705.53,0.0,3817832.61,69000673.28,0.0,0.0,244931345517.29,0.0,30367584153.04,125395232335.21,0,NORMAL
perbankan,25476.89,70.43,530.61,105.41,706.45,701.76,19118.05,4779.51,0.0,5236.6,2558852.69,0.0,0.0,424064491.34,0.0,43255458.38,4487968965.71,0,NORMAL
pertambangan,286086.31,283132.07,53087.26,0.0,336219.34,364409.4,4073983.65,523746.69,2537120.77,1834737.14,26676329.11,0.0,57217.26,2115175187.98,2920321435.96,20446065119.02,39986983386.4,1,FUEL_PRICE_INVOICE_FRAUD
perhotelan,49268.2,1031.53,2688.56,416.9,4136.99,4215.65,132084.88,33021.22,0.0,307523.37,13023441.47,0.0,0.0,2912712196.2,0.0,2402843870.47,21360440652.57,0,NORMAL
perbankan,73126.58,677.72,2909.85,0.0,3587.57,3639.9,182565.36,45641.34,0.0,50006.27,13889613.68,0.0,0.0,3388461893.89,0.0,474743704.06,24404221285.5,0,NORMAL
perhotelan,139551.6,2263.76,1965.05,0.0,4228.81,8648.71,3918734.89,348270.87,6984889.07,1987164.79,10035830.36,0.0,0.0,75355234013.76,8591015842.11,19270227820.37,14552257569.5,1,SCOPE2_ELECTRICITY_MISMATCH
perhotelan,263024.74,3903.16,10148.22,0.0,9733.66,15315.61,3365591.39,1015865.29,4872712.38,939340.03,15608078.61,0.0,0.0,65178949430.11,5095407423.58,8575191705.43,23059521520.48,1,SCOPE_MATH_DISCREPANCY
manufaktur,183298.31,31648.63,22355.13,0.0,54003.76,50988.35,3485193.04,871298.26,3706103.57,5409543.33,109380371.33,0.0,0.0,66611543305.42,4000287019.9,63342985547.69,177718683278.5,0,NORMAL
perhotelan,77322.91,1508.33,3397.88,0.0,4906.21,4733.15,193473.48,48368.37,0.0,450449.88,16330826.3,0.0,0.0,3597333279.09,0.0,4920211107.27,30746552203.9,0,NORMAL
pertanian,389386.07,9980.09,13821.96,0.0,23802.05,57978.49,3419369.73,974736.16,7350550.78,1018020.8,16330736.62,0.0,0.0,76978470309.1,8462185418.59,11288571955.67,22727571050.67,1,SCOPE1_UNDERREPORTING_FRAUD
pertambangan,651126.65,930952.64,193142.93,0.0,1124095.57,1092884.17,165918462.83,41479615.71,58811759.7,36790055.31,920527612.08,0.0,354410.87,3382039160407.16,81407837611.22,315140737606.15,1270155726168.33,0,NORMAL
perbankan,56536.82,193.59,1424.16,292.23,1909.98,1936.33,52099.64,13024.91,0.0,14270.55,6973267.87,0.0,0.0,888787758.53,0.0,122926380.39,11620221564.33,0,NORMAL
pertanian,60714.53,8542.14,3109.75,0.0,11651.89,11979.79,2168954.56,542238.64,0.0,841635.85,15211101.82,0.0,0.0,41759866837.44,0.0,6373488767.6,21480031231.63,0,NORMAL
konstruksi,336372.59,143129.99,58900.76,0.0,202030.75,194404.74,33991709.03,8497927.26,2811378.02,14069397.45,280808784.08,0.0,0.0,656323591140.05,3921585476.87,142875252107.22,465926882750.45,0,NORMAL
pertambangan,214184.74,261597.75,53502.98,0.0,315100.73,307076.4,46533856.56,11633464.14,16494475.32,10318219.73,258173196.22,0.0,99398.85,853256472876.99,21381773254.26,82029230371.26,485755540828.79,0,NORMAL
konstruksi,229921.61,69399.79,28757.77,0.0,98157.56,97451.75,16578214.91,4144553.73,1371146.97,6861834.87,136954231.0,0.0,0.0,327184562335.13,1748213712.92,64177652630.26,184240447355.45,0,NORMAL
pertanian,295953.32,48856.15,18299.19,0.0,67155.34,67685.38,12579005.5,3144751.37,0.0,4881126.7,88217861.66,0.0,0.0,289261904619.01,0.0,47630691191.47,142140775567.11,0,NORMAL
pertanian,277949.48,17813.96,6611.42,0.0,24425.38,24351.89,4569896.04,1142474.01,0.0,1773291.35,32049151.82,0.0,0.0,83665779528.89,0.0,14935345685.23,39352903598.52,0,NORMAL
konstruksi,172647.36,47362.56,19450.77,0.0,66813.33,69988.47,11300466.48,2825116.62,934636.24,4677339.23,93354242.65,0.0,0.0,249553797774.6,858065683.48,44725725374.8,117422420604.84,0,NORMAL
pertambangan,613088.99,650213.89,119942.29,40923.19,811079.37,811200.18,115058375.72,28764593.93,40783800.84,25512555.59,584373867.38,0.0,245770.95,2134495907161.37,46946365839.65,314236532858.48,1046816006888.53,0,NORMAL
pertambangan,586755.46,673309.61,127676.79,42533.42,843519.82,820053.92,120166565.89,30041641.47,42594459.21,26645223.99,610318026.81,0.0,256682.32,2902420651467.34,43288756400.83,264429005515.22,736614618852.64,0,NORMAL
pertambangan,141794.0,152524.28,31321.3,0.0,183845.58,177991.78,26900557.53,6725139.38,9535220.48,5964815.38,149246235.56,0.0,57461.05,534056065087.68,10597998639.22,58422301199.83,240563565732.33,0,NORMAL
pertanian,171335.3,35962.66,12843.81,0.0,48806.46,53656.06,5912591.75,765534.01,3942999.27,1622832.33,5512643.67,0.0,0.0,4013241048.87,4161375652.94,16669810364.8,7919197225.06,1,FUEL_PRICE_INVOICE_FRAUD
perbankan,53741.18,254.84,1873.88,376.49,2505.21,2385.82,68395.6,17098.9,0.0,18734.16,9154398.85,0.0,0.0,1157782532.28,0.0,186497847.23,14620704856.7,0,NORMAL
konstruksi,67579.1,12812.11,5243.02,0.0,18055.13,18429.04,3099085.69,774771.42,256318.43,1282732.45,25601845.54,0.0,0.0,60828428769.36,329195327.24,17005261232.4,43066381823.61,0,NORMAL
perhotelan,335933.39,8096.88,21051.9,0.0,14972.35,32220.49,5785567.2,754469.2,1180413.04,1935745.19,23434388.36,0.0,0.0,114297539484.26,1250948784.89,22256118079.48,39604538579.67,1,SCOPE_MATH_DISCREPANCY
manufaktur,273562.65,48913.31,35573.32,0.0,84486.63,92718.99,3584756.76,1077480.85,7018276.59,1457635.21,19488554.58,0.0,0.0,3479137392.78,9504188777.01,16060553884.38,33788500730.36,1,FUEL_PRICE_INVOICE_FRAUD
perbankan,59168.59,674.93,2867.09,0.0,3542.02,3523.1,181371.08,45342.77,0.0,49679.15,13798752.88,0.0,0.0,4012636740.26,0.0,624165123.1,17573897480.82,0,NORMAL
pertambangan,477849.63,430169.25,88722.4,0.0,518891.65,543086.3,76518558.14,19129639.53,27122907.1,16966900.12,424530485.65,0.0,163447.8,1644608361105.45,28739891291.41,180083447348.96,799496210938.66,0,NORMAL
konstruksi,276168.11,14100.74,6467.09,0.0,20567.82,105440.64,5362261.46,748647.21,4885001.74,935534.49,11330490.46,0.0,0.0,109573355041.07,6110467502.3,8628896615.69,19240007425.16,1,EXTREME_YOY_COLLAPSE
pertambangan,529151.24,650679.19,133879.24,0.0,784558.43,752612.87,114906781.39,28726695.35,40730066.44,25478941.71,637511120.14,0.0,245447.14,2392554015780.16,44466220587.34,293887070299.44,798045875745.97,0,NORMAL
konstruksi,72165.66,24790.91,9768.15,3856.3,38415.36,38343.38,5989659.54,1497414.88,495391.31,2479160.45,46593660.2,0.0,0.0,141594416592.76,459185008.08,29329619348.97,80093583848.01,0,NORMAL
konstruksi,148818.75,39375.64,15292.18,6161.55,60829.37,61319.89,9490611.45,2372652.86,784947.19,3928228.04,73827622.79,0.0,0.0,215744493146.56,1009508751.35,51522658943.14,108108557450.45,0,NORMAL
pertanian,163249.56,26927.97,9553.15,1911.94,38393.06,39804.57,6880331.18,1720082.79,0.0,2669826.98,46592994.96,0.0,0.0,145401390191.73,0.0,30453496663.2,79036560180.92,0,NORMAL
perhotelan,91489.29,2211.86,4879.42,0.0,7091.28,6941.79,279978.25,69994.56,0.0,651852.48,23632573.05,0.0,0.0,6194531729.94,0.0,4927043176.96,42703563487.13,0,NORMAL
pertambangan,268434.02,299610.67,56824.65,18448.44,374883.76,385412.57,53425611.55,13356402.89,18937339.31,11846368.21,271345141.5,0.0,114120.01,1225844754080.94,18340596382.75,90734993719.05,390253736430.12,0,NORMAL
pertanian,75113.24,8477.06,3142.69,0.0,11619.75,12253.86,2132864.04,533216.01,0.0,827631.37,14957995.28,0.0,0.0,48821000308.48,0.0,6679674480.0,24094468252.8,0,NORMAL
manufaktur,294449.04,29456.36,21502.69,0.0,50959.05,51249.29,3331051.53,832762.88,3542191.73,5170292.54,104542746.71,0.0,0.0,61872378391.21,3142909563.28,48227083962.17,140041800882.29,0,NORMAL
perbankan,73957.33,350.89,2686.64,535.89,3573.42,3713.8,95696.33,23924.08,0.0,26212.07,12808460.79,0.0,0.0,1687822679.95,0.0,324355666.57,16593118283.37,0,NORMAL
manufaktur,275374.14,8760.38,22452.58,2806.57,34019.53,56414.46,5545067.18,554952.56,5148312.57,243813.18,9736138.04,0.0,0.0,120364591279.83,6556237171.11,2469278893.62,13374429589.72,1,SCOPE1_UNDERREPORTING_FRAUD
manufaktur,75280.26,12911.3,9429.46,1179.43,23520.19,23495.02,1458578.62,364644.65,1551031.28,2263933.2,45974646.97,0.0,0.0,27080691001.26,2109984337.71,30069217177.51,58060441188.33,0,NORMAL
pertanian,71933.98,13709.07,5070.78,0.0,18779.85,18178.17,3544284.09,886071.02,0.0,1375315.38,24856429.53,0.0,0.0,81074419989.78,0.0,16176637425.89,40179888509.41,0,NORMAL
konstruksi,115534.46,31510.36,12953.18,0.0,44463.54,44212.16,7625207.63,1906301.91,630663.82,3156124.83,62992575.08,0.0,0.0,126109418304.3,832861841.36,38980801601.03,88942277730.62,0,NORMAL
pertanian,253689.09,19892.18,7132.08,1409.4,28433.66,28406.93,5026879.63,1256719.91,0.0,1950618.14,34041584.77,0.0,0.0,95872549742.32,0.0,15496548613.26,60407173490.69,0,NORMAL
konstruksi,65337.68,12643.83,5229.57,0.0,17873.4,18934.11,3036828.64,759207.16,251169.29,1256963.84,25087534.08,0.0,0.0,68602504411.46,389728473.85,9814761236.43,47023443318.72,0,NORMAL
pertanian,112880.21,4503.62,1654.62,0.0,6158.24,28160.72,5669491.63,1053985.27,6838434.24,1157401.45,13255665.56,0.0,0.0,120156956103.06,7734594890.78,13161670981.49,18772121861.38,1,EXTREME_YOY_COLLAPSE
perbankan,127430.24,931.45,1943.49,0.0,2874.94,9290.08,5545282.63,1092981.06,4844931.39,923014.5,28923589.5,0.0,0.0,119598019380.45,6116597409.54,9121950483.96,48893683376.46,1,SCOPE2_ELECTRICITY_MISMATCH
pertanian,212565.89,32277.86,11336.28,2308.52,45922.66,44376.57,8133247.19,2033311.8,0.0,3156005.46,55077631.5,0.0,0.0,153893513648.92,0.0,37091475804.5,78485113236.28,0,NORMAL
konstruksi,85473.87,26508.82,10094.95,4148.28,40752.05,39931.06,6355614.39,1588903.6,525658.61,2630631.63,49440429.06,0.0,0.0,130007997415.41,533387175.65,27228391948.55,73864691374.07,0,NORMAL
konstruksi,341908.87,11122.36,5561.18,0.0,16683.54,163006.04,4010582.13,573404.38,7298652.9,1363024.47,29650033.82,0.0,0.0,87318321482.62,7698098662.37,12978085152.96,44173998382.24,1,SECTOR_INTENSITY_ANOMALY
manufaktur,282419.98,67799.72,48439.2,0.0,116238.92,120826.59,7518463.75,1879615.94,7995024.95,11669785.55,235961780.76,0.0,0.0,121794456788.53,11527930641.94,107625590691.68,412733687601.45,0,NORMAL
konstruksi,112661.39,17704.04,6821.28,2716.38,27241.7,28283.79,4268105.16,1067026.29,353005.4,1766597.49,33201660.34,0.0,0.0,106325371979.94,345343791.03,13340848861.37,56948222469.85,0,NORMAL
pertanian,71442.25,10477.8,3801.24,0.0,14279.04,13963.94,2639881.66,659970.41,0.0,1024373.26,18513762.09,0.0,0.0,44764632331.64,0.0,10372177329.93,30237902085.52,0,NORMAL
perhotelan,111841.72,2552.18,6489.64,1000.62,10042.44,9941.5,320922.28,80230.57,0.0,747179.41,31642626.92,0.0,0.0,6741949271.32,0.0,8839108353.57,56701956800.66,0,NORMAL
pertanian,124756.21,12755.93,4531.14,919.02,18206.09,18764.65,3260076.08,815019.02,0.0,1265031.99,22076947.24,0.0,0.0,81222359579.05,0.0,13104525920.89,29738606131.87,0,NORMAL
perhotelan,111005.99,1383.22,3090.83,0.0,4474.05,4588.44,176780.55,44195.14,0.0,411584.98,14921799.53,0.0,0.0,2836031930.89,0.0,4020727298.4,23823284024.4,0,NORMAL
manufaktur,292961.95,58808.94,41788.23,0.0,100597.17,96930.86,6468123.85,1617030.96,6878108.78,10039500.19,202997590.01,0.0,0.0,150202335411.36,8006471369.25,124240283137.44,297881548085.51,0,NORMAL
pertanian,324807.12,69009.04,25085.1,0.0,94094.14,91690.76,17499500.07,4374875.02,0.0,6790463.45,122725797.08,0.0,0.0,293844971198.09,0.0,78647516323.41,160965493139.15,0,NORMAL
pertambangan,546738.65,555613.63,116178.7,0.0,671792.33,675802.4,100441585.43,25110396.36,35602706.81,22271490.59,557257168.44,0.0,214548.69,2027807394397.13,36031475288.59,288736089181.47,670707380947.71,0,NORMAL
perhotelan,112257.79,4485.22,9987.68,0.0,14472.9,13777.46,571592.99,142898.25,0.0,1330797.32,48247365.1,0.0,0.0,11448969713.56,0.0,17714534850.23,87199973386.15,0,NORMAL
perhotelan,48789.64,667.64,1746.74,261.67,2676.05,2750.1,84541.68,21135.42,0.0,196832.09,8335728.24,0.0,0.0,1997386579.35,0.0,2229255940.4,13076035633.02,0,NORMAL
perhotelan,113751.25,2632.94,5929.95,0.0,8562.89,8985.41,336360.05,84090.01,0.0,783122.01,28391681.4,0.0,0.0,7202202320.94,0.0,7110309812.48,45572364134.05,0,NORMAL
pertambangan,533721.57,488731.78,93364.83,31287.87,613384.48,627489.42,88262321.5,22065580.38,31285622.79,19570912.33,448278483.3,0.0,188533.12,2118858750436.54,28557473976.23,238014657861.55,603943442729.49,0,NORMAL
pertanian,103505.08,12096.62,4285.32,871.78,17253.72,16858.92,3102148.68,775537.17,0.0,1203750.23,21007476.8,0.0,0.0,53479032009.57,0.0,13983385919.15,28829903190.69,0,NORMAL
perbankan,61191.01,61.35,456.99,92.03,610.37,574.84,16564.45,4141.11,0.0,4537.15,2217065.65,0.0,0.0,306981399.49,0.0,45249976.96,3324559459.15,0,NORMAL
konstruksi,73320.8,20248.55,8222.35,0.0,28470.9,29009.09,4771214.58,1192803.65,394616.46,1974837.87,39415463.48,0.0,0.0,89776629411.95,602545515.03,26355775358.37,52744990334.23,0,NORMAL
manufaktur,371806.64,63684.33,45116.17,5681.89,114482.39,111846.58,7013153.89,1753288.47,7457685.8,10885468.72,221055807.45,0.0,0.0,151084675204.98,7625258682.02,106010713367.38,287337575506.77,0,NORMAL
perbankan,114853.34,86.58,1071.77,0.0,1158.35,5638.25,5768768.78,748705.86,6289831.16,219244.51,6333229.58,0.0,0.0,121724916761.76,7618598291.11,2096535170.78,9208481684.76,1,EXTREME_YOY_COLLAPSE
pertambangan,246673.53,207003.9,38887.7,13219.39,259110.99,250207.94,37285077.67,9321269.42,13216136.35,8267434.78,189368439.27,0.0,79642.96,802183753673.65,13471891921.61,68134385930.95,244752689562.17,0,NORMAL
konstruksi,196693.31,62223.58,25895.01,0.0,88118.59,92256.86,14982117.99,3745529.5,1239137.38,6201199.6,123768720.56,0.0,0.0,325050608536.11,1285292548.1,48268298246.77,183571331891.06,0,NORMAL
pertanian,42315.85,4130.75,1474.75,291.95,5897.45,6034.54,1041676.27,260419.07,0.0,404209.53,7054139.66,0.0,0.0,18652537159.4,0.0,3301026767.09,11370283150.39,0,NORMAL
pertambangan,449778.25,518007.27,97138.54,32419.92,647565.73,667011.15,93767981.97,23441995.49,33237169.2,20791714.1,476241368.08,0.0,200293.51,2283928814797.42,51607707509.19,190625913927.05,718626531872.22,0,NORMAL
manufaktur,90405.43,10743.37,7745.47,978.57,19467.41,20612.26,1195059.29,298764.82,1270808.66,1854911.61,37668472.89,0.0,0.0,24295802203.0,1938930182.08,16039351022.02,66250035354.16,0,NORMAL
perbankan,39430.85,312.8,1306.62,0.0,1619.42,1534.43,83997.38,20999.34,0.0,23007.63,6390539.33,0.0,0.0,1705041822.74,0.0,264262847.2,8754063135.24,0,NORMAL
pertanian,54972.97,5773.64,2062.02,0.0,7835.66,7994.1,3723160.16,743592.0,6887043.67,1289160.49,25128691.39,0.0,0.0,3624176997.04,7915225935.53,14044335420.14,38135753264.23,1,FUEL_PRICE_INVOICE_FRAUD
manufaktur,364692.5,64974.35,46769.87,0.0,111744.22,116442.81,7303085.58,1825771.39,7765994.94,11335486.26,229202285.97,0.0,0.0,166074943200.7,9672895631.35,134632873473.65,406266878015.46,0,NORMAL
perbankan,6445.43,17.79,136.12,26.94,180.85,176.14,4868.95,1217.24,0.0,1333.65,651683.4,0.0,0.0,106706809.28,0.0,11316838.17,1232250070.43,0,NORMAL
manufaktur,461271.34,107771.14,78351.58,0.0,186122.72,179264.28,12163873.63,3040968.41,12934886.22,18880159.76,381754754.51,0.0,0.0,259763480218.69,11768646542.67,175385214201.1,648850693477.43,0,NORMAL
konstruksi,216366.31,51423.74,20509.18,0.0,71932.92,68849.86,12171544.45,3042886.11,1006681.14,5037884.27,100550301.65,0.0,0.0,258387106145.79,1575935714.35,43083629532.35,141445640363.86,0,NORMAL
pertanian,149045.53,30565.63,11062.7,2221.35,43849.68,44932.81,7870966.15,1967741.54,0.0,3054230.56,53301487.46,0.0,0.0,189843922601.38,0.0,22929452956.41,82449878918.67,0,NORMAL
pertambangan,118203.42,98972.77,4907.39,0.0,103880.16,126456.74,4121407.81,370854.4,6028322.6,1895018.3,28853000.67,0.0,23640.68,92672339009.35,6106617200.02,21747333972.71,47444972715.86,1,SCOPE2_ELECTRICITY_MISMATCH
pertanian,295470.3,18944.35,6936.58,0.0,25880.93,26899.9,4786937.92,1196734.48,0.0,1857511.75,33571288.88,0.0,0.0,90338082209.27,0.0,15129188453.69,53886526493.04,0,NORMAL
perhotelan,79121.26,1466.44,3883.33,601.36,5951.13,6001.96,189610.52,47402.63,0.0,441456.04,18695414.4,0.0,0.0,3061692965.19,0.0,5554441876.17,31252638540.14,0,NORMAL
pertambangan,503888.21,467000.79,94504.15,0.0,561504.94,538417.52,83295306.33,20823826.58,29525005.57,18469547.48,462128373.94,0.0,177923.31,1646581456989.53,43959731048.78,232936588694.12,766345284846.08,0,NORMAL
perbankan,153636.45,250.38,1877.87,0.0,2128.25,2534.31,4870019.88,457915.41,2952479.93,838478.13,23380606.48,0.0,0.0,5648810435.79,3820962308.59,9051204274.37,32104062478.65,1,FUEL_PRICE_INVOICE_FRAUD
pertanian,160186.78,17669.43,6310.51,0.0,14165.79,24261.93,3648361.74,790105.28,7023459.31,205263.07,11947542.28,0.0,0.0,78798297997.05,8036809298.71,2155097177.49,19320806987.93,1,SCOPE_MATH_DISCREPANCY
pertambangan,399467.75,422754.74,79106.04,25882.67,527743.45,525615.61,74335672.27,18583918.07,26349157.41,16482876.27,377545954.52,0.0,158785.04,1313469830738.52,25965635552.15,145709645324.73,585245615703.96,0,NORMAL
manufaktur,343396.16,33331.17,24349.2,0.0,57680.37,54803.27,3771213.47,942803.37,4010253.53,5853490.01,118356924.47,0.0,0.0,78447522674.71,4922327467.54,52621212328.48,172174951325.93,0,NORMAL
pertanian,234262.25,35381.84,12818.1,2568.02,50767.96,50561.86,9041426.25,2260356.56,0.0,3508413.05,61227739.87,0.0,0.0,204356062310.73,0.0,36661628999.69,80500232965.1,0,NORMAL
pertanian,228516.02,32000.41,11778.38,0.0,43778.79,42935.88,8176491.47,2044122.87,0.0,3172785.86,57342577.13,0.0,0.0,155675808576.12,0.0,30360755221.74,75242337886.09,0,NORMAL
perhotelan,29113.43,941.08,2445.23,379.72,3766.03,3765.96,120800.16,30200.04,0.0,281250.0,11910778.82,0.0,0.0,2353898979.54,0.0,2817969571.5,15833868531.99,0,NORMAL
pertambangan,106849.16,122993.18,23100.47,7692.94,153786.59,155440.83,22136065.94,5534016.48,7846390.14,4908357.25,112427612.32,0.0,47283.84,399481101361.45,7067716822.63,64908906937.15,194429705593.44,0,NORMAL
manufaktur,167499.88,33420.73,24664.45,3074.62,61159.8,64194.17,3745276.7,936319.18,3982672.75,5813232.25,118051760.84,0.0,0.0,76926282925.81,6208988574.49,68115657901.73,171272128800.32,0,NORMAL
perbankan,77108.08,482.27,3661.74,736.18,4880.19,4892.4,131950.19,32987.55,0.0,36142.33,17660852.74,0.0,0.0,2254348089.17,0.0,419433026.95,26683014635.44,0,NORMAL
perbankan,29742.99,348.4,1483.22,0.0,1831.62,1845.5,95595.81,23898.95,0.0,26184.54,7272950.87,0.0,0.0,1583958674.11,0.0,265783396.78,11767081843.0,0,NORMAL
pertambangan,585061.1,477361.13,96502.23,0.0,573863.36,564607.39,85149936.25,21287484.06,30182401.06,18880785.24,472417994.63,0.0,181884.9,1929762615229.68,27919789145.19,254548711331.34,760171014947.19,0,NORMAL
konstruksi,76198.25,31522.16,12169.6,4822.24,48514.0,46843.87,7576522.13,1894130.53,626637.15,3135973.57,58937890.48,0.0,0.0,135047275083.23,549314393.78,28171705252.16,77466586234.7,0,NORMAL
manufaktur,122153.07,22335.39,16418.45,0.0,38753.84,36593.11,2504386.91,626096.73,2663128.6,3887184.82,78598449.77,0.0,0.0,46360765779.39,3411641327.31,43485941943.66,143511564099.89,0,NORMAL
pertambangan,257263.89,186741.07,6596.22,0.0,193337.29,230424.8,3265511.65,664567.93,6547346.66,588573.28,18496544.41,0.0,51452.78,73977956145.25,6996795769.58,6253426082.29,32140901880.34,1,SCOPE2_ELECTRICITY_MISMATCH
perbankan,182313.36,259.67,129.83,0.0,389.5,1790.52,5802678.6,378028.4,6225436.9,1591230.68,16550494.29,0.0,0.0,126925725146.45,7960296039.71,14077930409.11,22749475793.94,1,SECTOR_INTENSITY_ANOMALY
konstruksi,149775.04,29352.11,11994.34,0.0,41346.45,39755.61,6970904.43,1742726.11,576547.87,2885304.32,57587313.24,0.0,0.0,119084566946.56,731472578.09,30600828016.24,80839791015.94,0,NORMAL
pertambangan,116664.31,130905.11,26819.05,0.0,157724.16,158347.07,23285820.78,5821455.19,8253934.33,5163299.01,129191415.06,0.0,49739.78,504509385939.41,11899237986.08,44360312948.09,166081124824.11,0,NORMAL
perhotelan,13816.38,437.25,985.48,0.0,1422.73,1496.91,55879.73,13969.93,0.0,130100.62,4716730.31,0.0,0.0,1330882355.55,0.0,1668887178.62,8851617219.77,0,NORMAL
konstruksi,327792.85,71070.78,27227.34,10929.89,109228.01,105989.71,16945717.15,4236429.29,1401542.26,7013946.53,131821012.89,0.0,0.0,286176120194.85,2224354877.84,84565415994.96,197032594260.29,0,NORMAL
pertambangan,351596.16,371614.14,70481.43,23332.3,465427.87,464205.69,67132892.09,16783223.02,23796046.86,14885762.39,340963511.18,0.0,143399.51,1364501965762.6,20940838356.33,154205975159.33,573964036615.15,0,NORMAL
konstruksi,263824.4,19519.03,6528.13,0.0,26047.15,122838.08,2809179.83,1168103.25,1055029.06,291598.12,14214963.9,0.0,0.0,60515753720.64,1462029371.77,2858478978.33,20420454603.72,1,EXTREME_YOY_COLLAPSE
perhotelan,79343.12,1998.67,5196.5,805.57,8000.74,7546.31,252778.82,63194.71,0.0,588526.08,24923747.62,0.0,0.0,5173605416.83,0.0,7325646318.53,37822322725.6,0,NORMAL
pertambangan,264968.95,278494.56,51836.6,17143.29,347474.45,331231.79,49582795.37,12395698.84,17575207.7,10994278.47,251827732.68,0.0,105911.55,1095140725350.76,23521528108.4,103841717642.02,340207151673.82,0,NORMAL
pertanian,343310.09,50799.88,18803.64,0.0,69603.52,67911.66,13128490.97,3282122.74,0.0,5094347.71,92071459.92,0.0,0.0,253460229178.95,0.0,53007583823.33,156281006487.37,0,NORMAL
perbankan,60810.69,423.1,1832.2,0.0,2255.3,2330.03,114909.54,28727.39,0.0,31474.74,8742343.83,0.0,0.0,2649975327.44,0.0,331089926.96,10545101642.13,0,NORMAL
pertanian,103249.05,19371.96,6907.75,1375.66,27655.37,28001.8,4883114.96,1220778.74,0.0,1894832.05,33068023.17,0.0,0.0,102283964049.03,0.0,17145266588.0,51705251355.15,0,NORMAL
perhotelan,218708.37,1291.52,14678.01,0.0,15969.53,21998.66,4287923.87,738309.94,5711149.19,371544.21,25140409.82,0.0,0.0,88407178793.41,6033402583.97,3268242486.02,34465266447.3,1,SCOPE1_UNDERREPORTING_FRAUD
perhotelan,224993.03,474.26,573.09,0.0,1047.35,8356.63,5980078.95,735737.28,2247997.53,1877758.39,29979868.52,0.0,0.0,133827534301.19,2954235312.26,20825701342.86,44884105296.86,1,EXTREME_YOY_COLLAPSE
pertambangan,435067.39,536810.53,101243.3,34040.25,672094.08,685174.2,95861232.47,23965308.12,33979146.58,21255862.58,486872848.67,0.0,204764.81,2054818200638.04,30360159060.0,199011133171.56,653732280804.16,0,NORMAL
perbankan,74838.5,220.33,922.53,0.0,1142.86,1134.52,58884.8,14721.2,0.0,16129.07,4479969.2,0.0,0.0,1063481685.01,0.0,214328315.27,6126035810.45,0,NORMAL
pertambangan,447943.16,577283.06,120243.0,0.0,697526.06,668489.58,103514075.02,25878518.75,36691787.05,22952771.38,574303562.53,0.0,221111.7,2033299328752.46,38542921851.32,265177125686.47,834384523471.0,0,NORMAL
manufaktur,432735.58,64003.16,46395.81,5920.36,116319.33,120702.81,7180741.62,1795185.41,7635896.15,11145590.06,226338201.34,0.0,0.0,175547316119.41,12123545418.22,97793525132.51,331884091343.2,0,NORMAL
perbankan,252114.39,56.81,199.53,0.0,256.33,2426.67,5288988.39,433437.25,5634609.56,486203.52,9136132.67,0.0,0.0,121268275106.51,5889576055.03,5216381327.58,13786552544.04,1,EXTREME_YOY_COLLAPSE
pertanian,274810.51,31147.04,11261.16,0.0,42408.2,41004.86,7842803.43,1960700.86,0.0,3043302.37,55002388.54,0.0,0.0,187080042857.98,0.0,27959648933.01,87012521857.49,0,NORMAL
pertanian,227207.96,27843.9,10268.07,0.0,38111.97,36860.84,7147629.98,1786907.49,0.0,2773548.95,50127065.49,0.0,0.0,121123682189.39,0.0,25865284041.42,87831544525.75,0,NORMAL
pertanian,130007.17,17866.73,6622.11,0.0,24488.84,23733.1,4552100.05,1138025.01,0.0,1766385.83,31924346.72,0.0,0.0,102557472410.29,0.0,23488013391.82,42102221671.2,0,NORMAL
pertambangan,174472.1,153879.13,31061.86,0.0,184940.99,185614.23,27195094.05,6798773.51,9639622.43,6030124.66,150880345.42,0.0,58090.2,468199641762.98,10241081540.87,63160784896.87,249979664293.58,0,NORMAL
konstruksi,342484.36,74285.59,29939.05,0.0,104224.64,109004.68,17556013.41,4389003.35,1452018.49,7266552.26,145031918.61,0.0,0.0,415918077229.94,1269375211.87,69310900924.39,261603086392.35,0,NORMAL
konstruksi,235461.08,78966.67,32710.51,0.0,111677.18,106930.19,19006147.64,4751536.91,1571955.84,7866772.59,157011617.26,0.0,0.0,338996704531.61,1838758920.87,87138374844.14,279216587055.25,0,NORMAL
manufaktur,393161.41,40241.75,29245.35,0.0,69487.1,72586.4,4462935.69,1115733.92,4745820.87,6927146.84,140066147.55,0.0,0.0,109911226468.69,5181834094.52,91124010310.64,233793350267.67,0,NORMAL
pertambangan,413325.73,378094.75,78975.65,0.0,457070.4,444877.21,67903908.48,16975977.12,24069342.74,15056724.29,376735787.31,0.0,145046.44,1609565411300.64,27232248490.65,160404961429.83,625274676653.3,0,NORMAL
pertambangan,271927.7,332081.33,61878.14,20717.05,414676.52,390108.8,58935645.21,14733911.3,20890435.85,13068139.68,299330237.39,0.0,125889.75,1384934250115.23,18697155357.26,138842545116.44,535519037539.84,0,NORMAL
manufaktur,138218.06,27084.9,19948.82,2492.95,49526.67,50565.83,3022744.04,755686.01,3214342.02,4691752.98,95277407.82,0.0,0.0,67239796325.27,3420392453.67,42041479292.61,152515880260.34,0,NORMAL
pertanian,215425.63,10081.55,3597.68,706.86,14386.09,14558.94,2540236.25,635059.06,0.0,985707.1,17202255.48,0.0,0.0,62615366323.49,0.0,8902022088.35,24788690258.1,0,NORMAL
pertanian,272961.48,26411.01,9699.45,0.0,36110.46,37914.35,6698178.06,1674544.52,0.0,2599144.73,46975012.93,0.0,0.0,156610092709.14,0.0,30036117509.06,84332709822.48,0,NORMAL
perbankan,11405.75,21.93,92.92,0.0,114.85,111.4,5866.33,1466.58,0.0,1606.84,446311.88,0.0,0.0,101682611.92,0.0,18173558.11,656380336.09,0,NORMAL
konstruksi,100365.26,51078.3,20927.94,0.0,72006.24,75849.46,12381131.21,3095282.8,1024015.59,5124633.65,102281718.11,0.0,0.0,282184716214.15,1337684968.28,44842088459.11,127905646679.7,0,NORMAL
konstruksi,95682.87,22608.94,8777.07,3522.22,34908.23,35216.01,5481784.69,1370446.17,453386.12,2268947.63,42642893.4,0.0,0.0,123757175582.22,649656833.13,22043868964.21,78655884452.92,0,NORMAL
konstruksi,192275.89,51166.75,19679.52,0.0,70846.28,78963.74,4672330.28,1027179.79,5455085.61,1113095.82,14439684.02,0.0,0.0,7693761689.04,5460933032.6,11177860936.12,24810726214.59,1,FUEL_PRICE_INVOICE_FRAUD
pertambangan,181208.97,146686.17,29296.47,0.0,175982.64,180815.43,25792430.22,6448107.55,9142431.66,5719103.94,143098265.22,0.0,55094.03,597339928095.62,11871447385.56,66923325435.05,270878832708.6,0,NORMAL
manufaktur,324405.48,15047.59,32242.97,4030.37,51320.92,83880.29,4738994.78,553455.4,5691535.56,1357096.82,21300593.97,0.0,0.0,90470046128.3,7031874822.87,12150127444.36,32724416754.04,1,SCOPE1_UNDERREPORTING_FRAUD
konstruksi,266821.62,123056.34,47094.96,18499.69,188650.99,199957.34,29080289.23,7270072.31,2405165.5,12036527.69,226216048.99,0.0,0.0,490431083242.7,3602378606.65,161270828832.43,366447454118.9,0,NORMAL
perbankan,9821.39,57.91,444.88,87.59,590.38,591.72,15888.0,3972.0,0.0,4351.86,2126527.04,0.0,0.0,355033446.13,0.0,45996620.58,3812882911.47,0,NORMAL
manufaktur,90032.1,12889.72,9193.96,0.0,22083.68,20787.69,1422726.44,355681.61,1512906.59,2208285.23,44651284.51,0.0,0.0,33472973523.21,1584598539.44,20286384835.32,81472774411.82,0,NORMAL
konstruksi,252720.76,49390.32,19041.38,7637.78,76069.48,72568.62,11756526.31,2939131.58,972355.92,4866105.47,91454211.84,0.0,0.0,277671937662.04,1069434571.45,38467695484.12,142781615288.61,0,NORMAL
perbankan,73099.28,749.42,3247.17,0.0,3996.59,3895.6,204558.33,51139.58,0.0,56030.34,15562844.25,0.0,0.0,3697072405.06,0.0,555093655.42,22697546406.61,0,NORMAL
pertanian,327913.25,35204.42,12410.62,2468.5,50083.54,47333.47,8845100.25,2211275.06,0.0,3432231.19,59898237.56,0.0,0.0,181720536267.46,0.0,39617615222.35,102264029112.71,0,NORMAL
konstruksi,326467.89,91634.05,35530.71,14315.38,141480.14,134406.12,22001401.54,5500350.38,1819686.58,9106528.37,171149265.04,0.0,0.0,418908500136.45,2085271941.21,108269812778.11,205951280212.18,0,NORMAL
perhotelan,329895.12,4124.79,10724.47,0.0,7046.7,16878.43,3856526.96,734147.79,2846179.07,338776.51,26036676.51,0.0,0.0,78663480688.17,3385808971.61,3064892833.42,39449050795.53,1,SCOPE_MATH_DISCREPANCY
perhotelan,66777.62,2453.39,5481.37,0.0,7934.76,8119.36,314726.46,78681.61,0.0,732754.13,26565620.28,0.0,0.0,7532122588.47,0.0,6756058225.71,49169372821.14,0,NORMAL
pertambangan,300163.87,378331.38,71376.86,23615.29,473323.53,498121.82,67385281.98,16846320.5,23885509.45,14941726.25,342245382.74,0.0,143938.63,1171805768005.84,24415418523.15,199139520110.04,636369987852.79,0,NORMAL
manufaktur,445027.24,91929.59,67055.55,0.0,158985.14,157525.34,10306631.68,2576657.92,10959922.16,15997441.16,323466501.49,0.0,0.0,210978709345.21,11321070617.36,137956254015.33,506541328235.92,0,NORMAL
perhotelan,36037.61,1509.8,3359.49,0.0,4869.29,4823.2,193401.83,48350.46,0.0,450283.07,16324778.53,0.0,0.0,4110504442.42,0.0,5606820968.48,20361022798.01,0,NORMAL
perbankan,72868.32,169.74,1261.34,250.61,1681.69,1698.65,45409.23,11352.31,0.0,12437.99,6077790.57,0.0,0.0,955607403.42,0.0,134684034.6,8052438759.47,0,NORMAL
perhotelan,85464.58,2086.63,4742.81,0.0,6829.44,6629.66,269833.91,67458.48,0.0,628234.16,22776303.05,0.0,0.0,5183822519.72,0.0,6618827974.41,38676642132.5,0,NORMAL
manufaktur,375561.15,57219.33,41947.59,5247.52,104414.44,98229.26,6352904.14,1588226.04,6755585.82,9860661.89,200244622.7,0.0,0.0,106372176525.87,9675206158.12,126485837383.29,257797109780.27,0,NORMAL
pertanian,154355.31,11968.09,4539.71,0.0,16507.8,15921.01,3094677.16,773669.29,0.0,1200851.0,21703289.79,0.0,0.0,73844356068.5,0.0,9653640070.89,32774014531.34,0,NORMAL
pertambangan,173961.03,218524.73,44921.85,0.0,263446.58,267458.22,38633908.61,9658477.15,13694245.42,8566518.82,214343714.54,0.0,82524.13,919057575341.68,17072886294.06,75257182394.57,341418613316.57,0,NORMAL
pertambangan,147151.39,118536.89,24729.68,0.0,143266.57,137867.14,21340279.42,5335069.85,7564314.2,4731902.93,118397411.1,0.0,45584.0,472250834804.52,7652401831.22,41321133136.85,197076050648.81,0,NORMAL
pertambangan,477232.42,582793.7,121620.64,0.0,704414.34,670673.23,104449536.53,26112384.13,37023372.44,23160196.65,579493570.58,0.0,223109.89,2587710162620.04,38127790979.72,259673320392.75,765990588977.11,0,NORMAL
pertambangan,590231.03,782852.51,143033.03,48244.27,974129.81,1014167.44,137906553.05,34476638.26,48882607.28,30578813.4,700418246.29,0.0,294575.9,2306644244854.98,59427443683.56,338157389044.84,1094265611662.36,0,NORMAL
perhotelan,40994.06,1625.92,3589.38,0.0,5215.3,5381.57,207238.62,51809.66,0.0,482498.23,17492722.58,0.0,0.0,3987354362.73,0.0,5245791847.3,29017895463.31,0,NORMAL
perbankan,248420.71,61.72,326.23,0.0,387.94,3769.37,4405839.82,728716.35,3719631.04,889618.82,24943627.2,0.0,0.0,100437980282.41,4439982698.47,8992293961.75,36838675803.62,1,EXTREME_YOY_COLLAPSE
pertambangan,641940.36,660704.24,135111.98,0.0,795816.22,795290.62,116754739.99,29188685.0,41385097.2,25888700.2,647763727.84,0.0,249394.48,2863949607501.02,47565016897.55,327961923889.24,876641784425.38,0,NORMAL
manufaktur,263678.74,5709.79,2854.9,0.0,8564.69,90871.2,5462446.02,783574.23,3229987.65,1033918.36,8623900.13,0.0,0.0,105019844966.02,3450744784.93,11775976927.16,13118014741.33,1,SECTOR_INTENSITY_ANOMALY
manufaktur,93984.15,19763.88,14311.99,0.0,34075.87,33889.34,2197764.62,549441.16,2337070.92,3411260.95,68975321.46,0.0,0.0,45913313798.56,2582319457.26,35314105990.7,122830777333.99,0,NORMAL
manufaktur,356369.75,37677.67,27737.15,0.0,65414.82,68163.06,4226249.36,1056562.34,4494132.07,6559774.09,132637910.92,0.0,0.0,71387829691.59,6736868304.08,74248937186.28,159520134645.34,0,NORMAL
perhotelan,67061.65,1700.0,3774.16,0.0,5474.16,5778.3,218563.33,54640.83,0.0,508864.7,18448625.34,0.0,0.0,4094233522.38,0.0,6724167036.01,25096743511.54,0,NORMAL
pertambangan,482100.35,456485.72,84233.18,28653.98,569372.88,546247.13,81056199.51,20264049.88,28731327.7,17973057.44,411679067.15,0.0,173140.45,1408314605608.25,43719508206.7,192393115427.13,541026556977.26,0,NORMAL
pertanian,228534.45,35975.72,12550.74,2541.49,51067.95,50654.88,9064791.36,2266197.84,0.0,3517479.59,61385966.33,0.0,0.0,192701492576.6,0.0,30786507362.27,81367056450.11,0,NORMAL
konstruksi,213720.15,31410.48,12084.23,4801.69,48296.4,50291.33,7469022.13,1867255.53,617746.07,3091478.59,58101646.21,0.0,0.0,175637338867.29,621309164.86,28309738959.88,88612618451.97,0,NORMAL
perbankan,63168.16,241.13,1019.6,0.0,1260.73,1275.32,64944.15,16236.04,0.0,17788.78,4940965.28,0.0,0.0,1196202163.48,0.0,205008135.88,8727448457.57,0,NORMAL
pertanian,333831.02,64988.1,5882.45,0.0,70870.55,96736.04,5277555.16,986825.01,5842074.79,944804.33,12873402.33,0.0,0.0,114239075413.81,7646024026.68,8641893329.23,18263534765.63,1,SCOPE2_ELECTRICITY_MISMATCH
pertanian,263009.18,26247.33,9374.05,0.0,35621.37,37391.48,5999303.05,329734.92,7370419.17,930805.61,6876979.32,0.0,0.0,11183868929.69,9360021466.38,9958937812.97,11553081917.62,1,FUEL_PRICE_INVOICE_FRAUD
konstruksi,231353.37,62895.08,25937.01,0.0,88832.09,84350.81,14958510.28,3739627.57,1237184.84,6191428.21,123573694.92,0.0,0.0,270955905370.23,1133478231.45,47522125751.82,201409362386.8,0,NORMAL
pertambangan,146395.1,133638.02,26851.18,0.0,160489.2,165884.81,23532993.95,5883248.49,8341547.78,5218106.14,130562749.66,0.0,50267.76,413509663368.79,10082905645.42,56483489937.03,192010123347.43,0,NORMAL
perbankan,41809.48,281.19,1188.03,0.0,1469.22,1463.17,75385.95,18846.49,0.0,20648.88,5735380.2,0.0,0.0,1511057768.54,0.0,209747180.64,9563813004.61,0,NORMAL
manufaktur,408638.15,77249.87,56131.23,7016.23,140397.33,140648.5,8714543.77,2178635.94,9266919.04,13526281.48,274683906.82,0.0,0.0,140759738358.23,10444706784.13,132866058764.5,393166189203.91,0,NORMAL
pertambangan,509939.88,577135.08,119735.16,0.0,696870.24,716208.55,103828486.21,25957121.55,36803233.81,23022487.59,576047938.54,0.0,221783.3,2549181742439.98,48081697796.22,212337228855.16,855099078434.11,0,NORMAL
konstruksi,291156.51,106669.61,42703.53,0.0,149373.14,157128.27,25302630.77,6325657.69,2092723.84,10472929.39,209027471.18,0.0,0.0,541811030834.9,2244046677.2,102547628187.75,312480989853.67,0,NORMAL
manufaktur,202232.32,34287.29,24936.21,3117.03,62340.53,61169.92,2399414.05,980625.36,4973323.54,1124310.29,16321498.11,0.0,0.0,2532770970.35,6298670543.92,10236594920.48,22979238640.73,1,FUEL_PRICE_INVOICE_FRAUD
konstruksi,70850.93,14634.6,5628.69,0.0,20263.29,22742.17,4362491.06,960882.38,1754651.89,231278.67,12422426.66,0.0,0.0,7745330628.6,2286665218.06,2443937779.12,21121158738.94,1,FUEL_PRICE_INVOICE_FRAUD
pertambangan,581885.92,585489.48,110891.65,37039.52,733420.65,700489.73,105692165.28,26423041.32,37463836.88,23435731.87,536803505.09,0.0,225764.22,2199098446393.91,50622504956.88,201686712532.14,816739076148.66,0,NORMAL
konstruksi,320297.51,110990.78,44623.45,0.0,155614.23,153025.04,26193989.44,6548497.36,2166446.12,10841868.75,216391071.01,0.0,0.0,624090265608.78,2996565455.4,112747010502.76,390285515931.58,0,NORMAL
pertanian,389196.2,49761.23,17560.17,3567.27,70888.67,68063.82,12643331.62,3160832.91,0.0,4906087.65,85619524.89,0.0,0.0,223970283366.67,0.0,46269953266.61,158598220625.06,0,NORMAL
pertanian,383079.18,2806.75,1050.42,0.0,3857.17,18372.8,3712293.39,690958.31,3362638.27,1858777.59,24775287.14,0.0,0.0,84111200059.88,4572303020.99,16318996490.88,37669674451.68,1,EXTREME_YOY_COLLAPSE
manufaktur,368612.18,75341.27,53463.62,0.0,128804.89,133006.21,8301314.36,2075328.59,8827496.9,12884887.35,260531005.51,0.0,0.0,160512025698.68,8188352276.77,132878808495.37,343029619088.87,0,NORMAL
pertambangan,166416.35,163889.91,30729.36,10243.12,127312.83,210756.39,3692715.31,991585.03,3498036.31,1242708.15,12521062.53,0.0,33283.27,81239318073.96,4431092307.27,11996138783.59,20790297587.16,1,SCOPE_MATH_DISCREPANCY
perbankan,39858.49,511.89,2137.21,0.0,2649.1,2692.99,137609.14,34402.29,0.0,37692.36,10469334.57,0.0,0.0,2794342747.91,0.0,361292913.11,15401768869.35,0,NORMAL
pertambangan,762317.12,892754.91,166195.49,56470.35,1115420.75,1064814.32,160165842.06,40041460.52,56772675.29,35514493.61,813471700.43,0.0,342122.96,3830633146930.06,82840937426.68,469617641716.3,1367222181560.76,0,NORMAL
manufaktur,453188.28,85878.1,62969.76,7773.34,156621.2,157186.31,9587386.29,2396846.57,10195087.08,14881064.24,302196052.09,0.0,0.0,223997985276.67,13909599986.92,148819266707.08,490401678290.31,0,NORMAL
perbankan,39145.89,188.9,816.98,0.0,1005.88,956.12,51628.42,12907.1,0.0,14141.48,3927901.5,0.0,0.0,1271131614.88,0.0,144371648.03,6078529879.68,0,NORMAL
manufaktur,157324.04,19018.58,13831.7,0.0,32850.28,34929.05,3722642.66,947352.97,5523760.21,651205.26,12724809.34,0.0,0.0,3234336351.92,7504280840.71,6384963267.85,19030713976.63,1,FUEL_PRICE_INVOICE_FRAUD
pertambangan,288575.76,229196.2,42974.29,0.0,272170.49,300465.24,3753656.22,1128054.29,5182253.18,299097.57,7059985.08,0.0,57715.15,4251553085.92,6762939247.2,2605964684.4,10334112092.87,1,FUEL_PRICE_INVOICE_FRAUD
perhotelan,12235.02,320.16,725.72,0.0,1045.88,1108.59,41016.39,10254.1,0.0,95495.41,3462136.46,0.0,0.0,726183058.38,0.0,817101277.62,4827530920.12,0,NORMAL
perhotelan,100713.17,1422.24,3127.81,0.0,4550.05,4794.1,180152.37,45038.09,0.0,419435.32,15206409.66,0.0,0.0,2882899840.1,0.0,3253224705.31,20821758022.8,0,NORMAL
perbankan,60030.13,652.52,2782.97,0.0,3435.49,3460.75,174345.76,43586.44,0.0,47754.85,13264264.94,0.0,0.0,3667952231.06,0.0,421986810.36,18212513137.63,0,NORMAL
pertambangan,82965.03,65810.43,12405.33,4054.78,82270.54,81516.99,11650920.84,2912730.21,4129806.56,2583425.71,59174255.03,0.0,24887.0,257255125772.98,5686163426.52,24669010899.47,78606226429.74,0,NORMAL
pertanian,50879.4,5010.33,1766.54,349.4,7126.27,6809.48,1259503.86,314875.96,0.0,488734.81,8529248.85,0.0,0.0,25750092760.29,0.0,6406981054.19,15143187980.95,0,NORMAL
pertambangan,171920.77,208168.88,43054.96,0.0,251223.84,255812.29,37276087.29,9319021.82,13212949.61,8265441.29,206810423.84,0.0,79623.75,818242665706.11,14225777392.24,104601566445.15,371581450858.56,0,NORMAL
konstruksi,60526.88,16263.53,6575.41,0.0,22838.94,21709.26,3888912.85,972228.21,321643.26,1609647.24,32126683.83,0.0,0.0,62625909706.14,424506427.32,12864242982.19,45755022544.41,0,NORMAL
pertambangan,303670.86,303089.0,62333.07,0.0,365422.07,366283.47,54373296.21,13593324.05,19273257.34,12056503.79,301666973.46,0.0,116144.32,1018153917426.83,27198804953.99,94867878464.12,531261259490.31,0,NORMAL
perhotelan,66231.38,1303.54,2925.59,0.0,4229.13,4030.66,167776.75,41944.19,0.0,390622.1,14161801.05,0.0,0.0,4187195156.85,0.0,3448129431.96,19607733081.76,0,NORMAL
pertambangan,109839.15,82675.21,17018.65,0.0,99693.86,97687.26,14764461.62,3691115.4,5233437.88,3273809.02,81914299.14,0.0,31537.69,362026064020.89,6357129917.41,26450625980.96,132242751254.85,0,NORMAL
pertanian,53333.56,6297.29,2359.97,0.0,8657.26,8570.88,1619753.02,404938.25,0.0,628525.02,11359494.82,0.0,0.0,31678727499.28,0.0,5684942368.4,15972985344.38,0,NORMAL
konstruksi,175476.35,43379.81,17523.57,0.0,60903.38,60323.58,10326555.48,2581638.87,854086.24,4274230.91,85308669.97,0.0,0.0,242797452590.28,1301094461.02,48458116078.19,105138150579.38,0,NORMAL
pertambangan,654968.9,714633.13,150003.53,0.0,864636.66,851873.78,128902736.73,32225684.18,45691098.19,28582345.41,715161690.91,0.0,275343.26,3022527221431.56,39461564591.6,379044114292.84,1125929552007.59,0,NORMAL
perhotelan,75976.08,1564.17,3506.75,0.0,5070.92,4892.66,201844.25,50461.06,0.0,469938.92,17037391.13,0.0,0.0,4901444504.91,0.0,5851123009.79,21033893101.6,0,NORMAL
perhotelan,74703.08,422.96,734.82,0.0,1157.78,6834.67,2906438.47,1040715.57,7102887.5,1397848.97,10973320.0,0.0,0.0,66208252825.37,7772174314.21,14615120526.79,15268232320.37,1,EXTREME_YOY_COLLAPSE
perhotelan,118507.64,3817.91,9920.26,1519.53,15257.7,14909.05,485092.31,121273.08,0.0,1129404.25,47829633.36,0.0,0.0,11392784299.57,0.0,12440287937.57,68556196182.55,0,NORMAL
pertambangan,793247.59,779784.73,150054.28,49199.02,979038.03,949082.17,140911180.82,35227795.2,49947633.09,31245046.8,715678551.64,0.0,300993.95,2899993448280.86,76463965306.92,296935595341.92,890903415154.68,0,NORMAL
perhotelan,110283.62,2916.46,7651.52,1176.22,11744.2,12392.59,376074.7,94018.67,0.0,875586.66,37080601.77,0.0,0.0,8007631388.75,0.0,10200968796.78,46130604083.48,0,NORMAL
perhotelan,46556.22,595.6,1552.7,240.28,2388.58,2247.88,77009.29,19252.32,0.0,179294.97,7593041.14,0.0,0.0,1315216611.96,0.0,1896222269.55,10968638300.76,0,NORMAL
pertambangan,634614.25,623323.17,116945.27,38547.55,778815.99,814994.68,111348926.82,27837231.7,39468942.85,24690038.15,565533822.15,0.0,237847.37,1901568915852.77,61473084392.73,261237476275.94,848475820152.01,0,NORMAL
perhotelan,31562.66,196.2,438.62,0.0,634.82,611.63,24928.47,6232.12,0.0,58039.1,2104177.5,0.0,0.0,492775214.92,0.0,711538982.82,3578874635.46,0,NORMAL
pertambangan,600165.87,566517.94,114892.01,0.0,681409.95,657006.65,100546511.66,25136627.91,35639899.15,22294756.49,557839306.75,0.0,214772.82,1722653984048.75,41869299717.85,185454769561.64,986592719809.9,0,NORMAL
pertanian,59743.44,5336.16,1886.5,376.35,7599.01,7319.16,1339839.27,334959.82,0.0,519907.97,9073273.18,0.0,0.0,23771587882.62,0.0,6036469268.39,15497004951.48,0,NORMAL
pertambangan,167401.31,196585.74,37073.77,12185.88,245845.39,257790.09,34797061.98,8699265.5,12334229.79,7715752.75,176731972.43,0.0,74328.42,751231104482.67,14308472757.77,95432181715.64,298041397017.97,0,NORMAL
pertambangan,730774.77,656749.41,137073.36,0.0,793822.77,802370.94,118749015.25,29687253.81,42091991.63,26330902.33,658828111.02,0.0,253654.36,2551835319100.4,56609827865.76,315112346120.94,804353595839.16,0,NORMAL
manufaktur,266494.37,38034.81,27369.4,3511.47,68915.68,72008.53,4251390.14,1062847.53,4520866.41,6598796.36,134004542.66,0.0,0.0,96304274664.44,5162624644.54,74034728334.69,205340742326.68,0,NORMAL
konstruksi,249333.38,76917.17,29583.53,0.0,106500.69,114209.8,2368719.05,1029427.37,7985955.31,1816290.54,14163865.43,0.0,0.0,4595078142.24,8442993091.88,16517491325.89,21664299344.12,1,FUEL_PRICE_INVOICE_FRAUD
konstruksi,39173.97,8624.55,3559.65,0.0,12184.2,12700.35,2067981.35,516995.34,171038.1,855951.42,17083793.22,0.0,0.0,38710556981.05,206181896.35,8845663795.87,20958350780.56,0,NORMAL
perbankan,54196.47,378.67,2849.97,573.1,3801.74,3884.26,102584.16,25646.04,0.0,28098.71,13730361.09,0.0,0.0,2376687188.96,0.0,250852047.17,17849882640.68,0,NORMAL
manufaktur,138672.29,12374.34,8905.14,1124.84,22404.32,21665.29,1379814.09,344953.52,1467274.22,2141678.81,43491975.44,0.0,0.0,26019599879.42,2309410849.49,19134121761.44,59462047026.85,0,NORMAL
pertambangan,431175.28,414129.79,85603.39,0.0,499733.18,492142.88,73510062.18,18377515.55,26056510.16,16299809.0,407839132.85,0.0,157021.49,1493300985775.74,28580758284.19,218971813546.91,663727489331.63,0,NORMAL
pertambangan,484193.21,424169.47,80135.98,26815.91,531121.36,510064.1,76506372.75,19126593.19,27118587.84,16964198.18,388570798.43,0.0,163421.78,1818174782519.25,27956007010.91,162027344461.96,515963897845.9,0,NORMAL
perbankan,73827.49,337.78,2533.34,0.0,2871.11,3341.76,3945118.88,1054866.46,5211058.05,718903.56,23397665.62,0.0,0.0,3257337006.86,5637063964.76,8150520503.7,36731350217.45,1,FUEL_PRICE_INVOICE_FRAUD
perhotelan,28342.88,846.6,1865.45,0.0,2712.05,2761.52,106947.99,26737.0,0.0,248999.03,9027330.43,0.0,0.0,2489956611.72,0.0,2041044434.91,14742417148.71,0,NORMAL
manufaktur,498994.22,100138.75,72524.02,0.0,172662.77,181752.2,11316966.73,2829241.68,12034297.75,17565632.99,355175167.83,0.0,0.0,275311397506.71,16842909985.52,134780859136.01,529437293650.7,0,NORMAL
konstruksi,284808.05,46081.18,18676.93,0.0,64758.11,62065.2,11008102.85,2752025.71,910455.5,4556327.95,90938998.45,0.0,0.0,215246864221.54,997557802.22,60836952859.94,164813114875.38,0,NORMAL
perhotelan,72128.81,2540.52,5677.55,0.0,8218.07,8264.58,326579.12,81644.78,0.0,760349.82,27566087.41,0.0,0.0,6122032583.53,0.0,7395202531.97,45584763707.88,0,NORMAL
perhotelan,127728.98,1231.3,3201.37,0.0,2764.93,4895.42,4181722.05,309432.13,7394569.11,1420178.16,7672842.0,0.0,0.0,91906179922.11,9417976846.68,15228726024.75,11072401946.13,1,SCOPE_MATH_DISCREPANCY
konstruksi,62007.5,22413.04,9099.7,0.0,31512.74,32707.65,5342807.45,1335701.86,441891.62,2211424.01,44137447.25,0.0,0.0,129719207467.29,487718450.29,26173209160.64,58677337481.72,0,NORMAL
perbankan,17943.48,148.17,631.95,0.0,780.12,747.08,40204.47,10051.12,0.0,11012.36,3058765.41,0.0,0.0,948693058.84,0.0,122813248.65,5581648719.73,0,NORMAL
perbankan,78996.76,530.66,2245.9,0.0,2776.56,2892.71,143764.18,35941.05,0.0,39378.28,10937611.42,0.0,0.0,3067550183.31,0.0,390004915.8,15705653631.72,0,NORMAL
perhotelan,37800.72,407.9,1050.64,163.42,1621.96,1612.23,51856.56,12964.14,0.0,120733.75,5113006.39,0.0,0.0,1119632051.92,0.0,1563047779.78,8143992419.75,0,NORMAL
pertambangan,158119.98,159630.09,32733.22,0.0,192363.31,194293.44,28714302.36,7178575.59,10178123.77,6366987.46,159309022.85,0.0,61335.31,611827589935.27,10325293295.64,58783471793.24,244896010116.42,0,NORMAL
perbankan,31543.27,392.07,1675.69,0.0,2067.76,2092.14,107320.93,26830.23,0.0,29396.15,8165000.5,0.0,0.0,1904343707.87,0.0,348188204.89,11383923003.99,0,NORMAL
manufaktur,162982.96,53962.09,38780.08,0.0,92742.17,91628.84,5997777.64,1499444.41,6377949.46,9309452.19,188236099.72,0.0,0.0,118807302828.21,5792178213.93,122466353065.26,331835048599.2,0,NORMAL
pertambangan,501917.72,390482.86,80968.24,0.0,471451.1,443899.28,69595696.66,17398924.16,24669017.05,15431854.21,386121950.27,0.0,148660.2,1651012964477.44,21361653644.2,142389930918.65,628119087866.28,0,NORMAL
perhotelan,110474.4,1266.4,2799.72,0.0,4066.12,3865.72,159562.51,39890.63,0.0,371497.5,13468448.66,0.0,0.0,3983021597.07,0.0,3130037827.2,22418889097.1,0,NORMAL
pertambangan,187532.58,269463.52,49705.67,16676.04,335845.23,321220.29,47844663.13,11961165.78,16959106.19,10608872.41,242999874.18,0.0,102198.8,978887650052.15,17318043966.33,99527587954.2,375489835559.18,0,NORMAL
pertambangan,200236.28,13313.77,6656.88,0.0,19970.65,204065.64,5489620.14,320000.29,6512686.1,1056348.18,11103297.6,0.0,40047.26,121214677146.04,6720302391.96,9035628511.92,19415467532.41,1,SECTOR_INTENSITY_ANOMALY
pertanian,308220.27,35992.82,13161.5,0.0,49154.32,49174.82,9048129.31,2262032.33,0.0,3511014.09,63455463.17,0.0,0.0,153932676307.58,0.0,35745804138.65,80263645538.06,0,NORMAL
perbankan,14405.91,21.39,162.72,32.57,216.68,210.78,5874.88,1468.72,0.0,1609.18,786321.88,0.0,0.0,122111017.57,0.0,17211651.0,1053498736.93,0,NORMAL
konstruksi,228501.05,2748.97,1374.48,0.0,4123.45,101296.13,3236173.37,808058.78,5371920.31,1214723.92,7560962.54,0.0,0.0,62406884150.63,7238691614.2,11240667066.37,11796990214.27,1,SECTOR_INTENSITY_ANOMALY
perbankan,49486.03,93.94,404.86,0.0,498.8,475.16,25452.21,6363.05,0.0,6971.59,1936409.79,0.0,0.0,457695783.22,0.0,71100203.14,3443081637.14,0,NORMAL
manufaktur,494941.86,123399.96,89040.1,0.0,212440.06,211590.5,13782786.47,3445696.62,14656414.58,21392955.76,432563213.5,0.0,0.0,249818619239.66,20706335503.28,275488269156.22,611856808996.1,0,NORMAL
konstruksi,393514.78,11830.76,5915.38,0.0,17746.13,189181.43,3726809.33,959164.72,1133879.62,849807.23,22572679.74,0.0,0.0,84382253202.63,1362071432.4,8210467530.76,37093153686.26,1,SECTOR_INTENSITY_ANOMALY
manufaktur,381441.5,58440.76,42929.05,5391.1,106760.91,111953.95,6578391.86,1644597.97,6995366.18,10210652.72,207352034.12,0.0,0.0,114197636472.0,8602511631.71,97244199005.64,347097145617.83,0,NORMAL
konstruksi,82224.41,16644.79,6743.97,0.0,23388.76,23315.59,3917425.45,979356.36,324001.47,1621448.79,32362229.14,0.0,0.0,93401721633.14,370507541.19,15054772034.75,39112948446.19,0,NORMAL
manufaktur,335376.03,64491.64,47263.45,0.0,111755.09,109259.17,7200273.61,1800068.4,7656666.18,11175906.64,225975603.43,0.0,0.0,122647584963.68,9526610668.46,136664705443.05,271293950023.45,0,NORMAL
perhotelan,70232.83,2629.29,5715.1,0.0,8344.39,8262.25,330115.03,82528.76,0.0,768582.2,27864548.21,0.0,0.0,6836886312.12,0.0,8069941194.31,46184711751.99,0,NORMAL
pertambangan,701980.64,627248.13,118899.21,39448.64,785595.98,769109.83,113248905.86,28312226.46,40142412.87,25111331.43,575183689.82,0.0,241905.83,2514033329675.98,51185526137.79,235400409552.36,717119805014.85,0,NORMAL
manufaktur,154313.23,28636.17,20847.4,0.0,49483.57,48009.53,3176822.01,794205.5,3378186.3,4930905.15,99702360.06,0.0,0.0,70656460690.03,5178354850.21,59697352800.99,148211613742.86,0,NORMAL
pertanian,71588.9,6972.32,2533.69,0.0,9506.01,9291.88,1750908.53,437727.13,0.0,679418.29,12279301.95,0.0,0.0,37348425273.84,0.0,5769709119.67,17018689111.84,0,NORMAL
perhotelan,69948.48,1251.64,2791.54,0.0,4043.18,3831.48,158983.87,39745.97,0.0,370150.29,13419606.22,0.0,0.0,3126135807.71,0.0,4076028144.55,18551064820.34,0,NORMAL
pertanian,349807.04,23922.22,8839.96,0.0,32762.18,34169.53,6128085.1,1532021.28,0.0,2377927.24,42976892.25,0.0,0.0,114039857618.73,0.0,20408694772.18,57148393498.15,0,NORMAL
pertambangan,196073.81,24607.41,12303.71,0.0,36911.12,225028.54,5416160.01,383066.06,2586358.85,941598.29,11722113.79,0.0,39214.76,114071578606.82,3550589481.95,8726302827.45,17496778462.15,1,SECTOR_INTENSITY_ANOMALY
perbankan,197369.83,389.46,194.73,0.0,584.2,2867.78,4831644.4,963993.72,5949964.85,275831.56,10279887.86,0.0,0.0,106389806684.16,6286427661.3,3055533271.04,17002338600.42,1,SECTOR_INTENSITY_ANOMALY
perbankan,54721.56,671.94,2852.89,0.0,3524.83,3520.36,180251.84,45062.96,0.0,49372.58,13713601.12,0.0,0.0,3322835871.58,0.0,414150496.08,20913270491.65,0,NORMAL
perbankan,32040.25,163.33,696.5,0.0,859.83,879.13,44306.08,11076.52,0.0,12135.83,3370816.93,0.0,0.0,920818164.91,0.0,142415421.48,4744892791.27,0,NORMAL
pertambangan,601831.73,369249.25,75918.22,0.0,445167.47,428084.98,66693028.68,16673257.17,23640132.08,14788228.94,370017738.73,0.0,142459.94,1233223634855.2,20483225852.39,169488919762.3,643065774191.0,0,NORMAL
konstruksi,194390.81,54993.57,21626.9,8460.19,85080.66,84088.13,13302458.15,3325614.54,1100216.48,5505977.08,103480041.13,0.0,0.0,231509216622.62,1632353455.1,45200335165.83,133649944736.38,0,NORMAL
konstruksi,77431.5,23979.37,9749.56,0.0,33728.93,33697.11,5653211.99,1413303.0,467564.48,2339902.54,46701729.05,0.0,0.0,94784026946.5,452387302.32,27023862240.42,72933405394.7,0,NORMAL
pertambangan,748208.98,779688.78,159912.34,0.0,939601.12,970109.8,141091545.43,35272886.36,50011565.46,31285040.09,782786081.7,0.0,301379.22,3416366024627.8,51819420721.0,299795341256.4,1464305866939.61,0,NORMAL
pertanian,314665.73,32151.82,11922.02,0.0,44073.84,42816.8,8137373.63,2034343.41,0.0,3157606.67,57068239.73,0.0,0.0,176737728547.59,0.0,31408045224.54,100593360619.8,0,NORMAL
pertambangan,777587.36,778953.64,159453.79,0.0,938407.43,981724.25,138401037.2,34600259.3,49057883.03,30688458.22,767858947.78,0.0,295632.15,2985353957508.59,44244712749.67,403583541562.09,1148002938196.43,0,NORMAL
konstruksi,293726.71,94274.08,36808.28,14673.26,145755.62,142259.9,22769410.2,5692352.55,1883206.85,9424412.33,177123617.04,0.0,0.0,413438660296.68,1980493870.31,111664910483.48,236130979237.91,0,NORMAL
pertanian,365282.94,77011.91,27037.46,5454.54,109503.91,106117.94,19473853.85,4868463.46,0.0,7556586.89,131875217.99,0.0,0.0,472831361938.45,0.0,82882616921.33,241245683581.83,0,NORMAL
pertanian,159564.24,23617.9,8483.62,1714.39,33815.91,32418.22,6033720.88,1508430.22,0.0,2341310.38,40859824.82,0.0,0.0,135066594487.18,0.0,20251887082.68,56436030908.25,0,NORMAL
perbankan,54332.17,313.09,2365.31,481.98,3160.38,3033.76,85873.58,21468.4,0.0,23521.54,11493736.31,0.0,0.0,2135124812.0,0.0,261064909.92,19586566412.5,0,NORMAL
pertambangan,525762.4,442426.28,83482.91,27540.0,553449.19,538327.3,79770940.55,19942735.14,28275752.48,17688069.58,405151322.05,0.0,170395.07,1972160855518.76,36465827689.22,145660900074.56,585152297757.96,0,NORMAL
perbankan,43459.58,322.99,1374.34,0.0,1697.33,1701.24,88002.14,22000.54,0.0,24104.57,6695223.0,0.0,0.0,1837075062.83,0.0,233325459.8,8975493325.41,0,NORMAL
perhotelan,47125.96,668.25,1462.86,0.0,2131.11,2142.32,84171.99,21043.0,0.0,195971.36,7104839.87,0.0,0.0,1748055823.35,0.0,2339744604.63,9359160603.31,0,NORMAL
perbankan,37669.17,373.17,1615.65,0.0,1988.82,2040.76,101890.89,25472.72,0.0,27908.82,7751882.11,0.0,0.0,2063548458.1,0.0,250675351.15,12658796059.96,0,NORMAL
perbankan,20900.39,239.08,1013.67,0.0,1252.75,1207.44,65296.72,16324.18,0.0,17885.35,4967789.09,0.0,0.0,1194200913.29,0.0,199543843.22,6707685784.51,0,NORMAL
perhotelan,26390.94,369.03,810.21,0.0,1179.24,1171.89,46379.64,11594.91,0.0,107982.25,3914840.43,0.0,0.0,923627320.24,0.0,1372817779.44,5241741058.34,0,NORMAL
konstruksi,77208.35,14228.97,5472.68,2189.07,11135.53,22466.94,3532988.94,506027.93,3786317.63,264640.25,7565651.98,0.0,0.0,74273071915.0,5285591195.36,2534426788.63,11022296136.79,1,SCOPE_MATH_DISCREPANCY
pertanian,390363.86,56767.4,20362.5,4041.01,81170.91,77995.26,14504656.88,3626164.22,0.0,5628351.78,98224255.08,0.0,0.0,241264742429.35,0.0,57863723718.36,154398637505.4,0,NORMAL
pertanian,176576.47,27657.06,10333.33,0.0,37990.39,37673.4,7128193.47,1782048.37,0.0,2766006.86,49990755.28,0.0,0.0,148571132276.9,0.0,26638540620.55,73895235077.04,0,NORMAL
manufaktur,412504.78,54646.49,40021.66,5028.64,99696.79,101692.42,6143162.0,1535790.5,6532549.09,9535110.57,193633514.7,0.0,0.0,142488009220.12,6015000701.12,122560780893.11,287361948910.1,0,NORMAL
manufaktur,74891.25,7869.28,5624.91,0.0,13494.19,13459.62,864700.35,216175.09,919509.77,1342144.88,27138021.96,0.0,0.0,20534802807.84,809461004.9,15952197343.55,39820442602.77,0,NORMAL
konstruksi,256094.42,85357.82,34758.25,0.0,120116.07,119975.51,20621430.78,5155357.7,1705552.29,8535349.17,170355626.95,0.0,0.0,380359167358.31,1551867274.79,78196237459.48,302625979084.85,0,NORMAL
perhotelan,11082.69,240.52,535.52,0.0,776.04,805.56,30542.63,7635.66,0.0,71110.12,2578060.47,0.0,0.0,497595585.16,0.0,565194997.14,3239319613.9,0,NORMAL
perhotelan,319452.2,1003.48,501.74,0.0,1505.22,43221.38,2692628.46,1172352.29,5071732.93,1273822.09,10239435.27,0.0,0.0,51226083346.98,6104221793.68,14401413293.55,15466429889.31,1,SECTOR_INTENSITY_ANOMALY
pertanian,123406.59,9539.4,3538.98,0.0,13078.38,12711.26,2460281.75,615070.44,0.0,954681.75,17254209.39,0.0,0.0,54849980655.37,0.0,12058827648.59,26934752677.86,0,NORMAL
pertambangan,535699.3,510607.07,96070.49,32111.66,638789.22,665106.16,92105412.1,23026353.03,32647851.67,20423062.92,467797285.85,0.0,196742.17,1780272944834.04,27980023003.01,202369188067.13,591932903153.72,0,NORMAL
perhotelan,78893.95,1237.32,2734.88,0.0,3972.2,3881.51,155885.44,38971.36,0.0,362936.45,13158072.49,0.0,0.0,3350393933.72,0.0,4084887454.23,18419135997.48,0,NORMAL
pertanian,178627.53,35362.4,12627.65,2575.8,50565.85,49534.24,9128546.33,2282136.58,0.0,3542218.92,61817709.34,0.0,0.0,176967017849.45,0.0,34195547592.45,99248063636.87,0,NORMAL
pertambangan,634977.7,908482.41,185073.87,0.0,1093556.28,1131464.0,161995936.93,40498984.23,57421374.04,35920291.08,898765155.17,0.0,346032.14,3991925907445.52,53970824147.98,292153669003.51,1094944066779.75,0,NORMAL
perbankan,67838.82,129.62,543.74,0.0,673.36,663.54,34891.62,8722.91,0.0,9557.12,2654562.54,0.0,0.0,600693448.45,0.0,89585305.79,4170649277.5,0,NORMAL
perbankan,27013.88,404.93,1714.32,0.0,2119.25,1995.45,110231.79,27557.95,0.0,30193.47,8386459.51,0.0,0.0,2610874291.59,0.0,297748881.96,13107543722.8,0,NORMAL
konstruksi,167650.8,55459.05,22981.68,0.0,78440.73,76881.74,13335786.09,3333946.52,1102972.96,5519771.73,110168214.03,0.0,0.0,281251940522.04,1523119134.22,73660163577.47,179994246063.13,0,NORMAL
pertambangan,232309.83,40513.31,41079.91,0.0,81593.22,281681.4,5842435.19,862975.36,3688713.43,622945.97,19285671.72,0.0,46461.97,133057598079.58,4492013617.06,6428089980.18,27402841130.13,1,SCOPE1_UNDERREPORTING_FRAUD
pertanian,213987.69,22424.73,8142.45,0.0,30567.18,30335.44,5655085.41,1413771.35,0.0,2194385.59,39659696.65,0.0,0.0,104623147824.48,0.0,22815092892.09,60578604196.07,0,NORMAL
manufaktur,354519.38,72024.88,52119.59,0.0,124144.47,131185.64,8055412.69,2013853.17,8566008.64,12503211.0,252813551.75,0.0,0.0,186131475854.43,9450922638.14,109507228842.73,440158977264.52,0,NORMAL
manufaktur,364699.64,37155.74,27452.83,0.0,64608.57,61652.91,4181542.65,1045385.66,4446591.61,6490382.56,131234821.74,0.0,0.0,67968576830.91,5682350786.28,71254538841.12,174191137639.48,0,NORMAL
perbankan,79899.06,513.03,2144.9,0.0,2657.93,2558.35,137445.7,34361.42,0.0,37647.6,10456899.66,0.0,0.0,3161167912.18,0.0,430172991.23,18454824377.79,0,NORMAL
manufaktur,173225.71,42720.93,31535.3,3894.51,78150.74,73991.67,4787696.45,1196924.11,5091166.73,7431224.34,150909008.98,0.0,0.0,109905223296.47,7074379431.54,69867118903.32,229970154940.82,0,NORMAL
konstruksi,102305.71,22779.93,9331.93,0.0,32111.86,33156.89,5417927.61,1354481.9,448104.64,2242516.75,44758022.1,0.0,0.0,114956306744.08,602077039.94,18796983703.27,82453061312.72,0,NORMAL
pertambangan,396054.91,429991.9,86528.66,0.0,516520.56,491948.34,76449814.88,19112453.72,27098540.24,16951657.28,424149093.1,0.0,163300.97,1713145083857.42,32280214756.71,209770209050.75,546034950848.22,0,NORMAL
pertambangan,701657.2,576969.17,108201.84,35940.27,721111.28,755285.66,102700101.66,25675025.42,36403264.57,22772284.39,521607012.2,0.0,219373.01,2068742017370.22,51466317414.82,268617651357.3,713348627022.15,0,NORMAL
pertanian,357561.53,67381.36,25456.34,0.0,92837.7,93960.93,17290306.93,4322576.73,0.0,6709288.65,121258704.02,0.0,0.0,283400764756.44,0.0,75479165546.49,214235818855.38,0,NORMAL
perbankan,44260.72,395.96,1693.74,0.0,2089.7,2160.28,106374.13,26593.53,0.0,29136.82,8092968.22,0.0,0.0,2157911679.09,0.0,226782441.82,11555724622.82,0,NORMAL
pertanian,316668.67,28996.11,10355.75,2071.15,26296.56,42923.84,2211879.9,483328.63,3222432.43,646390.69,23660461.93,0.0,0.0,47778463338.15,4263834273.05,5859185653.12,39051784612.71,1,SCOPE_MATH_DISCREPANCY
perhotelan,25161.69,436.92,1161.03,175.19,1773.14,1709.34,56108.09,14027.02,0.0,130632.29,5532203.66,0.0,0.0,912255733.47,0.0,1122692463.2,9601706125.57,0,NORMAL
pertanian,297146.34,47357.45,17267.37,3373.75,67998.57,66506.36,12189523.94,3047380.98,0.0,4729993.22,82546379.31,0.0,0.0,225169663717.49,0.0,40683117335.57,110988689519.98,0,NORMAL
manufaktur,267112.04,48424.19,35397.44,4485.96,88307.59,92581.63,5461003.74,1365250.94,5807151.92,8476298.44,172131769.85,0.0,0.0,120113589414.95,9192758268.18,110923099771.2,268679983975.74,0,NORMAL
pertambangan,545494.47,555214.67,101837.68,34423.72,691476.07,700565.32,97575934.47,24393983.62,34586942.96,21636073.32,495581706.5,0.0,208427.51,1945789924757.08,40763823898.99,219663319093.46,657944414279.38,0,NORMAL
perbankan,48440.11,521.79,2223.25,0.0,2745.04,2844.55,140633.28,35158.32,0.0,38520.7,10699412.12,0.0,0.0,3312832111.97,0.0,307178395.8,17273903632.7,0,NORMAL
pertanian,165789.39,33804.24,12479.18,0.0,46283.42,48965.74,8627804.73,2156951.18,0.0,3347912.36,60507683.54,0.0,0.0,186588229403.43,0.0,26749232671.99,110744401743.48,0,NORMAL
perbankan,77561.28,627.57,4706.81,0.0,5334.38,6400.27,4863784.1,361263.26,1479010.8,1975318.71,19527030.64,0.0,0.0,8870381632.05,2004576474.96,18071190063.25,29790770611.55,1,FUEL_PRICE_INVOICE_FRAUD
pertanian,76162.87,8262.46,2950.88,0.0,11213.34,12160.57,5925871.95,1171811.07,3223809.6,687663.69,6953415.78,0.0,0.0,8834230120.78,4133693804.99,7173445627.32,11224153082.26,1,FUEL_PRICE_INVOICE_FRAUD
pertambangan,558863.1,335879.92,68733.52,0.0,404613.44,410519.64,59623294.65,14905823.66,21134181.32,13220616.14,330794343.9,0.0,127358.6,1422744855633.15,25739623744.24,115005943557.66,460863239126.25,0,NORMAL
perbankan,61098.28,746.61,3138.03,0.0,3884.64,3798.2,199909.21,49977.3,0.0,54756.91,15209137.66,0.0,0.0,3230149232.6,0.0,605796936.35,20319294955.86,0,NORMAL
konstruksi,278620.84,81284.1,33721.84,0.0,115005.94,118097.84,19644905.41,4911226.35,1624786.07,8131158.74,162288456.74,0.0,0.0,360448385808.88,2278363937.09,88930173964.24,199811752209.53,0,NORMAL
pertambangan,753410.78,974830.11,199672.68,0.0,1174502.79,1107744.11,173229525.58,43307381.4,61403252.28,38411179.32,961089916.16,0.0,370027.69,4071439449364.76,83681770463.25,311050020564.12,1716654584670.49,0,NORMAL
konstruksi,264316.11,108833.38,41852.13,16808.8,167494.31,160302.11,26235243.83,6558810.96,2169858.18,10858944.23,204084393.98,0.0,0.0,610247728088.65,3119206018.67,83318123418.05,299877101867.92,0,NORMAL
konstruksi,61918.1,5985.71,5664.2,0.0,11649.9,22120.42,2441966.42,829836.08,3397228.58,952251.71,22325690.18,0.0,0.0,55288644086.45,4414754008.7,9057487450.99,38773804473.91,1,SCOPE1_UNDERREPORTING_FRAUD
pertambangan,588344.31,663148.56,138854.46,0.0,802003.02,805641.58,119474945.55,29868736.39,42349306.21,26491867.03,662855624.71,0.0,255204.99,2801371044425.92,65894165948.81,209184880089.35,956765071049.38,0,NORMAL
perbankan,79193.4,285.96,2114.1,434.53,2834.59,2793.88,77339.82,19334.95,0.0,21184.06,10351535.64,0.0,0.0,1915085181.41,0.0,169720346.59,15148532223.49,0,NORMAL
pertanian,384910.98,50337.41,18380.56,0.0,68717.97,71703.2,12747165.68,3186791.42,0.0,4946379.17,89397186.32,0.0,0.0,310869329731.04,0.0,44353233938.39,109432326986.88,0,NORMAL
pertambangan,197188.09,208995.06,42783.38,0.0,251778.44,256592.58,37719240.23,9429810.06,13370030.4,8363704.14,209269068.37,0.0,80570.35,753536997043.16,16171384407.26,107302771271.62,295038834868.0,0,NORMAL
perhotelan,53694.94,1242.76,2808.65,0.0,4051.41,3960.96,160237.84,40059.46,0.0,373069.8,13525451.69,0.0,0.0,3334927945.17,0.0,3858906179.83,19513084777.48,0,NORMAL
perbankan,48380.58,197.12,1456.1,292.2,1945.42,1855.62,53256.68,13314.17,0.0,14587.48,7128131.43,0.0,0.0,875820404.81,0.0,146543962.54,8797250622.41,0,NORMAL
pertanian,74034.91,7217.36,2688.11,0.0,9905.47,9833.7,1839707.81,459926.95,0.0,713875.74,12902060.42,0.0,0.0,40733612259.26,0.0,7097460623.35,15826224125.76,0,NORMAL
pertanian,294705.68,46129.82,17164.37,0.0,63294.19,63320.6,11694182.5,2923545.63,0.0,4537782.14,82012506.84,0.0,0.0,191063697240.15,0.0,60815160246.23,134222577471.48,0,NORMAL
pertanian,213026.5,26992.82,9713.66,1924.65,38631.13,40052.72,6958872.19,1739718.05,0.0,2700303.84,47124867.78,0.0,0.0,157781485405.46,0.0,33267159622.08,68158130058.45,0,NORMAL
perbankan,66331.06,223.92,1649.55,330.0,2203.47,2324.81,59902.97,14975.74,0.0,16407.95,8017703.38,0.0,0.0,990867528.11,0.0,139061906.49,11062902024.62,0,NORMAL
perbankan,33563.5,285.83,1241.91,0.0,1527.74,1498.58,78337.66,19584.41,0.0,21457.38,5959946.79,0.0,0.0,1525268813.88,0.0,281229218.56,7668591580.51,0,NORMAL
pertanian,333420.86,32208.11,11740.31,2308.98,46257.4,48639.78,8267010.45,2066752.61,0.0,3207910.63,55983464.5,0.0,0.0,150963499269.4,0.0,33968030068.34,92005088117.08,0,NORMAL
pertambangan,375594.61,274995.47,54890.49,0.0,329885.96,349590.1,48449283.61,12112320.9,17173421.07,10742938.39,268800123.82,0.0,103490.31,926881999177.57,15844052860.94,117619430041.27,489537472892.49,0,NORMAL
manufaktur,442215.98,59973.29,43272.73,0.0,103246.02,99205.27,6676070.88,1669017.72,7099236.63,10362265.23,209523863.59,0.0,0.0,144889487151.55,6211783080.6,92031707215.72,371480548268.62,0,NORMAL
perbankan,18713.27,156.93,651.58,0.0,808.51,832.69,41999.18,10499.8,0.0,11503.95,3195307.42,0.0,0.0,927182266.09,0.0,99738589.59,4799946431.5,0,NORMAL
perbankan,17810.23,93.44,401.31,0.0,494.75,488.86,25200.53,6300.13,0.0,6902.65,1917262.15,0.0,0.0,407635116.63,0.0,61536877.17,2968201893.85,0,NORMAL
konstruksi,150046.7,38664.67,15977.35,0.0,54642.02,51486.82,9336432.07,2334108.02,772195.36,3864412.15,77129165.08,0.0,0.0,176815763243.12,1183518915.0,38311322109.23,124113447447.14,0,NORMAL
konstruksi,308297.94,81811.33,33394.12,0.0,115205.45,119065.39,19588747.75,4897186.94,1620141.39,8107914.7,161824532.89,0.0,0.0,349318370514.52,2015241753.27,107805157399.22,200481208131.97,0,NORMAL
perbankan,22272.89,232.32,991.93,0.0,1224.25,1250.33,63323.27,15830.82,0.0,17344.81,4817648.75,0.0,0.0,1463434449.23,0.0,181298402.43,5888575502.67,0,NORMAL
pertambangan,160553.79,129665.23,26460.72,0.0,156125.95,156307.11,23203188.17,5800797.04,8224644.22,5144976.4,128732963.35,0.0,49563.27,470045483669.46,9416937447.76,57012061971.91,195529915751.36,0,NORMAL
konstruksi,223952.88,43897.28,16883.57,0.0,60780.85,64353.08,5859856.45,663608.67,1872153.58,1059382.73,11891647.66,0.0,0.0,9629808342.47,1928226971.33,11847963067.43,20706836321.12,1,FUEL_PRICE_INVOICE_FRAUD
manufaktur,446742.69,80486.89,57737.93,0.0,138224.82,132442.93,9000555.53,2250138.88,9571059.79,13970214.72,282476205.62,0.0,0.0,150408459026.22,12546769834.38,116011855223.62,384995567147.53,0,NORMAL
manufaktur,250923.11,9615.98,5726.37,0.0,15342.35,74576.85,5282602.35,464244.13,6805428.32,765714.18,9162509.64,0.0,0.0,110844813093.37,7517709284.2,7589735576.84,13101334099.14,1,EXTREME_YOY_COLLAPSE
pertambangan,552808.47,615316.73,125493.61,0.0,740810.34,744335.82,108762666.49,27190666.62,38552212.31,24116571.77,603423127.0,0.0,232322.97,2425045318026.87,54711509609.93,211977701713.82,970729714382.62,0,NORMAL
manufaktur,146860.2,5932.04,16378.16,0.0,22310.2,39417.27,2935614.64,743669.2,6426551.43,216991.82,12392189.6,0.0,0.0,66683540992.4,8285213405.78,2429196499.85,19375227343.12,1,SCOPE1_UNDERREPORTING_FRAUD
perbankan,126771.23,770.09,1055.81,1155.14,2981.05,7631.31,3336661.75,406579.65,5013991.14,1721041.81,16189392.24,0.0,0.0,64505347794.21,6468962834.31,15905039738.82,22549273345.33,1,SCOPE2_ELECTRICITY_MISMATCH
perbankan,55575.19,402.43,2987.51,599.0,3988.94,4073.16,109220.25,27305.06,0.0,29916.4,14618567.07,0.0,0.0,2439173119.12,0.0,250894944.36,23342713019.11,0,NORMAL
pertambangan,666189.38,797235.48,147856.4,50250.67,995342.55,991649.73,142134046.46,35533511.61,50381092.27,31516199.84,721889405.21,0.0,303606.06,2920562280067.13,61147323486.02,414406277885.92,1043020557519.12,0,NORMAL
manufaktur,300525.97,29014.86,21188.67,2632.6,52836.13,50864.61,3252226.69,813056.67,3458370.54,5047944.54,102510740.27,0.0,0.0,65919208773.16,5207235293.01,65097771742.37,147410957496.24,0,NORMAL
perbankan,7513.99,37.82,280.81,56.4,375.03,357.1,10137.64,2534.41,0.0,2776.79,1356870.9,0.0,0.0,231733710.49,0.0,23528311.0,1951654437.88,0,NORMAL
perbankan,76500.85,599.28,2536.84,0.0,3136.12,3291.93,160195.93,40048.98,0.0,43879.09,12187742.47,0.0,0.0,3032386732.07,0.0,524100876.57,21618080253.42,0,NORMAL
manufaktur,91615.34,11789.27,8485.43,0.0,20274.7,20682.32,1313378.37,328344.59,1396627.45,2038560.6,41219471.16,0.0,0.0,25125704471.67,2081241114.56,18403998990.13,68429136226.86,0,NORMAL
perbankan,22240.24,191.2,820.09,0.0,1011.29,992.6,51622.46,12905.62,0.0,14139.85,3927448.7,0.0,0.0,867271930.27,0.0,118461676.92,6391697653.38,0,NORMAL
pertanian,216437.95,29284.88,10792.89,0.0,40077.77,38465.95,7432706.32,1858176.58,0.0,2884169.28,52126335.26,0.0,0.0,185622673136.0,0.0,29969795107.31,92311563186.0,0,NORMAL
manufaktur,442968.67,51354.48,37509.7,4659.27,93523.45,90675.23,5672204.02,1418051.01,6031739.22,8804113.01,178788838.72,0.0,0.0,93248727377.32,6289207444.51,97224088844.78,337948406589.68,0,NORMAL
pertambangan,391373.88,394564.7,73980.88,24660.29,493205.87,512684.85,3508590.28,430286.51,5245549.47,885308.89,14873391.24,0.0,78274.78,3731668856.05,7216772210.39,8820599872.92,23340222614.41,1,FUEL_PRICE_INVOICE_FRAUD
manufaktur,480707.79,76026.5,55808.83,0.0,131835.33,138591.53,8546484.91,2136621.23,9088207.69,13265428.87,268225513.32,0.0,0.0,212711206716.74,11974132675.22,169965722107.99,402058714497.36,0,NORMAL
manufaktur,69211.09,16093.91,11797.92,1494.32,29386.15,27722.36,1812458.12,453114.53,1927341.6,2813207.37,57128989.35,0.0,0.0,34534658768.47,1817742605.8,26289462890.29,94518450981.84,0,NORMAL
perbankan,33915.34,65.45,277.67,0.0,343.12,361.54,17714.36,4428.59,0.0,4852.12,1347712.58,0.0,0.0,306516621.03,0.0,39068689.23,2437874125.33,0,NORMAL
perhotelan,334111.34,982.52,491.26,0.0,1473.78,31698.85,4833601.11,405663.8,1083171.87,1175305.0,15681710.02,0.0,0.0,96454519218.65,1179989383.26,12919521396.08,24054490747.98,1,SECTOR_INTENSITY_ANOMALY
perhotelan,26821.34,787.03,1776.94,0.0,2563.97,2527.35,100677.51,25169.38,0.0,234399.93,8498047.69,0.0,0.0,2400706146.62,0.0,2049722458.92,15910445577.51,0,NORMAL
konstruksi,56940.55,11432.16,4463.58,1780.46,17676.2,16674.57,2741735.69,685433.92,226762.81,1134822.88,21328007.1,0.0,0.0,47783388743.51,270944155.73,8560222542.44,32105612305.82,0,NORMAL
manufaktur,93035.01,19735.71,14347.31,0.0,34083.02,35895.58,2176127.86,544031.97,2314062.7,3377677.45,68296266.73,0.0,0.0,48771369427.14,3579612974.84,36724948807.62,113904986310.55,0,NORMAL
perbankan,35999.58,235.54,1001.78,0.0,1237.32,1182.7,63623.85,15905.96,0.0,17427.14,4840516.78,0.0,0.0,1137942470.31,0.0,179878156.28,7455462025.99,0,NORMAL
konstruksi,194967.47,32765.18,12363.97,4968.47,50097.62,47309.47,7781789.27,1945447.32,643614.34,3220935.02,60534666.93,0.0,0.0,165488898522.47,766471041.84,33903016761.08,72733982805.99,0,NORMAL
perhotelan,74473.49,1614.03,4193.96,661.28,6469.27,6851.89,207996.78,51999.19,0.0,484263.38,20508281.18,0.0,0.0,4271426279.14,0.0,3986069454.18,25821097643.83,0,NORMAL
manufaktur,117316.38,15145.88,11269.84,1381.77,27797.49,27307.79,1707858.35,426964.59,1816111.72,2650852.8,53831986.56,0.0,0.0,28891117568.51,2530218659.29,33400116310.09,86256850345.78,0,NORMAL
manufaktur,464582.74,80014.99,58434.99,7307.14,145757.12,153943.37,8920840.05,2230210.01,9486291.5,13846484.31,281186400.69,0.0,0.0,206115505779.69,10314434287.97,148168394880.22,431716857332.7,0,NORMAL
konstruksi,232186.01,45669.52,18547.19,0.0,64216.71,64187.21,10829521.96,2707380.49,895685.47,4482412.12,89463724.52,0.0,0.0,208070699072.87,1049363986.0,52432836593.25,153613072443.36,0,NORMAL
pertanian,170903.92,25825.31,9459.16,0.0,35284.47,34428.11,6495825.81,1623956.45,0.0,2520624.45,45555895.71,0.0,0.0,152639159894.42,0.0,29883954329.72,80797344723.63,0,NORMAL
konstruksi,48001.66,15975.82,6558.31,0.0,22534.13,21531.5,3830511.58,957627.9,316813.02,1585474.56,31644225.34,0.0,0.0,78471583772.55,279841945.72,20728577890.36,58043980323.11,0,NORMAL
pertambangan,80138.31,79953.22,14776.93,4977.22,99707.37,104792.86,14172933.37,3543233.34,5023763.71,3142646.06,71983389.62,0.0,30274.16,243372916163.95,5999376995.12,26405782465.27,92422367333.5,0,NORMAL
manufaktur,476721.37,94161.17,67911.78,0.0,162072.95,161961.46,10451234.96,2612808.74,11113691.18,16221887.18,328004775.33,0.0,0.0,205097078918.71,16901785149.73,133938648699.14,429579617822.09,0,NORMAL
konstruksi,314633.69,130874.66,49102.87,19726.08,199703.61,203419.86,30893589.94,7723397.49,2555139.53,12787065.08,240321745.14,0.0,0.0,565902438309.99,3785012447.0,104543598224.46,293016529446.57,0,NORMAL
manufaktur,120469.03,11844.52,8630.0,1092.04,21566.56,20580.08,1327351.55,331837.89,1411486.32,2060249.07,41838347.37,0.0,0.0,21998383330.11,1328439425.05,20816000493.51,63534520775.38,0,NORMAL
manufaktur,361807.66,61909.31,44945.22,0.0,106854.53,101499.05,6844626.33,1711156.58,7278476.04,10623888.61,214813859.74,0.0,0.0,145385416752.85,8187737834.19,126439136643.04,328649800695.43,0,NORMAL
konstruksi,298491.17,103784.86,39917.25,15966.9,159669.01,152050.26,2732570.44,959776.24,4214263.4,1386691.35,19974249.21,0.0,0.0,3598377527.3,5349682820.39,14693745418.08,27320745501.21,1,FUEL_PRICE_INVOICE_FRAUD
konstruksi,306704.62,82837.02,33609.71,0.0,116446.73,110485.93,19852127.56,4963031.89,1641924.95,8216929.38,164000338.91,0.0,0.0,445817128798.2,1595793129.74,69155868309.87,308745230822.27,0,NORMAL
perhotelan,91968.88,2584.94,5714.64,0.0,8299.58,7926.5,331147.39,82786.85,0.0,770985.76,27951688.09,0.0,0.0,7104961333.74,0.0,9829643172.44,44689800457.89,0,NORMAL
konstruksi,91672.2,27609.8,11259.31,0.0,38869.11,36757.56,6502098.04,1625524.51,537773.95,2691262.2,53714458.5,0.0,0.0,125543358846.69,680873371.73,22241941757.19,72385820890.33,0,NORMAL
perbankan,41019.32,204.56,1523.28,304.12,2031.96,1998.78,54727.17,13681.79,0.0,14990.26,7324949.55,0.0,0.0,1351552680.1,0.0,187181686.9,11475928010.07,0,NORMAL
konstruksi,235918.25,48144.61,18381.78,7328.93,73855.32,73951.84,11520397.19,2880099.3,952826.21,4768370.03,89617359.5,0.0,0.0,263614683862.83,1138900332.66,44760878414.63,148574196541.28,0,NORMAL
perbankan,314739.4,1215.94,1686.66,0.0,2902.6,12729.58,2188221.3,375379.47,1332506.06,797521.68,9314582.92,0.0,0.0,47583800953.83,1350838394.18,7176560551.17,16099429300.12,1,SCOPE2_ELECTRICITY_MISMATCH
pertambangan,305254.5,367334.21,75871.3,0.0,443205.51,437455.35,65377827.38,16344456.85,23173943.44,14496601.79,362720906.98,0.0,139650.6,1490015449023.7,23266304880.78,153072397096.91,534732402956.91,0,NORMAL
manufaktur,265920.0,35618.73,25841.8,0.0,61460.53,57839.0,4005446.61,1001361.65,4259333.64,6217055.04,125708169.36,0.0,0.0,96393006160.06,4740057187.53,50885932741.31,194119338129.72,0,NORMAL
konstruksi,163925.14,51786.43,20857.91,0.0,72644.34,76041.13,12339546.16,3084886.54,1020576.19,5107421.31,101938179.97,0.0,0.0,297665646659.8,1431442010.64,55986044439.88,147578283336.25,0,NORMAL
manufaktur,75261.22,1182.02,1019.92,0.0,2201.94,16771.02,2198409.26,550717.42,2528794.67,1925439.53,26144804.6,0.0,0.0,46002369721.7,3317850926.68,16942484049.67,42804892125.56,1,EXTREME_YOY_COLLAPSE
pertambangan,330268.11,450638.47,92116.16,0.0,542754.63,531965.85,81032536.5,20258134.13,28722940.07,17967810.51,449574363.56,0.0,173089.91,1695804605812.12,38230328823.97,152468639213.52,831353694548.75,0,NORMAL
pertanian,365413.96,46749.48,17327.12,0.0,64076.6,67453.43,11805009.97,2951252.49,0.0,4580787.36,82789751.3,0.0,0.0,229884666100.67,0.0,53445821846.25,125100692733.91,0,NORMAL
konstruksi,129122.46,37501.72,14320.02,5801.47,57623.21,58424.41,8884922.53,2221230.63,734852.01,3677529.31,69115958.73,0.0,0.0,150548306145.17,639049894.11,27673814217.86,86562741941.74,0,NORMAL
konstruksi,194599.01,32511.96,12734.07,5019.58,50265.61,52694.93,7839061.9,1959765.48,648351.23,3244640.55,60980191.7,0.0,0.0,191345588446.64,559565265.86,41600967734.69,102154520856.38,0,NORMAL
perhotelan,108343.29,1927.01,1126.01,0.0,3053.03,8044.03,2132188.11,351314.86,5872413.11,1861661.28,5178918.98,0.0,0.0,41109865584.59,6444030203.8,19330468505.2,7564344442.58,1,SCOPE2_ELECTRICITY_MISMATCH
konstruksi,268751.05,89948.71,36258.41,0.0,126207.12,122827.88,21474717.66,5368679.42,1776125.73,8888530.36,177404712.12,0.0,0.0,509167506584.93,1676688678.55,88147802059.3,300203595759.06,0,NORMAL
pertanian,323501.82,48304.68,17771.5,0.0,66076.18,66047.48,12412350.32,3103087.58,0.0,4816458.23,87049091.72,0.0,0.0,273333695980.89,0.0,63772819316.76,132156127276.46,0,NORMAL
pertanian,302090.78,53587.5,18869.09,3804.12,76260.71,78274.84,13611389.53,3402847.38,0.0,5281730.49,92175127.54,0.0,0.0,329779403076.75,0.0,46895135658.75,167883603752.91,0,NORMAL
perhotelan,48511.91,1405.61,3654.6,558.23,5618.44,5391.09,180285.64,45071.41,0.0,419745.62,17775990.33,0.0,0.0,4113521513.51,0.0,5146489474.9,31633979270.41,0,NORMAL
konstruksi,195718.12,62904.67,26002.57,0.0,88907.24,93094.61,14983761.16,3745940.29,1239273.28,6201879.72,123782294.91,0.0,0.0,331611457408.37,1643921312.02,67932061255.15,159320080302.32,0,NORMAL
perbankan,60459.3,264.44,1943.67,394.68,2602.79,2493.28,70660.07,17665.02,0.0,19354.42,9457486.11,0.0,0.0,1505894878.54,0.0,147030563.25,17851493107.87,0,NORMAL
pertambangan,661719.08,594010.92,121351.76,0.0,715362.68,699740.61,105608370.31,26402092.58,37434134.76,23417151.53,585922864.05,0.0,225585.23,1728330535829.32,51964422202.42,202545487968.46,723087431634.92,0,NORMAL
manufaktur,286269.68,55562.94,6858.25,0.0,62421.19,96889.87,3356832.77,965692.44,4210832.77,1110335.31,23538871.25,0.0,0.0,72024204395.64,4644310612.03,9714685038.91,31795813433.37,1,SCOPE2_ELECTRICITY_MISMATCH
manufaktur,349441.17,40539.36,29312.48,0.0,69851.84,71692.36,4464262.15,1116065.54,4747231.41,6929205.71,140107777.65,0.0,0.0,101058521121.28,5486018524.69,90045570438.29,238512615588.2,0,NORMAL
perhotelan,39569.99,560.28,1456.01,223.07,2239.36,2226.87,71948.81,17987.2,0.0,167513.05,7094083.38,0.0,0.0,1408237776.93,0.0,2095949696.18,9150779011.44,0,NORMAL
konstruksi,160524.02,42623.3,17586.92,0.0,60210.22,61080.32,10157517.56,2539379.39,840105.5,4204264.97,83912231.42,0.0,0.0,229672536006.09,1033959134.13,43972705446.35,158807356029.46,0,NORMAL
pertanian,355266.53,20125.3,7426.25,0.0,27551.55,27890.83,5104654.14,1276163.54,0.0,1980797.58,35799465.46,0.0,0.0,117949430653.1,0.0,24734209171.94,46815316980.96,0,NORMAL
konstruksi,287037.08,57848.0,23576.72,0.0,81424.72,80441.8,13747681.95,3436920.49,1137039.94,5690258.21,113570925.43,0.0,0.0,239816366281.25,1193363158.89,68167313685.06,182251674716.12,0,NORMAL
perbankan,33723.23,295.65,1263.07,0.0,1558.72,1621.56,80957.69,20239.42,0.0,22175.03,6159279.1,0.0,0.0,1921054201.76,0.0,222783758.59,9472850537.72,0,NORMAL
pertambangan,530391.71,558511.36,114973.72,0.0,673485.08,680322.29,99558908.3,24889727.08,35289831.47,22075769.51,552360012.0,0.0,212663.25,1796578412328.04,47677180353.03,269947739167.24,672820039172.49,0,NORMAL
perbankan,47655.68,448.84,1950.22,0.0,2399.06,2407.7,122356.04,30589.01,0.0,33514.41,9308875.25,0.0,0.0,2307944216.15,0.0,342473882.4,13402209002.31,0,NORMAL
perbankan,17267.45,229.02,958.3,0.0,1187.32,1190.33,61506.55,15376.64,0.0,16847.19,4679432.27,0.0,0.0,1130449271.71,0.0,173556392.45,7264334018.67,0,NORMAL
pertambangan,651228.19,504107.39,100982.15,0.0,605089.54,632846.99,89061829.84,22265457.46,31569017.97,19748191.91,494121462.76,0.0,190240.92,1827073522842.76,37383436022.56,191629490310.46,607323032130.84,0,NORMAL
perhotelan,25584.81,810.77,1807.61,0.0,2618.38,2684.69,102479.69,25619.92,0.0,238595.82,8650167.28,0.0,0.0,2292843988.52,0.0,2626065340.17,15264565911.83,0,NORMAL
perhotelan,63212.32,394.78,866.75,0.0,1261.53,1285.9,49925.65,12481.41,0.0,116238.17,4214154.52,0.0,0.0,1181031183.46,0.0,1220301727.05,6676206874.31,0,NORMAL
manufaktur,499834.62,87308.44,62242.61,0.0,149551.05,142280.12,9652455.94,2413113.98,10264281.19,14982062.11,302935648.62,0.0,0.0,222547947979.53,13177774872.11,136581723849.57,430721213841.05,0,NORMAL
pertambangan,141954.78,153769.48,31999.39,0.0,185768.87,175567.9,27669068.62,6917267.16,9807628.32,6135221.77,153509990.59,0.0,59102.64,636878011475.36,10443034476.91,61077745760.19,249848065551.99,0,NORMAL
perbankan,53361.99,540.14,2264.8,0.0,2804.94,2785.03,145006.85,36251.71,0.0,39718.66,11032153.83,0.0,0.0,2631867939.89,0.0,373769677.98,13487845017.87,0,NORMAL
pertanian,166656.32,24902.02,2351.88,1778.72,29032.61,35026.9,3316617.41,325618.85,5280210.44,1519761.72,21203363.57,0.0,0.0,67777394860.13,6803201394.42,16250461424.86,29186172646.48,1,SCOPE2_ELECTRICITY_MISMATCH
perhotelan,18544.22,402.75,1062.78,162.6,1628.13,1599.23,51720.84,12930.21,0.0,120417.78,5099625.24,0.0,0.0,884771697.0,0.0,1256118654.82,8273195482.15,0,NORMAL
perbankan,8481.65,17.11,71.89,0.0,89.0,83.71,4567.23,1141.81,0.0,1251.0,347475.74,0.0,0.0,86240001.08,0.0,14094809.21,585349387.7,0,NORMAL
konstruksi,126900.06,25598.62,10456.28,0.0,36054.9,34567.42,6100167.89,1525041.97,504531.2,2524900.6,50394074.81,0.0,0.0,128746492639.14,765646116.38,33770211318.11,61580404371.87,0,NORMAL
pertanian,337637.34,19109.48,7049.89,0.0,26159.37,26325.46,4831919.43,1207979.86,0.0,1874966.27,33886748.85,0.0,0.0,79913285355.39,0.0,21928258466.59,59499352828.99,0,NORMAL
konstruksi,265215.13,72957.75,29500.77,0.0,102458.52,99184.83,17173507.47,4293376.87,1420382.29,7108230.48,141872000.23,0.0,0.0,379022529806.13,1432590959.29,84138006881.41,207808707170.23,0,NORMAL
manufaktur,279407.01,29887.29,21821.94,0.0,51709.23,50543.99,3359678.25,839919.56,3572632.97,5214725.51,105441176.55,0.0,0.0,83900353590.99,5491344926.19,52843015877.75,164794435236.6,0,NORMAL
manufaktur,274821.39,71261.65,51562.69,0.0,122824.34,123429.08,7873752.28,1968438.07,8372833.61,12221246.74,247112265.52,0.0,0.0,180108392507.95,7352258781.2,140956141910.74,466099454589.47,0,NORMAL
manufaktur,400719.78,52746.2,38200.49,4908.38,95855.07,95051.77,5935166.56,1483791.64,6311369.76,9212270.39,187077462.82,0.0,0.0,120511817237.34,9220538467.81,113506839328.07,270375286227.99,0,NORMAL
pertanian,160218.9,32214.44,11641.05,0.0,43855.49,42547.71,8139023.71,2034755.93,0.0,3158246.97,57079811.91,0.0,0.0,194182856893.6,0.0,25880629835.08,89573778299.89,0,NORMAL
perhotelan,67223.61,2264.77,5006.19,0.0,7270.96,7694.74,289406.84,72351.71,0.0,673804.36,24428427.05,0.0,0.0,5624791242.27,0.0,5814295068.44,38174345373.35,0,NORMAL
pertambangan,129974.27,140173.45,9668.38,0.0,149841.83,179175.62,3902563.16,657300.59,4486412.27,292134.68,29784205.32,0.0,25994.85,82876760913.6,4544385889.78,3025246140.95,48043475815.41,1,SCOPE2_ELECTRICITY_MISMATCH
perbankan,67984.17,464.37,1982.33,0.0,2446.7,2487.83,124919.49,31229.87,0.0,34216.56,9503902.7,0.0,0.0,2857784589.06,0.0,311178742.81,13286967208.07,0,NORMAL
pertanian,108257.27,21919.49,8103.57,0.0,30023.06,30873.37,5630890.8,1407722.7,0.0,2184997.17,39490017.39,0.0,0.0,117415441121.04,0.0,23683234348.95,48655806289.58,0,NORMAL
manufaktur,358619.82,62979.13,45093.92,0.0,108073.05,107453.33,6961554.85,1740388.71,7402816.13,10805379.26,218483580.59,0.0,0.0,121612669163.25,8681065731.3,102538732702.57,288070647525.04,0,NORMAL
konstruksi,273484.23,64614.86,26012.29,0.0,90627.15,88425.6,15428752.47,3857188.12,1276077.51,6386064.62,127458411.02,0.0,0.0,264669984120.14,1105014953.38,78333471219.32,203079372381.43,0,NORMAL
perhotelan,76287.14,1754.53,3978.13,0.0,5732.66,5389.75,226275.37,56568.84,0.0,526820.06,19099587.43,0.0,0.0,4439154628.09,0.0,5287419620.29,33040715628.64,0,NORMAL
perbankan,63156.0,128.9,976.28,191.74,1296.92,1234.48,34780.59,8695.15,0.0,9526.71,4655202.25,0.0,0.0,639989751.29,0.0,80053073.94,7578215681.83,0,NORMAL
pertambangan,272778.83,305506.99,62944.31,0.0,368451.3,364549.19,54848076.75,13712019.19,19441548.91,12161779.61,304301090.19,0.0,117158.48,1227386584791.98,20666367693.53,93746920370.85,383411155362.59,0,NORMAL
pertambangan,312696.06,316010.81,59038.78,19996.09,395045.68,412804.37,56731224.12,14182806.03,20109052.75,12579340.71,288134128.73,0.0,121180.98,1287822235860.34,24322121581.37,104586639773.31,508046430341.5,0,NORMAL
konstruksi,94066.37,30929.35,11784.18,4721.48,47435.01,44823.24,7311908.94,1827977.23,604751.59,3026448.39,56879460.1,0.0,0.0,122581007030.4,908231312.2,29705091219.08,72086155440.45,0,NORMAL
pertanian,289860.18,20880.76,7474.2,1494.33,29849.29,31106.76,5307162.48,1326790.62,0.0,2059378.42,35939635.51,0.0,0.0,87617334098.59,0.0,22935998634.16,49277978361.11,0,NORMAL
pertanian,115437.41,11829.04,4215.46,853.48,16897.98,17784.8,3038456.6,759614.15,0.0,1179035.31,20576159.72,0.0,0.0,49485712552.41,0.0,11415960557.59,27861662281.15,0,NORMAL
konstruksi,216378.79,74552.3,6590.32,0.0,81142.62,116812.72,3993163.23,401662.78,4120610.45,1360725.4,12959943.38,0.0,0.0,77319630707.12,4533094566.77,14859447016.53,21997001109.22,1,SCOPE2_ELECTRICITY_MISMATCH
perbankan,335550.15,1577.24,2390.19,0.0,3967.43,15115.08,4737516.88,1162679.14,4167178.41,1663667.33,19747110.53,0.0,0.0,102655249009.2,4995291177.26,18579255203.69,28564509280.35,1,SCOPE2_ELECTRICITY_MISMATCH
pertanian,202885.49,27113.95,9866.26,0.0,36980.21,35489.14,6848612.71,1712153.18,0.0,2657519.02,48030026.58,0.0,0.0,117407587962.15,0.0,35696412006.93,90898925379.65,0,NORMAL
perbankan,44706.07,429.5,1790.77,0.0,2220.27,2293.98,114604.42,28651.1,0.0,31391.17,8719130.0,0.0,0.0,2488215178.43,0.0,423687133.15,12060887512.47,0,NORMAL
pertambangan,317996.26,447684.07,83971.54,28016.12,559671.73,590441.2,80939972.67,20234993.17,28690129.73,17947285.8,411088758.69,0.0,172892.19,1597506939007.92,34649449791.03,239360605190.77,660428497587.25,0,NORMAL
pertambangan,490982.9,460192.98,92862.1,0.0,553055.08,524047.26,81655054.42,20413763.6,28943598.9,18105844.99,453028137.91,0.0,174419.64,1710547278479.36,39528088056.68,179327601729.25,700100399936.63,0,NORMAL
pertanian,56179.35,7114.73,2598.07,513.05,10225.85,10516.94,1834669.68,458667.42,0.0,711920.76,12424221.03,0.0,0.0,32541354905.4,0.0,5483551096.28,18373015447.59,0,NORMAL
pertanian,180272.97,30244.4,11409.54,0.0,41653.94,39778.9,7763357.31,1940839.33,0.0,3012474.29,54445224.75,0.0,0.0,128926845697.52,0.0,35214856154.3,98348312557.21,0,NORMAL
perbankan,374443.57,1944.87,14586.55,0.0,16531.42,18709.52,3151656.08,413194.12,3459256.07,1407672.64,6258291.62,0.0,0.0,4169427048.17,4745411785.11,12507995899.93,8808051811.73,1,FUEL_PRICE_INVOICE_FRAUD
perhotelan,47999.38,1236.75,2767.6,0.0,4004.35,3996.23,159626.77,39906.69,0.0,371647.09,13473872.22,0.0,0.0,2667481857.16,0.0,4325867541.97,17704865601.92,0,NORMAL
perbankan,33651.6,162.2,694.14,0.0,856.34,859.09,44571.75,11142.94,0.0,12208.6,3391028.55,0.0,0.0,1061568648.26,0.0,151415438.54,5203541455.96,0,NORMAL
manufaktur,425940.25,120027.67,87398.69,0.0,207426.36,209924.63,13495103.04,3373775.76,14350496.21,20946427.86,423534468.34,0.0,0.0,225172133770.5,21081604816.45,170884212742.83,639925758952.63,0,NORMAL
pertambangan,179164.94,205162.9,40983.43,0.0,246146.33,247280.18,36114382.54,9028595.64,12801169.63,8007849.81,200365202.01,0.0,77142.29,893174493093.94,14850159649.44,101095066744.11,322293766259.31,0,NORMAL
manufaktur,76712.39,17691.06,12683.83,0.0,30374.89,30779.32,1977481.61,494370.4,2102825.17,3069348.62,62061891.55,0.0,0.0,46895340391.13,2768591135.22,40472020752.82,104929213783.07,0,NORMAL
perbankan,30391.42,445.34,1855.31,0.0,2300.65,2368.19,119460.79,29865.2,0.0,32721.37,9088603.71,0.0,0.0,2955198599.21,0.0,313412028.48,13391708776.54,0,NORMAL
manufaktur,137441.67,20239.62,14432.29,0.0,34671.91,36177.52,2227310.69,556827.67,2368489.77,3457120.89,69902604.25,0.0,0.0,41813958932.28,2233237006.59,32017635814.87,84045836658.74,0,NORMAL
pertambangan,313770.39,199816.11,41619.63,0.0,241435.74,238619.47,35943438.4,8985859.6,12740576.46,7969945.38,199416791.59,0.0,76777.14,858315777457.46,12809328314.4,67096672691.45,249840898003.33,0,NORMAL
manufaktur,243491.0,50814.92,37171.56,0.0,87986.48,89318.36,5652813.45,1413203.36,6011119.57,8774015.94,177409637.62,0.0,0.0,129867106980.77,5335660602.51,109659786442.24,267576255308.43,0,NORMAL
pertambangan,162360.24,149792.55,28031.37,9222.5,187046.42,192101.94,26431348.26,6607837.06,9368903.71,5860774.91,134243066.64,0.0,56458.8,474709734119.53,10802717672.28,63595159261.5,233851241579.74,0,NORMAL
perbankan,18475.67,57.4,244.4,0.0,301.8,284.47,15329.48,3832.37,0.0,4198.88,1166270.38,0.0,0.0,250208367.04,0.0,38702639.17,1605663979.61,0,NORMAL
pertanian,227671.51,26584.12,9726.06,0.0,36310.18,34361.8,6732718.26,1683179.57,0.0,2612547.62,47217246.89,0.0,0.0,135501804744.24,0.0,29130269487.26,77283714982.48,0,NORMAL
konstruksi,52387.73,16930.95,6962.25,0.0,23893.2,22794.92,4088450.47,1022112.62,338146.57,1692237.2,33775083.33,0.0,0.0,80080276607.84,451392424.78,15645371698.2,48136876898.48,0,NORMAL
pertambangan,574523.5,471535.96,89704.93,29807.56,591048.45,561197.05,84483778.36,21120944.59,29946273.53,18733074.22,429087513.02,0.0,180461.95,2083454930885.56,26993623057.46,245715318176.49,528915197855.83,0,NORMAL
pertambangan,695591.33,648907.16,121360.42,40882.42,811150.0,838480.83,116160700.53,29040175.13,41174532.9,25756980.42,589972502.04,0.0,248125.58,2554628980726.14,50970710836.96,340223907336.88,880180364383.42,0,NORMAL
perbankan,56402.8,450.54,1923.61,0.0,2374.15,2425.06,123057.47,30764.37,0.0,33706.53,9362240.27,0.0,0.0,2397774835.46,0.0,262400756.66,17572172393.13,0,NORMAL
perhotelan,99707.83,1388.04,3604.84,546.33,5539.21,5866.78,175391.2,43847.8,0.0,408350.25,17293402.95,0.0,0.0,3213754035.35,0.0,3980424523.7,22901709139.74,0,NORMAL
pertanian,175950.22,26454.56,9490.8,1874.5,37819.86,35576.51,6686221.79,1671555.45,0.0,2594505.24,45278503.31,0.0,0.0,131473653254.99,0.0,32362485402.4,55214436182.77,0,NORMAL
konstruksi,326334.21,118502.75,46597.59,18546.03,183646.37,189499.53,28706353.09,7176588.27,2374238.08,11881753.0,223307193.59,0.0,0.0,492906904860.81,2313831156.96,103295602873.09,278902999261.66,0,NORMAL
perhotelan,61287.86,1013.95,2674.7,404.98,4093.63,4124.32,129563.04,32390.76,0.0,301651.97,12774790.99,0.0,0.0,3079847480.55,0.0,3240435171.56,22354326920.04,0,NORMAL
perhotelan,97043.15,1664.73,3785.24,0.0,5449.97,5597.44,214074.06,53518.52,0.0,498412.67,18069692.34,0.0,0.0,4740568738.35,0.0,4422903141.05,30889755663.71,0,NORMAL
perbankan,5115.04,64.44,272.14,0.0,336.58,322.66,17192.16,4298.04,0.0,4709.09,1307983.77,0.0,0.0,378099574.76,0.0,42038190.25,2271928473.78,0,NORMAL
konstruksi,82672.61,25748.77,9943.62,3911.2,39603.59,39288.51,6097322.0,1524330.5,504295.83,2523722.66,47431168.26,0.0,0.0,113037115554.27,465091094.16,20540126805.48,88693565430.43,0,NORMAL
manufaktur,377453.41,51864.58,37558.11,4725.18,94147.87,90790.3,5834954.05,1458738.51,6204805.24,9056725.52,183918747.47,0.0,0.0,115065651314.93,6255543458.17,94995122125.37,311359596652.46,0,NORMAL
perbankan,112990.17,192.41,4920.6,0.0,5113.01,6285.57,4911197.51,378230.94,3283868.51,1610855.36,11130259.9,0.0,0.0,98353960874.03,3699630151.18,15650738252.71,15042191109.98,1,SCOPE1_UNDERREPORTING_FRAUD
manufaktur,141084.73,13168.96,9553.07,0.0,22722.03,23596.62,1450352.89,362588.22,1542284.16,2251165.63,45518321.48,0.0,0.0,35314267398.31,1402586356.85,21876210114.1,85045170335.36,0,NORMAL
manufaktur,332584.25,46023.77,33567.51,0.0,79591.28,82230.86,5140764.72,1285191.18,5466614.4,7979239.35,161339342.41,0.0,0.0,86977712095.98,5692704769.71,64537458706.39,287550392985.77,0,NORMAL
pertambangan,193508.69,220535.04,41540.7,13616.78,275692.52,260903.88,39375331.29,9843832.82,13957051.45,8730918.74,199984698.89,0.0,84107.85,862702840839.82,19853095307.67,87951011868.12,301159050223.11,0,NORMAL
pertambangan,109861.49,103931.06,6579.33,0.0,110510.39,132630.98,4630832.04,1100801.66,1037716.16,881809.43,13072698.03,0.0,21972.3,90522320625.57,1416654179.38,9336007005.46,19711052209.58,1,SCOPE2_ELECTRICITY_MISMATCH
perhotelan,97132.14,2403.75,1765.17,0.0,4168.92,9505.08,5281785.9,533251.76,6328086.88,1726792.02,12879395.0,0.0,0.0,116150104118.37,6874379748.63,18907918937.65,19905167333.45,1,SCOPE2_ELECTRICITY_MISMATCH
konstruksi,251531.03,123798.59,51216.92,0.0,175015.51,165524.32,29700574.92,7425143.73,2456467.94,12293268.12,245359311.63,0.0,0.0,557494210469.04,2247459891.07,148841954981.76,297887306504.38,0,NORMAL
manufaktur,187130.93,32074.34,22966.0,0.0,55040.34,57295.23,3568933.53,892233.38,3795151.99,5539521.15,112008508.65,0.0,0.0,77339236607.24,5894434591.77,43950302532.79,138654652104.13,0,NORMAL
perhotelan,59851.47,2563.49,6796.81,1045.15,10405.45,10383.61,331259.57,82814.89,0.0,771246.96,32661873.91,0.0,0.0,7869094712.41,0.0,7004983477.36,50140671687.92,0,NORMAL
konstruksi,164647.86,35370.69,13408.82,5490.17,54269.68,52842.77,8422176.65,2105544.16,696579.34,3485995.67,65516250.93,0.0,0.0,175730561105.66,931839691.65,39377192697.89,96715986880.05,0,NORMAL
pertanian,299556.98,21302.72,7896.45,0.0,29199.17,27554.94,5475334.09,1368833.52,0.0,2124635.32,38399082.13,0.0,0.0,106919499433.79,0.0,27499574500.99,60630368808.39,0,NORMAL
pertambangan,772055.36,794736.89,151195.05,51132.09,997064.03,940813.99,143796466.54,35949116.63,50970356.71,31884817.8,730332726.67,0.0,307157.08,3426817340896.13,71348305386.05,411609597510.3,895121634230.8,0,NORMAL
pertambangan,663213.63,667196.44,134893.5,0.0,802089.94,814299.09,118438631.36,29609657.84,41981972.4,26262079.12,657106078.77,0.0,252991.36,2480416866393.08,65804531963.32,338127578352.39,1216333935859.32,0,NORMAL
manufaktur,355466.4,37015.58,26797.73,0.0,63813.31,66458.65,4067313.63,1016828.41,4325122.13,6313081.95,127649822.93,0.0,0.0,72117700367.73,6532168723.46,53763371244.39,231101156503.88,0,NORMAL
perbankan,10433.31,91.06,396.47,0.0,487.53,500.86,24872.31,6218.08,0.0,6812.75,1892290.88,0.0,0.0,422308319.84,0.0,63020317.18,2772868761.73,0,NORMAL
perhotelan,105798.61,2623.44,6761.43,1059.91,10444.78,10700.81,333577.52,83394.38,0.0,776643.67,32890421.54,0.0,0.0,6974639245.67,0.0,7770129186.92,57168245571.55,0,NORMAL
manufaktur,285925.46,27417.02,5572.59,0.0,32989.61,48071.92,3058621.47,508587.84,3645949.98,494873.51,10068965.98,0.0,0.0,68788752523.75,4179683539.16,4697451189.06,14070095795.56,1,SCOPE2_ELECTRICITY_MISMATCH
pertambangan,605178.9,529521.34,100377.64,33045.82,662944.8,673029.12,95116543.23,23779135.81,33715182.68,21090738.35,483090621.32,0.0,203174.11,2275952918356.18,51684942674.96,200569978002.31,690164250893.41,0,NORMAL
konstruksi,59411.44,20722.21,8555.32,0.0,29277.53,29208.64,4931031.28,1232757.82,407834.54,2040987.08,40735724.59,0.0,0.0,86844802705.62,509505380.81,15405434210.46,50154318319.96,0,NORMAL
pertanian,160746.57,20187.47,7605.39,0.0,27792.86,29439.36,5163086.27,1290771.57,0.0,2003471.44,36209256.02,0.0,0.0,120757120255.87,0.0,26848864986.72,55584490060.17,0,NORMAL
perbankan,60548.7,249.07,1093.05,0.0,1342.12,1293.4,68389.32,17097.33,0.0,18732.44,5203075.27,0.0,0.0,1519626395.12,0.0,196210824.09,7560224141.87,0,NORMAL
perbankan,5432.55,10.27,43.57,0.0,53.84,51.92,2794.13,698.53,0.0,765.34,212578.05,0.0,0.0,65991104.96,0.0,6177709.51,360840302.68,0,NORMAL
pertambangan,607479.38,556923.53,106262.23,35493.06,698678.82,736431.88,99869380.19,24967345.05,35399881.9,22144612.23,507229965.4,0.0,213326.43,1906049765600.0,43548405976.77,186243834905.85,840316671012.55,0,NORMAL
pertanian,123851.04,22813.82,8487.51,0.0,31301.33,32998.24,5873502.21,1468375.55,0.0,2279139.51,41191476.22,0.0,0.0,116038178049.27,0.0,24123965182.44,76112345617.89,0,NORMAL
manufaktur,194385.74,29244.95,21111.39,0.0,50356.34,51926.73,3233186.61,808296.65,3438123.59,5018391.47,101471323.88,0.0,0.0,54835858347.11,4899758720.44,58748054160.98,135647751255.29,0,NORMAL
perhotelan,32548.32,329.96,732.95,0.0,1062.91,1043.44,42573.93,10643.48,0.0,99121.69,3593605.52,0.0,0.0,937285882.25,0.0,772740378.42,6336249975.54,0,NORMAL
perhotelan,50297.76,469.73,1020.28,0.0,1490.01,1536.82,59186.65,14796.66,0.0,137799.87,4995862.65,0.0,0.0,1289044224.85,0.0,1566939290.67,6995433875.59,0,NORMAL
pertanian,213280.64,25358.67,9405.66,0.0,34764.33,35059.83,6396684.68,1599171.17,0.0,2482153.97,44860608.74,0.0,0.0,115827793735.71,0.0,19624958188.03,71301048286.63,0,NORMAL
pertambangan,386629.0,266637.5,49994.53,0.0,177007.48,345065.96,4278769.24,583965.26,1635918.83,1106291.63,26257549.01,0.0,77325.8,92088307593.89,1769751760.43,9888141187.17,37485046269.17,1,SCOPE_MATH_DISCREPANCY
perbankan,73119.7,801.98,3476.04,0.0,4278.02,4409.87,218331.58,54582.9,0.0,59802.96,16610716.08,0.0,0.0,4139929103.25,0.0,591801037.9,26031992188.36,0,NORMAL
perhotelan,48430.38,1000.38,2198.86,0.0,3199.24,3273.25,126401.82,31600.46,0.0,294291.94,10669401.31,0.0,0.0,2555987128.84,0.0,3571068818.27,20215447320.02,0,NORMAL
konstruksi,100110.58,29446.52,12071.75,0.0,41518.27,43134.75,7021330.5,1755332.62,580718.5,2906176.01,58003887.89,0.0,0.0,119373152311.91,830215280.91,34761801081.52,106536751708.79,0,NORMAL
pertanian,247756.38,31050.44,11326.92,0.0,42377.36,42217.1,7863948.27,1965987.07,0.0,3051507.36,55150679.49,0.0,0.0,143803383442.12,0.0,26542835363.99,78581083846.46,0,NORMAL
pertanian,78756.07,4307.19,1585.95,0.0,5893.14,6042.81,1086608.15,271652.04,0.0,421644.78,7620494.92,0.0,0.0,20870280945.48,0.0,4672560165.98,11035909793.09,0,NORMAL
pertambangan,492993.53,570389.53,104387.44,35589.27,710366.24,748944.43,100431279.97,25107819.99,35599053.91,22269205.5,510083817.13,0.0,214526.68,2242954847996.67,40802909800.53,213401954441.3,613464526079.87,0,NORMAL
manufaktur,99332.93,2118.4,1059.2,0.0,3177.61,38398.95,2179892.87,424278.68,7979138.16,1043148.03,13071303.72,0.0,0.0,45917329195.86,10972928994.58,9089515415.4,21965507926.02,1,SECTOR_INTENSITY_ANOMALY
perbankan,71268.72,328.74,1412.54,0.0,1741.28,1775.12,89954.98,22488.74,0.0,24639.47,6843795.2,0.0,0.0,1968550690.77,0.0,237323912.14,8451104082.76,0,NORMAL
manufaktur,411620.44,72920.15,52565.64,0.0,125485.79,128140.78,8073855.37,2018463.84,8585620.32,12531836.81,253392362.57,0.0,0.0,129431361552.55,11313436659.1,131514226285.6,407515938579.42,0,NORMAL
perbankan,78798.95,742.87,3086.42,0.0,3829.29,3744.96,198912.93,49728.23,0.0,54484.02,15133340.45,0.0,0.0,4407479134.57,0.0,731701727.85,18311764194.24,0,NORMAL
pertambangan,488634.83,560015.48,106308.1,35403.39,701726.97,671134.76,101020511.63,25255127.91,35807914.04,22399859.23,513076485.72,0.0,215785.31,2255284099835.53,46933994644.19,224684870311.17,928172072533.37,0,NORMAL
perhotelan,22817.56,612.46,1371.7,0.0,1984.16,2034.19,77632.92,19408.23,0.0,180746.93,6552886.17,0.0,0.0,1469443839.43,0.0,2157644476.7,8087827998.17,0,NORMAL
perbankan,46140.01,486.65,2098.25,0.0,2584.9,2474.76,131678.42,32919.61,0.0,36067.89,10018124.2,0.0,0.0,2745167292.83,0.0,360452335.31,13690083375.12,0,NORMAL
perhotelan,28681.87,572.65,1253.88,0.0,1826.53,1895.27,72564.54,18141.14,0.0,168946.61,6125071.69,0.0,0.0,1396477517.11,0.0,2156601111.99,7433622142.06,0,NORMAL
pertambangan,653222.83,605390.11,113958.64,37916.95,757265.7,722013.85,109175533.25,27293883.31,38698557.81,24208119.09,554495300.2,0.0,233204.88,2363026251501.93,60326969554.63,293121180173.18,973285825226.83,0,NORMAL
manufaktur,273659.57,52319.72,37434.75,0.0,89754.47,94711.58,5791582.91,1447895.73,6158684.99,8989406.98,181764820.89,0.0,0.0,124662243300.64,8741401687.7,96152568683.91,279463856727.03,0,NORMAL
pertambangan,407043.72,296504.36,56358.62,18544.28,371407.26,356388.88,53378404.09,13344601.02,18920606.07,11835900.63,271105377.91,0.0,114019.18,958861357097.45,24696152339.38,121221513745.56,471137226772.33,0,NORMAL
pertambangan,64854.13,36169.58,6781.8,0.0,42951.37,45608.54,4095408.25,840734.42,6832454.04,978123.66,10611061.04,0.0,12970.83,5966668834.06,6859719333.05,8602291880.84,17451458238.98,1,FUEL_PRICE_INVOICE_FRAUD
pertambangan,248175.04,246093.86,46142.6,0.0,292236.45,312803.61,3225151.99,599991.3,4475925.75,1287372.42,28495609.62,0.0,49635.01,1704794468.43,5758268729.21,12095283888.44,40718751859.84,1,FUEL_PRICE_INVOICE_FRAUD
perbankan,32224.05,384.2,1604.21,0.0,1988.41,2070.2,103306.22,25826.55,0.0,28296.49,7859560.31,0.0,0.0,1896341239.34,0.0,235072660.97,12670148712.57,0,NORMAL
konstruksi,81706.82,19864.08,7994.68,0.0,27858.76,26830.03,4740667.06,1185166.76,392089.94,1962194.04,39163107.41,0.0,0.0,108012820144.86,507808711.11,20942811408.08,64396277225.88,0,NORMAL
manufaktur,367896.42,57296.04,41669.85,5208.73,104174.62,99223.78,2809703.07,652101.04,4994964.22,432575.14,7565344.03,0.0,0.0,2138053638.43,6912344949.48,4283951017.31,11323587937.66,1,FUEL_PRICE_INVOICE_FRAUD
perbankan,16854.42,133.82,571.02,0.0,704.84,727.06,36491.8,9122.95,0.0,9995.43,2776304.09,0.0,0.0,609060064.8,0.0,108292800.45,3713010984.86,0,NORMAL
pertambangan,747440.9,659649.16,137222.03,0.0,796871.19,817882.13,117949696.35,29487424.09,41808663.6,26153664.75,654393432.04,0.0,251946.97,1926425498353.08,36526263812.65,204257256280.97,1068811876594.38,0,NORMAL
pertambangan,101693.86,73007.74,13671.7,4513.63,91193.07,92917.31,12954023.02,3238505.76,4591706.53,2872370.05,65792624.7,0.0,27670.5,268490132209.78,5434531776.54,37969684185.69,102930359908.74,0,NORMAL
pertambangan,686644.81,704479.95,143164.46,0.0,847644.41,806046.03,124716623.35,31179155.84,44207280.84,27654134.41,691936831.63,0.0,266401.49,2711001344171.99,57919499357.25,212234681305.46,1193346992786.48,0,NORMAL
perbankan,15649.75,230.57,1000.55,0.0,1231.12,1301.29,63032.29,15758.07,0.0,17265.1,4795511.22,0.0,0.0,1432569231.74,0.0,217092113.96,6094749925.25,0,NORMAL
konstruksi,74099.77,9969.16,4115.21,0.0,14084.37,14733.45,2390571.53,597642.88,197718.81,989473.67,19748741.8,0.0,0.0,49894631254.23,265698058.85,10706754989.04,26936835183.24,0,NORMAL
perbankan,53586.78,437.05,3285.69,641.41,4364.15,4351.85,116931.4,29232.85,0.0,32028.55,15650664.56,0.0,0.0,2393828403.67,0.0,389217064.01,28555532316.93,0,NORMAL
pertanian,394519.17,38390.38,13548.92,2679.89,54619.19,54597.93,9699291.83,2424822.96,0.0,3763689.61,65682747.45,0.0,0.0,235295745042.79,0.0,39052734471.44,101055688179.24,0,NORMAL
pertambangan,421389.65,264141.8,49484.34,16808.56,330434.7,344237.37,47575368.64,11893842.16,16863651.58,10549160.2,241632145.35,0.0,101623.58,869968055095.44,23007822607.85,134824141391.21,425435424313.7,0,NORMAL
konstruksi,243131.36,86315.82,33649.08,13661.04,133625.94,140035.47,20902076.17,5225519.04,1728763.84,8651510.19,162597594.9,0.0,0.0,473377183657.72,1656576703.89,101111793402.25,260299094952.96,0,NORMAL
perbankan,59343.71,342.84,1451.51,0.0,1794.35,1885.2,92056.14,23014.04,0.0,25214.99,7003652.18,0.0,0.0,2067255126.3,0.0,282712295.35,8673635548.99,0,NORMAL
manufaktur,174056.4,32446.38,23903.09,0.0,56349.47,54265.02,3655223.13,913805.78,3886911.09,5673455.58,114716647.97,0.0,0.0,90669430600.44,3499909935.42,45440153771.16,176187865015.38,0,NORMAL
perbankan,309527.67,126.16,1025.28,0.0,1151.43,7285.02,5761857.57,1037373.73,6174748.56,544654.71,24972655.77,0.0,0.0,131001179896.98,7916922009.49,5426376506.58,38330661999.07,1,EXTREME_YOY_COLLAPSE
manufaktur,214841.41,48251.18,35240.02,0.0,83491.2,81411.53,5400758.16,1350189.54,5743087.64,8382788.24,169499056.67,0.0,0.0,117992272305.18,6916050302.67,64087101180.74,319019210413.99,0,NORMAL
pertambangan,64040.88,16542.63,15909.0,5303.0,37754.64,111261.97,4088606.7,453489.21,5082182.37,282771.5,15774076.2,0.0,12808.18,83183212955.01,6431561915.31,2623918714.38,26239151511.22,1,SCOPE1_UNDERREPORTING_FRAUD
perhotelan,101213.43,1974.86,5132.07,802.09,7909.02,8287.39,253893.52,63473.38,0.0,591121.33,25033655.34,0.0,0.0,4945274866.63,0.0,6897130307.39,32932399799.29,0,NORMAL
pertambangan,547125.22,631680.44,119761.77,39618.5,791060.71,778774.51,113920377.07,28480094.27,40380423.77,25260220.61,578594047.63,0.0,243340.13,2471022047018.34,55623072110.77,328598116383.8,827706351116.47,0,NORMAL
pertanian,144923.73,17531.4,6368.83,0.0,23900.23,23689.61,4434719.49,1108679.87,0.0,1720837.77,31101144.76,0.0,0.0,87953516850.4,0.0,16795311327.35,58663649479.9,0,NORMAL
pertambangan,609844.88,543234.22,113989.75,0.0,657223.97,665246.28,98060663.13,24515165.78,34758760.76,21743554.99,544047639.59,0.0,209462.91,2127375321173.15,49870774388.32,211002799164.29,733579434969.42,0,NORMAL
pertanian,253981.33,17485.86,6379.54,0.0,23865.4,23554.6,4434801.43,1108700.36,0.0,1720869.56,31101719.4,0.0,0.0,100927670230.68,0.0,17229248939.69,52245313146.93,0,NORMAL
perhotelan,91799.23,2558.59,5567.17,0.0,8125.76,8208.91,321553.86,80388.47,0.0,748649.87,27141912.0,0.0,0.0,6217624127.86,0.0,9467645540.97,51027546225.83,0,NORMAL
konstruksi,309153.11,114387.67,45462.33,0.0,159850.0,155494.36,26972399.71,6743099.93,2230826.68,11164058.01,222821593.31,0.0,0.0,533320046255.9,2948999370.74,129840134379.63,339195968068.73,0,NORMAL
perhotelan,106153.48,4614.21,10192.84,0.0,14807.05,14277.77,591571.9,147892.98,0.0,1377312.74,49933757.44,0.0,0.0,12637395025.62,0.0,15741261468.18,77943584415.39,0,NORMAL
perhotelan,25477.48,435.21,1134.4,174.6,1744.21,1827.43,56154.17,14038.54,0.0,130739.57,5536747.1,0.0,0.0,1305855403.25,0.0,1174460679.64,7175000497.83,0,NORMAL
manufaktur,307067.57,38966.54,28380.85,3639.88,70987.27,67225.17,4406602.21,1101650.55,4685916.66,6839708.81,138896853.5,0.0,0.0,97595867723.97,4771082997.58,64783350149.52,229589346152.34,0,NORMAL
konstruksi,61063.47,20755.11,8574.67,0.0,29329.78,27870.03,5003130.86,1250782.71,413797.73,2070829.58,41331346.18,0.0,0.0,121080260835.5,465053866.82,16200048746.37,72636198916.1,0,NORMAL
perhotelan,53586.1,588.44,1340.02,0.0,1928.46,1834.1,75875.36,18968.84,0.0,176654.95,6404533.25,0.0,0.0,1775508392.33,0.0,2043442520.69,8168967340.09,0,NORMAL
pertambangan,746681.04,787158.07,160530.04,0.0,947688.11,946979.63,138827685.94,34706921.49,49209113.72,30783061.5,770226025.8,0.0,296543.49,3338708956622.42,54865562688.96,401593795046.34,1337229934192.64,0,NORMAL
konstruksi,142036.36,19285.54,7393.08,2955.76,29634.38,29158.26,4612887.3,1153221.83,381521.56,1909305.14,35883726.32,0.0,0.0,94084599201.04,436082753.38,16873025460.97,53483228145.88,0,NORMAL
perbankan,21429.13,177.81,753.41,0.0,931.22,898.68,48258.82,12064.71,0.0,13218.52,3671542.13,0.0,0.0,814546403.5,0.0,107546849.65,4689748930.25,0,NORMAL
konstruksi,40053.51,6493.92,2490.85,981.13,9965.9,10485.62,1536180.7,384045.18,127054.06,635835.55,11949975.01,0.0,0.0,24663453165.52,158099219.78,5343217708.88,16600915856.76,0,NORMAL
perbankan,45068.19,253.83,1090.78,0.0,1344.61,1325.54,69629.36,17407.34,0.0,19072.1,5297417.19,0.0,0.0,1362963278.72,0.0,185214293.37,8926278291.72,0,NORMAL
pertambangan,153376.28,112954.29,22630.91,0.0,135585.2,128355.67,19957717.56,4989429.39,7074248.82,4425339.53,110726858.08,0.0,42630.77,450650364889.48,10256549826.07,54064928215.04,183183964161.98,0,NORMAL
pertanian,321156.94,24138.3,8763.99,1748.97,34651.26,35588.87,6187223.51,1546805.88,0.0,2400875.16,41899331.07,0.0,0.0,154159114572.57,0.0,18346337970.72,57624695066.76,0,NORMAL
pertambangan,164874.74,181979.38,37385.71,0.0,219365.09,211341.88,32213191.02,8053297.76,11418346.2,7142816.17,178721109.78,0.0,68809.13,577365566218.16,17392487345.19,55883696775.26,268025031129.77,0,NORMAL
konstruksi,99400.36,30184.24,12421.16,0.0,42605.4,44594.67,7167825.31,1791956.33,592834.76,2966811.2,59214095.68,0.0,0.0,125090229110.66,662857692.75,36674721083.55,109720630384.14,0,NORMAL
konstruksi,250788.51,64254.87,26121.01,0.0,90375.88,92665.51,15421262.51,3855315.63,1275458.03,6382964.48,127396535.72,0.0,0.0,259542076381.73,1135999919.02,78088653572.57,168234529226.0,0,NORMAL
perbankan,37625.13,285.91,1205.76,0.0,1491.67,1513.71,76750.29,19187.57,0.0,21022.58,5839179.05,0.0,0.0,1560932491.82,0.0,217371536.01,10422873247.63,0,NORMAL
pertambangan,745070.29,856748.41,178583.91,0.0,1035332.32,988664.52,154946002.53,38736500.63,54922441.49,34357068.56,859651610.06,0.0,330973.09,2992300840022.42,58564790698.28,288468848811.56,1376653420413.37,0,NORMAL
konstruksi,297854.6,55057.22,21584.01,8507.48,85148.71,84179.56,13232665.95,3308166.49,1094444.12,5477089.62,102937126.45,0.0,0.0,269590001870.44,1622108382.31,46746296424.29,139535356522.72,0,NORMAL
pertanian,61626.79,9631.15,3470.68,694.96,13796.79,14153.66,2442390.95,610597.74,0.0,947739.45,16539655.77,0.0,0.0,50629978856.82,0.0,9797008585.0,30799912753.17,0,NORMAL
pertanian,201084.02,17974.9,6635.18,0.0,24610.08,23510.21,4548640.78,1137160.2,0.0,1765043.51,31900086.49,0.0,0.0,99686406488.93,0.0,23421377513.79,39331307031.03,0,NORMAL
perhotelan,288289.63,4325.45,2268.63,1730.18,8324.25,16938.52,4399560.96,606144.71,5316396.99,651933.83,5862600.56,0.0,0.0,92982015893.05,6719673095.11,6999427168.13,8025096716.3,1,SCOPE2_ELECTRICITY_MISMATCH
perhotelan,53505.25,1195.86,2649.99,0.0,3845.85,3624.51,151191.1,37797.77,0.0,352006.95,12761829.12,0.0,0.0,2956742311.12,0.0,3998772722.35,19450046233.17,0,NORMAL
pertambangan,224178.94,240483.74,45147.48,15327.92,300959.14,304025.9,43489718.32,10872429.58,15415444.55,9643225.45,220881398.07,0.0,92896.41,826483743447.53,16843282141.53,80798791771.46,385208534796.44,0,NORMAL
perhotelan,203999.96,598.33,299.16,0.0,897.49,5256.64,3236619.74,392304.6,1000832.63,1351179.69,29651761.05,0.0,0.0,72772331160.25,1192822332.11,14508874352.22,51659584097.35,1,SECTOR_INTENSITY_ANOMALY
pertanian,272282.44,33369.69,12057.32,2440.68,47867.69,49346.55,8605110.95,2151277.74,0.0,3339106.32,58273051.19,0.0,0.0,169389344343.7,0.0,39060220576.74,77033024212.08,0,NORMAL
pertanian,218288.76,30705.31,11329.39,0.0,42034.7,40825.54,7752731.43,1938182.86,0.0,3008351.05,54370704.36,0.0,0.0,151629164548.92,0.0,36608015350.71,86754556918.3,0,NORMAL
pertanian,376324.95,42654.9,15134.91,2970.69,60760.5,58214.89,10724642.48,2681160.62,0.0,4161564.19,72626331.52,0.0,0.0,265913816857.98,0.0,51437121681.32,126730892937.67,0,NORMAL
pertanian,203636.61,30562.88,11136.1,0.0,41698.98,42236.73,7770582.88,1942645.72,0.0,3015278.08,54495898.4,0.0,0.0,154751437113.42,0.0,23930005234.19,77101328041.68,0,NORMAL
perbankan,32348.74,57.8,430.01,85.81,573.62,589.55,15436.0,3859.0,0.0,4228.06,2066028.91,0.0,0.0,325314925.79,0.0,34576246.55,3848269662.45,0,NORMAL
manufaktur,193476.93,41164.08,30039.22,3772.71,74976.01,71324.3,4578513.96,1144628.49,4868725.12,7106541.68,144315541.26,0.0,0.0,74857030544.14,5333956815.77,72594528432.26,272641035893.98,0,NORMAL
pertanian,126182.62,1342.92,671.46,0.0,2014.39,16364.86,5842175.33,700569.5,5486747.16,1521880.02,10281875.7,0.0,0.0,113337786830.18,5782039550.07,17335770337.26,14097820289.76,1,SECTOR_INTENSITY_ANOMALY
manufaktur,273510.32,54360.54,39270.66,0.0,93631.2,99099.09,5987691.02,1496922.75,6367223.5,9293796.24,187919538.11,0.0,0.0,149280328395.28,6069024125.76,91585894498.27,319709849787.84,0,NORMAL
perhotelan,71703.78,2492.58,5640.84,0.0,8133.42,8222.43,320816.67,80204.17,0.0,746933.51,27079686.36,0.0,0.0,5730337828.78,0.0,5743016081.32,41181774706.64,0,NORMAL
perhotelan,109121.73,1542.58,3389.33,0.0,4931.91,4921.88,194978.5,48744.62,0.0,453953.89,16457862.48,0.0,0.0,3123930987.31,0.0,4125513301.11,26028240164.37,0,NORMAL
konstruksi,42596.21,13651.23,5600.72,0.0,19251.95,19518.05,3228299.71,807074.93,267005.43,1336215.0,26669294.99,0.0,0.0,55327098322.79,396054420.08,13501911671.72,39172269066.81,0,NORMAL
perbankan,31894.66,103.68,444.52,0.0,548.2,542.27,27811.22,6952.81,0.0,7617.74,2115883.92,0.0,0.0,459306650.09,0.0,84004026.82,2653116622.3,0,NORMAL
konstruksi,343550.08,133211.06,53340.49,0.0,186551.55,182238.81,31613252.28,7903313.07,2614661.19,13084938.17,261160123.61,0.0,0.0,699975637737.83,3961434707.88,141092201454.48,464205076500.41,0,NORMAL
perhotelan,52141.81,701.45,1568.31,0.0,2269.76,2235.97,88791.39,22197.85,0.0,206726.36,7494756.73,0.0,0.0,1658080150.55,0.0,2188101936.07,11818847713.1,0,NORMAL
konstruksi,144200.01,49600.02,19257.76,7545.21,76402.99,77492.95,11818377.14,2954594.29,977471.47,4891705.95,91935350.5,0.0,0.0,246935182906.46,1468658684.12,48928109827.77,168027737186.98,0,NORMAL
perbankan,375692.57,460.63,230.32,0.0,690.95,16544.46,3337442.42,1001560.48,1090819.14,1365684.15,25199352.93,0.0,0.0,75664181492.09,1453911729.35,11750589907.06,34303876303.2,1,SECTOR_INTENSITY_ANOMALY
manufaktur,390822.02,48075.42,35137.34,0.0,83212.76,80747.5,5370213.61,1342553.4,5710607.01,8335378.51,168540437.04,0.0,0.0,94503986910.43,6899265947.85,107862867769.78,217735550605.28,0,NORMAL
perhotelan,22197.3,429.33,1089.14,167.39,1685.86,1747.51,54055.84,13513.96,0.0,125854.19,5329853.91,0.0,0.0,1045058946.61,0.0,1039939190.72,9733456051.88,0,NORMAL
konstruksi,82105.06,27448.35,10982.62,0.0,38430.97,40340.77,6508043.51,1627010.88,538265.68,2693723.07,53763574.63,0.0,0.0,132667244940.75,609968504.7,20994113447.66,93804531641.92,0,NORMAL
perhotelan,97391.51,3456.49,7597.44,0.0,11053.93,10510.85,437671.36,109417.84,0.0,1018997.58,36943227.58,0.0,0.0,8576437114.31,0.0,12137954705.79,63229398349.47,0,NORMAL
perhotelan,93377.5,1811.2,4058.97,0.0,5870.17,5883.23,232663.12,58165.78,0.0,541692.18,19638768.51,0.0,0.0,4845962338.46,0.0,5898881853.03,35926964318.37,0,NORMAL
perhotelan,20143.77,377.84,986.12,151.87,1515.83,1530.12,48150.54,12037.63,0.0,112105.31,4747596.64,0.0,0.0,873232421.82,0.0,1349842202.71,6874356255.08,0,NORMAL
manufaktur,113074.05,13442.8,9519.76,0.0,22962.56,23494.24,1487096.52,371774.13,1581356.8,2308197.27,46671495.04,0.0,0.0,33709077266.13,1843923486.63,23145267202.16,72108844468.27,0,NORMAL
konstruksi,106633.39,39031.68,16039.26,0.0,55070.94,56774.45,9419656.19,2354914.05,779078.64,3898859.18,77816687.59,0.0,0.0,195015671771.28,1068216772.18,32851179352.42,129310609542.06,0,NORMAL
pertanian,75896.13,14030.51,5186.68,0.0,19217.19,19576.29,3604277.24,901069.31,0.0,1398594.97,25277167.67,0.0,0.0,86261539300.31,0.0,17456372253.85,33547289423.71,0,NORMAL
manufaktur,370723.64,60131.59,44044.01,5434.54,109610.14,111495.46,6651280.85,1662820.21,7072875.28,10323787.39,209649507.59,0.0,0.0,135507011024.89,7741143579.99,79337555048.02,376777030327.73,0,NORMAL
pertanian,69950.17,6971.46,2548.17,0.0,9519.63,9003.1,1763709.76,440927.44,0.0,684385.65,12369078.27,0.0,0.0,28570973410.1,0.0,8408114690.17,19038443132.32,0,NORMAL
manufaktur,307187.35,38078.55,27181.34,0.0,65259.89,65862.27,4231811.65,1057952.91,4500046.93,6568407.6,132812479.59,0.0,0.0,89761259687.26,4672387053.72,80541703321.3,181772713853.56,0,NORMAL
perbankan,52404.71,406.06,1692.2,0.0,2098.26,1987.57,109029.47,27257.37,0.0,29864.14,8294986.64,0.0,0.0,2050030097.48,0.0,341813061.4,10952650858.77,0,NORMAL
manufaktur,408315.0,73856.55,54498.31,6764.97,135119.83,133085.66,8328741.39,2082185.35,8856662.4,12927458.21,262523349.95,0.0,0.0,184255643961.91,9923475845.65,101173934359.45,402516149256.29,0,NORMAL
manufaktur,404691.25,53879.63,39032.54,0.0,92912.17,89628.05,6068986.58,1517246.65,6453672.02,9419979.17,190470943.22,0.0,0.0,135876293803.54,7781566098.18,119403164563.19,247403110044.69,0,NORMAL
perbankan,66006.06,805.19,3469.56,0.0,4274.75,4182.78,218554.73,54638.68,0.0,59864.08,16627693.09,0.0,0.0,3833300983.38,0.0,697987775.35,22772991458.31,0,NORMAL
konstruksi,110168.26,23978.89,9789.38,0.0,33768.27,32906.79,5704050.26,1426012.56,471769.2,2360944.84,47121708.87,0.0,0.0,117584820426.95,451237218.25,22850569432.52,67538631354.86,0,NORMAL
manufaktur,115777.36,13336.73,9559.45,0.0,22896.18,22178.83,1479327.43,369831.86,1573095.26,2296138.47,46427667.35,0.0,0.0,25955785823.85,1999507580.33,22802013237.93,60183530854.57,0,NORMAL
pertambangan,326924.49,296270.43,61186.66,0.0,357457.09,365844.76,53516912.11,13379228.03,18969701.87,11866612.81,296915692.65,0.0,114315.04,1298500218595.17,16351081443.05,126475406230.9,506750811613.83,0,NORMAL
pertanian,194273.98,21676.78,7996.67,0.0,29673.45,29881.46,5552269.88,1388067.47,0.0,2154489.3,38938640.76,0.0,0.0,121212210337.05,0.0,28281230487.14,55836161672.89,0,NORMAL
pertambangan,629278.2,731573.21,150979.13,0.0,882552.34,909477.35,132043985.02,33010996.26,46804550.77,29278872.46,732589563.28,0.0,282053.14,2356272707508.24,68282675288.33,291942318935.07,1097624732495.88,0,NORMAL
perhotelan,96907.45,1115.87,2462.78,0.0,3578.65,3481.22,140642.62,35160.65,0.0,327447.71,11871446.73,0.0,0.0,2582952549.45,0.0,2505980193.53,16019304726.49,0,NORMAL
perhotelan,141747.34,3442.28,8949.94,1376.91,13769.13,13434.33,3410707.08,571595.73,7490981.26,820361.13,26134045.16,0.0,0.0,5229315775.89,10209941226.54,8853402243.05,39995364218.39,1,FUEL_PRICE_INVOICE_FRAUD
perbankan,44307.21,518.06,2206.45,0.0,2724.51,2696.61,139268.74,34817.19,0.0,38146.94,10595597.27,0.0,0.0,2474061225.64,0.0,293543398.94,13080117110.51,0,NORMAL
pertambangan,717330.29,389955.33,73943.59,24456.63,488355.55,472996.03,70118223.76,17529555.94,24854232.95,15547717.15,356125812.94,0.0,149776.34,1244777850667.3,31861327464.21,177420647739.47,563011364406.77,0,NORMAL
pertanian,98338.86,11221.04,4114.69,800.02,16135.75,16666.84,2893840.56,723460.14,0.0,1122918.85,19596832.65,0.0,0.0,66031202431.08,0.0,14750974364.92,30185206117.06,0,NORMAL
pertambangan,214808.73,261481.33,53508.09,0.0,314989.42,333746.55,47044370.83,11761092.71,16675433.13,10431419.0,261005566.22,0.0,100489.34,1032400463655.07,14879533028.4,83013113321.73,384003000783.61,0,NORMAL
perbankan,40659.32,378.27,1605.39,0.0,1983.66,2088.68,102437.62,25609.4,0.0,28058.57,7793477.12,0.0,0.0,2195493685.63,0.0,357176367.74,9436101748.5,0,NORMAL
perhotelan,53348.0,1585.53,4116.74,639.33,6341.6,6717.03,203457.97,50864.49,0.0,473696.03,20060759.7,0.0,0.0,4677371252.12,0.0,5621314655.71,36257090761.49,0,NORMAL
perhotelan,19454.02,145.86,326.4,0.0,472.26,457.35,18417.62,4604.41,0.0,42880.38,1554605.85,0.0,0.0,422368187.88,0.0,519124548.33,2544258482.17,0,NORMAL
perbankan,39244.94,471.2,1984.43,0.0,2455.63,2446.2,127796.95,31949.24,0.0,35004.72,9722821.14,0.0,0.0,2529220115.74,0.0,406022073.33,13752242463.66,0,NORMAL
manufaktur,198207.49,40259.47,28701.58,0.0,68961.05,71866.88,4462657.58,1115664.4,4745525.14,6926715.18,140057419.46,0.0,0.0,73246142877.93,6621837199.42,83142389735.82,235572633825.83,0,NORMAL
perbankan,29550.89,56.33,240.95,0.0,297.28,314.13,15198.94,3799.74,0.0,4163.13,1156339.09,0.0,0.0,307524437.5,0.0,55652180.27,1843667169.09,0,NORMAL
pertambangan,55490.55,12072.39,2990.36,0.0,15062.75,92820.08,3630599.02,701749.71,2813541.95,1297572.5,17393983.46,0.0,11098.11,76097761830.97,3748840489.55,14695179563.28,27573494782.91,1,EXTREME_YOY_COLLAPSE
perbankan,13744.81,89.96,380.43,0.0,470.39,498.18,24356.93,6089.23,0.0,6671.58,1853080.92,0.0,0.0,545705948.23,0.0,71264584.5,2831155100.22,0,NORMAL
pertanian,285822.58,37963.64,13697.64,0.0,51661.28,49378.25,9540553.69,2385138.42,0.0,3702093.25,66908886.03,0.0,0.0,217950522093.11,0.0,29058682655.61,118038626512.34,0,NORMAL
pertanian,59271.48,6290.25,2268.6,456.7,9015.55,9452.28,1613314.86,403328.72,0.0,626026.78,10925225.74,0.0,0.0,32153309680.23,0.0,6418083207.03,17715246729.03,0,NORMAL
perbankan,71306.04,252.86,1902.5,376.92,2532.28,2457.11,67894.91,16973.73,0.0,18597.02,9087383.34,0.0,0.0,1592398367.57,0.0,236203221.16,14593265074.12,0,NORMAL
perbankan,77872.32,536.46,2277.28,0.0,2813.74,2774.79,145364.76,36341.19,0.0,39816.7,11059383.99,0.0,0.0,3309331208.23,0.0,492404081.87,15253834224.64,0,NORMAL
perhotelan,75916.69,1238.07,3284.69,503.02,5025.78,5014.72,159189.82,39797.45,0.0,370629.77,15695961.97,0.0,0.0,2695744122.29,0.0,3761642236.37,25453424364.55,0,NORMAL
konstruksi,91736.78,9663.32,3945.37,0.0,13608.69,12910.69,2333590.83,583397.71,193006.06,965888.97,19278018.7,0.0,0.0,49551545598.01,233511564.74,7841595708.3,26140279121.65,0,NORMAL
perhotelan,56769.04,807.41,1794.45,0.0,2601.86,2743.51,102087.22,25521.81,0.0,237682.06,8617039.6,0.0,0.0,2116739577.89,0.0,2490476414.52,14353230692.64,0,NORMAL
konstruksi,277764.23,88262.5,33370.47,13510.68,135143.65,142759.48,20852640.71,5213160.18,1724675.14,8631048.52,162213035.61,0.0,0.0,356875938205.56,2330173278.06,67776990865.63,295481711033.32,0,NORMAL
pertambangan,204609.76,179547.08,36061.43,0.0,215608.51,224219.08,31772374.21,7943093.55,11262093.47,7045071.32,176275426.28,0.0,67867.52,629564786941.69,16619311145.01,56103447704.04,303897296092.25,0,NORMAL
perhotelan,21036.67,471.55,1042.69,0.0,1514.24,1513.73,60411.01,15102.75,0.0,140650.45,5099209.11,0.0,0.0,1346010814.59,0.0,1178450366.25,7687153409.72,0,NORMAL
pertambangan,233571.62,256808.54,48151.6,0.0,304960.14,325471.81,2229890.84,308184.95,1825054.13,854745.91,8542522.4,0.0,46714.32,3631813343.03,1959654270.35,7459547752.48,13850231028.53,1,FUEL_PRICE_INVOICE_FRAUD
perbankan,71962.53,237.49,1032.98,0.0,1270.47,1244.04,65243.58,16310.89,0.0,17870.79,4963746.02,0.0,0.0,1619387539.51,0.0,164317055.74,8592930760.59,0,NORMAL
manufaktur,400642.61,45380.6,33492.31,0.0,78872.91,80904.74,5097175.59,1274293.9,5420262.35,7911582.48,159971327.9,0.0,0.0,107534660338.75,5394545751.62,103971002720.99,215437695550.99,0,NORMAL
perbankan,268860.34,934.07,1465.83,0.0,2399.9,9100.1,4119862.03,852508.33,3859060.28,1843272.58,9480882.97,0.0,0.0,92578296724.69,5358790651.36,18255411186.8,15034234377.91,1,SCOPE2_ELECTRICITY_MISMATCH
pertambangan,649661.55,351196.74,66339.12,21936.68,439472.54,446252.5,62796242.78,15699060.7,22258870.28,13924172.19,318937956.68,0.0,134136.19,1191651869824.85,32569897615.69,187001318436.97,425328118747.73,0,NORMAL
manufaktur,82584.92,17200.9,12525.71,0.0,29726.61,28942.55,1909205.33,477301.33,2030221.17,2963373.57,59919087.8,0.0,0.0,34133363998.39,2889902623.24,26499390635.5,105306253818.66,0,NORMAL
manufaktur,133746.08,18945.91,13711.95,0.0,32657.86,33402.96,2126836.38,531709.1,2261646.86,3301169.67,66749287.84,0.0,0.0,50686382260.94,2205083631.76,30188969678.32,90432281661.33,0,NORMAL
perbankan,56825.7,382.11,1590.65,0.0,1972.76,1971.75,102103.98,25525.99,0.0,27967.19,7768093.64,0.0,0.0,2353014207.17,0.0,375743157.87,10880133032.48,0,NORMAL
pertanian,90983.41,12147.13,4563.37,0.0,16710.5,16087.57,3103239.28,775809.82,0.0,1204173.42,21763336.85,0.0,0.0,58563252887.09,0.0,13492632231.65,35701259629.08,0,NORMAL
manufaktur,165519.51,32802.2,23575.41,0.0,56377.61,54149.86,3603086.87,900771.72,3831470.15,5592532.27,113080387.64,0.0,0.0,72063028453.66,4739951404.51,42080414401.85,147467090599.69,0,NORMAL
pertanian,273802.93,49007.54,17979.53,0.0,66987.07,68098.8,12319729.58,3079932.39,0.0,4780517.9,86399532.92,0.0,0.0,307579196757.17,0.0,54884828229.88,153640011668.27,0,NORMAL
konstruksi,168235.05,11611.7,14025.48,5610.19,31247.37,54462.19,5702318.68,939121.18,7302466.01,551210.22,15416227.99,0.0,0.0,118311016187.69,9548452456.68,5514156675.6,21033549730.37,1,SCOPE1_UNDERREPORTING_FRAUD
perbankan,66351.77,368.42,2805.79,547.79,3722.0,3746.99,100072.95,25018.24,0.0,27410.87,13394248.49,0.0,0.0,2380380775.72,0.0,363908015.78,18803364197.38,0,NORMAL
konstruksi,311477.15,89867.95,37548.39,0.0,127416.34,121338.32,21698449.71,5424612.43,1794630.11,8981134.56,179252984.12,0.0,0.0,517735392654.07,1727177479.61,91732288583.77,246508726751.74,0,NORMAL
konstruksi,322770.68,78357.45,30109.22,12101.68,120568.35,114312.21,18516610.7,4629152.67,1531467.34,7664149.95,144041019.67,0.0,0.0,331249823936.83,1542402213.67,80023633518.51,246866164420.92,0,NORMAL
perbankan,24097.47,253.98,1084.65,0.0,1338.63,1319.62,68854.98,17213.74,0.0,18859.99,5238502.38,0.0,0.0,1258537928.36,0.0,170070425.84,8596898887.94,0,NORMAL
pertanian,352589.57,35350.57,12802.12,2568.8,50721.49,47824.62,9058493.53,2264623.38,0.0,3515035.8,61343317.98,0.0,0.0,209731723171.48,0.0,39352132686.32,116440972078.63,0,NORMAL
manufaktur,255304.08,46540.3,33313.17,0.0,79853.47,80647.48,5138647.21,1284661.8,5464362.67,7975952.66,161272885.96,0.0,0.0,112710366945.79,5514027765.67,103209196754.55,281928553015.07,0,NORMAL
pertanian,323471.7,61502.64,21814.33,4438.77,87755.74,90407.82,15611216.66,3902804.16,0.0,6057738.54,105717780.15,0.0,0.0,368803478918.24,0.0,68268026337.35,138199502371.41,0,NORMAL
pertambangan,629774.62,469240.54,95323.15,0.0,564563.69,563537.63,82803677.16,20700919.29,29350741.8,18360535.72,459400779.79,0.0,176873.16,1397174959689.29,29039893849.02,232983604394.39,770295717594.48,0,NORMAL
pertanian,168967.43,24629.98,9033.17,0.0,33663.15,35030.05,6186621.53,1546655.38,0.0,2400641.57,43387414.24,0.0,0.0,138202360769.04,0.0,18412486837.18,56152192320.18,0,NORMAL
manufaktur,143224.69,30438.89,21780.96,2771.5,54991.35,57699.26,3371086.38,842771.59,3584764.2,5232432.64,106257217.94,0.0,0.0,69432933649.96,4279979350.08,42891845822.9,156299332276.53,0,NORMAL
pertambangan,355360.36,261849.38,53495.42,0.0,315344.8,314328.03,47041116.86,11760279.21,16674279.72,10430697.47,260987512.99,0.0,100482.39,1154339888467.93,14606086083.57,124221837774.45,458259984543.72,0,NORMAL
perbankan,45842.57,342.91,1475.79,0.0,1818.7,1820.96,92392.11,23098.03,0.0,25307.02,7029212.61,0.0,0.0,1578289136.23,0.0,264203494.13,11192235195.38,0,NORMAL
konstruksi,100099.58,37747.46,15108.74,0.0,52856.2,54934.78,8930494.81,2232623.7,738621.2,3696391.99,73775678.25,0.0,0.0,174268068519.02,727286735.66,34612738252.13,130877638588.77,0,NORMAL
konstruksi,343864.86,84423.24,32470.48,0.0,56601.86,134615.17,3531328.87,780482.14,1588052.83,830293.33,8566614.06,0.0,0.0,78480561460.4,1589604731.98,9046115061.15,12251468014.39,1,SCOPE_MATH_DISCREPANCY
manufaktur,137934.55,28925.32,21098.48,0.0,50023.8,48568.34,3251804.07,812951.02,3457921.13,5047288.57,102055619.89,0.0,0.0,59064305549.61,5421581474.15,67612247043.36,135921950139.02,0,NORMAL
pertambangan,177032.7,163105.64,33351.93,0.0,196457.57,202266.92,28783234.65,7195808.66,10202557.63,6382272.21,159691464.16,0.0,61482.56,578676380435.07,13440374421.36,83149751128.29,260514581895.39,0,NORMAL
perhotelan,76769.49,1550.13,778.15,620.05,2948.33,6337.07,2116245.69,1072428.51,4488689.45,1916625.45,25518106.68,0.0,0.0,44126794827.91,5687596182.4,19404755990.87,43676294334.84,1,SCOPE2_ELECTRICITY_MISMATCH
konstruksi,52746.32,18270.41,7398.39,0.0,25668.8,26635.49,4329497.52,1082374.38,358083.03,1792008.2,35766396.23,0.0,0.0,105934330129.43,358897960.03,17901906054.86,44659627445.64,0,NORMAL
perhotelan,115982.06,2395.57,6327.31,956.35,9679.23,9991.17,305563.94,76390.98,0.0,711421.72,30128309.04,0.0,0.0,6765982245.23,0.0,7551306450.72,57166198044.0,0,NORMAL
konstruksi,133256.48,67517.24,27628.12,0.0,95145.36,91724.26,16132666.8,4033166.7,1334296.69,6677419.51,133273515.12,0.0,0.0,286642790604.53,1629158584.62,58744667731.84,235809596872.15,0,NORMAL
pertanian,147670.11,8696.54,652.73,0.0,9349.26,12111.91,5374918.42,958278.99,2578863.25,1245345.78,22100104.09,0.0,0.0,119120476318.27,2970081331.48,12273489903.51,30022520869.12,1,SCOPE2_ELECTRICITY_MISMATCH
manufaktur,75731.45,9632.24,6925.37,877.32,17434.93,17132.67,1067429.88,266857.47,1135089.4,1656811.58,33645571.96,0.0,0.0,26669341488.47,1332902219.05,19845700985.29,41636742826.18,0,NORMAL
konstruksi,358101.9,8722.74,4361.37,0.0,13084.1,145347.26,4169536.9,848196.97,7839559.44,1998626.88,20396107.85,0.0,0.0,93423242405.78,8269662711.73,17299347155.22,35050114211.9,1,SECTOR_INTENSITY_ANOMALY
manufaktur,375927.51,60036.42,42840.11,0.0,102876.53,103208.9,6641893.04,1660473.26,7062892.42,10309216.09,208451215.96,0.0,0.0,165333152519.55,11096429110.92,106746103515.2,384377941239.04,0,NORMAL
konstruksi,108485.54,30844.58,12419.47,0.0,43264.05,43834.46,7337705.03,1834426.26,606885.13,3037125.56,60617488.39,0.0,0.0,178422036281.71,743949575.78,26751315461.46,86635458591.84,0,NORMAL
perbankan,15634.81,97.34,416.3,0.0,513.64,543.34,26419.71,6604.93,0.0,7236.59,2010017.73,0.0,0.0,479323178.97,0.0,54631273.55,2945835609.71,0,NORMAL
perbankan,64544.03,522.46,2215.3,0.0,2737.76,2882.03,141059.61,35264.9,0.0,38637.48,10731847.21,0.0,0.0,2445129984.96,0.0,439280812.53,19213318396.96,0,NORMAL
perbankan,46356.49,469.72,1992.69,0.0,2462.41,2422.39,126360.8,31590.2,0.0,34611.35,9613558.6,0.0,0.0,3054429589.99,0.0,433066403.91,16613701685.55,0,NORMAL
konstruksi,322701.91,7348.93,3674.47,0.0,11023.4,103515.35,2883036.75,440934.12,1985812.49,784423.34,26806341.08,0.0,0.0,64174881776.58,2636183867.51,8054875234.47,40593559779.06,1,SECTOR_INTENSITY_ANOMALY
manufaktur,78668.63,12927.57,9331.83,1182.02,23441.42,22271.72,1441737.9,360434.47,1533123.1,2237793.87,45443824.63,0.0,0.0,35366951263.94,1348353388.31,17303806200.68,69321843128.18,0,NORMAL
pertanian,209663.04,16091.06,5755.84,1138.95,22985.85,21872.34,4070336.78,1017584.2,0.0,1579443.59,27563961.12,0.0,0.0,90062087804.74,0.0,12735162177.7,36454037422.27,0,NORMAL
perhotelan,37766.34,754.11,1685.88,0.0,2439.99,2357.83,95604.01,23901.0,0.0,222587.67,8069800.47,0.0,0.0,1576785464.06,0.0,2003099866.98,12112952093.08,0,NORMAL
manufaktur,452631.01,75437.56,56158.38,6841.98,138437.92,131303.52,8497063.09,2124265.77,9035653.24,13188718.78,267828878.49,0.0,0.0,169687824382.47,12638277175.81,139009973985.18,454040361843.47,0,NORMAL
konstruksi,342758.05,83496.73,31575.72,12769.68,127842.13,121389.59,19859531.7,4964882.93,1642537.32,8219994.01,154487624.28,0.0,0.0,404783942388.58,1408821047.29,106020993093.63,287489337328.91,0,NORMAL
perbankan,66379.68,167.3,1248.89,251.69,1667.88,1661.63,45489.88,11372.47,0.0,12460.08,6088585.87,0.0,0.0,1034456558.69,0.0,110580663.82,11264503896.72,0,NORMAL
konstruksi,97229.04,32489.13,13406.4,0.0,45895.53,47172.6,7859215.06,1964803.77,650018.05,3252982.08,64925733.03,0.0,0.0,140983596834.33,601604899.44,28674762415.78,82705427820.89,0,NORMAL
manufaktur,432203.19,73573.63,52645.91,0.0,126219.54,120274.29,8167631.71,2041907.93,8685340.72,12677391.78,256335468.03,0.0,0.0,191238086579.99,13382317104.11,121623977346.11,417843314156.35,0,NORMAL
konstruksi,335353.31,161909.13,66017.04,0.0,227926.17,241019.02,38348994.48,9587248.62,3171759.32,15872907.25,316804739.03,0.0,0.0,886327425911.39,5012762251.39,166574689674.01,450259586011.6,0,NORMAL
manufaktur,200364.37,4047.5,2023.75,0.0,6071.24,54664.08,5135217.89,743657.97,3375765.71,1847638.2,26275649.67,0.0,0.0,112162893874.74,4530370250.88,17858906368.38,37739653523.48,1,SECTOR_INTENSITY_ANOMALY
manufaktur,72740.15,11674.03,8290.54,0.0,19964.57,19052.88,1282518.37,320629.59,1363811.37,1990661.23,40250951.25,0.0,0.0,30531029941.85,2163956669.66,23676328388.08,60479754369.11,0,NORMAL
pertambangan,214406.22,150220.09,28176.12,9461.66,187857.87,191577.06,27105785.29,6776446.32,9607965.89,6010321.71,137668487.65,0.0,57899.43,467113908312.14,12380665014.97,63274494168.98,233638294737.48,0,NORMAL
manufaktur,77973.1,12369.52,8849.65,1123.04,22342.21,21800.57,1371599.19,342899.8,1458538.62,2128928.06,43233040.57,0.0,0.0,22875981528.23,2218985767.36,20227388612.19,52037192710.39,0,NORMAL
perbankan,314478.15,1579.39,11845.41,2369.08,8888.06,15447.1,5010811.2,381260.88,1171456.66,349110.26,13462892.01,0.0,0.0,104574740263.65,1380778969.42,3509137065.6,18224769302.45,1,SCOPE_MATH_DISCREPANCY
pertambangan,146193.96,172542.46,32994.31,10825.89,216362.66,209197.56,31140571.41,7785142.85,11038143.5,6904978.05,158160899.03,0.0,66517.96,530828014234.21,11801731744.61,55098879522.53,236160497442.1,0,NORMAL
manufaktur,184645.16,37091.96,7707.12,3372.0,48171.07,69680.73,5190049.89,760544.16,3740616.62,1978004.38,11894015.38,0.0,0.0,107632371422.57,4265963434.54,20185678188.71,18833037791.39,1,SCOPE2_ELECTRICITY_MISMATCH
pertambangan,168748.15,187063.45,37808.21,0.0,224871.66,216602.54,32978102.33,8244525.58,11689478.05,7312424.36,182964892.94,0.0,70443.02,821170028002.79,10807996326.02,58794413268.43,329247380563.86,0,NORMAL
pertambangan,365736.82,347662.3,65124.42,21702.75,434489.47,425276.51,62448617.96,15612154.49,22135650.55,13847091.34,317172393.25,0.0,133393.65,1073914797222.84,29669350386.78,143191588536.45,584041864556.61,0,NORMAL
perbankan,45847.82,255.49,1061.79,0.0,1317.28,1254.03,68239.35,17059.84,0.0,18691.36,5191664.99,0.0,0.0,1334511339.62,0.0,180586047.15,9667215989.54,0,NORMAL
perhotelan,120195.48,471.35,913.78,0.0,1385.13,10276.06,4346674.82,1102459.92,1828974.78,1862373.5,28432728.45,0.0,0.0,98955710804.55,2431489889.16,16973765109.41,49693567057.42,1,EXTREME_YOY_COLLAPSE
pertambangan,577123.58,454999.43,93772.91,0.0,548772.34,537065.8,81535071.84,20383767.96,28901069.66,18079240.56,452362465.91,0.0,174163.35,1802746852228.16,39271857027.65,204599888888.02,784675056479.82,0,NORMAL
konstruksi,184917.87,43129.41,17359.21,0.0,60488.62,60344.36,10262310.36,2565577.59,848772.67,4247639.42,84777934.85,0.0,0.0,229165690766.27,1247917919.22,50911246053.32,138935139822.66,0,NORMAL
pertambangan,676351.85,640395.49,122119.08,39851.31,802365.88,796041.62,114459340.26,28614835.07,40571465.65,25379728.02,581331405.97,0.0,244491.38,2162485475800.33,54056437146.96,238332304149.31,778983069377.73,0,NORMAL
perbankan,64672.75,196.68,1512.54,294.78,2004.0,2098.27,53846.86,13461.72,0.0,14749.13,7207124.95,0.0,0.0,912783158.44,0.0,119503469.77,9639150445.57,0,NORMAL
pertambangan,335043.48,361954.02,73249.82,0.0,435203.84,436300.09,63960388.29,15990097.07,22671515.41,14182304.87,354856852.58,0.0,136622.87,1268871009653.41,31482613785.87,152638075902.99,594133553197.57,0,NORMAL
perbankan,19320.07,177.37,1334.31,267.74,1779.42,1739.41,48283.15,12070.79,0.0,13225.18,6462450.2,0.0,0.0,894358596.66,0.0,154415660.82,11498201354.34,0,NORMAL
perhotelan,78660.82,1453.08,3863.13,590.08,5906.29,5584.38,186571.65,46642.91,0.0,434380.85,18395784.34,0.0,0.0,4215431532.8,0.0,4330841159.43,33846716011.22,0,NORMAL
perhotelan,42503.44,1915.43,4262.09,0.0,6177.52,5891.45,241343.84,60335.96,0.0,561902.86,20371496.28,0.0,0.0,5370528976.65,0.0,4827324253.5,27747061187.99,0,NORMAL
pertambangan,668242.65,724088.25,137956.0,46160.53,908204.78,908963.35,130465895.7,32616473.93,46245178.36,28928953.64,662627640.57,0.0,278682.25,2336639007813.35,48225034265.28,350015466109.72,1007177310775.76,0,NORMAL
perbankan,21222.49,20.92,159.9,32.09,212.91,221.57,5744.94,1436.24,0.0,1573.59,768930.63,0.0,0.0,124536668.08,0.0,20057941.13,1163116750.47,0,NORMAL
perhotelan,14198.61,610.04,1372.16,0.0,1982.2,1865.98,78427.92,19606.98,0.0,182597.87,6619990.82,0.0,0.0,1437349737.06,0.0,2207492850.2,11738370343.73,0,NORMAL
perbankan,55579.2,279.76,1214.86,0.0,1494.62,1521.01,76609.36,19152.34,0.0,20983.98,5828457.39,0.0,0.0,1312798989.95,0.0,249664323.14,7616818186.36,0,NORMAL
pertanian,89458.48,15546.15,5467.99,1110.17,22124.31,21959.12,3953047.12,988261.78,0.0,1533930.79,26769685.87,0.0,0.0,89901614584.95,0.0,16697032626.5,32607382444.86,0,NORMAL
manufaktur,54328.34,9344.8,6839.8,0.0,16184.6,15554.14,1040696.34,260174.08,1106661.34,1615317.11,32661534.28,0.0,0.0,23793435925.82,1123141165.65,18580140975.58,54745048782.44,0,NORMAL
pertanian,125068.96,13455.32,4808.63,968.97,19232.92,18343.06,3467805.01,866951.25,0.0,1345638.62,23483669.23,0.0,0.0,56967572961.55,0.0,14041360241.83,42071772179.57,0,NORMAL
perhotelan,27283.82,349.16,915.21,142.42,1406.79,1412.14,44859.49,11214.87,0.0,104443.01,4423102.61,0.0,0.0,802023582.31,0.0,1306938002.28,8010408747.4,0,NORMAL
pertanian,388230.49,26214.07,9362.17,0.0,35576.23,37746.64,3579573.66,640353.69,4419341.59,1073922.94,25591659.45,0.0,0.0,6925405534.61,4547227178.02,10111821506.75,39911795414.91,1,FUEL_PRICE_INVOICE_FRAUD
manufaktur,140757.59,20559.55,15254.7,1899.63,37713.88,36136.0,2323390.23,580847.56,2470659.37,3606250.78,73233656.61,0.0,0.0,50306967708.52,3031764327.28,43592829451.02,113830752707.37,0,NORMAL
perbankan,42467.49,209.78,1538.23,312.83,2060.84,2106.62,56260.85,14065.21,0.0,15410.35,7530225.26,0.0,0.0,1386689069.25,0.0,157277325.74,12118762504.94,0,NORMAL
pertanian,71897.86,8091.87,2966.62,0.0,11058.49,11542.74,2065995.61,516498.9,0.0,801683.91,14489040.09,0.0,0.0,45810681595.58,0.0,9271601153.9,21620816778.52,0,NORMAL
perbankan,63365.99,435.66,3214.44,651.8,4301.9,4373.19,116485.78,29121.44,0.0,31906.49,15591020.26,0.0,0.0,2422667177.98,0.0,367157484.01,23201293500.21,0,NORMAL
perhotelan,382448.97,1213.38,606.69,0.0,1820.06,33472.03,4766305.51,560100.04,6810394.58,1025097.88,8126334.66,0.0,0.0,92664251469.05,9168986394.43,9110501926.13,11080464970.89,1,SECTOR_INTENSITY_ANOMALY
perbankan,23888.81,208.99,905.26,0.0,1114.25,1095.71,57337.27,14334.32,0.0,15705.19,4362232.26,0.0,0.0,1256651085.02,0.0,202382778.86,8083590133.89,0,NORMAL
perbankan,31597.95,216.48,1613.46,322.97,2152.91,2281.05,58371.68,14592.92,0.0,15988.52,7812748.08,0.0,0.0,1309622465.47,0.0,137928703.92,12805151426.65,0,NORMAL
perbankan,18900.43,106.71,457.11,0.0,563.82,538.83,28648.61,7162.15,0.0,7847.11,2179592.7,0.0,0.0,535814684.04,0.0,93211482.54,3621091247.12,0,NORMAL
perhotelan,48249.91,1303.48,2896.09,0.0,4199.57,3963.01,164371.12,41092.78,0.0,382693.02,13874336.49,0.0,0.0,2693041336.93,0.0,4279021212.68,18272307424.41,0,NORMAL
pertanian,307172.74,43194.58,15938.4,0.0,59132.98,57352.83,10980397.09,2745099.27,0.0,4260806.58,77006656.17,0.0,0.0,194862008337.49,0.0,38937096046.05,105634963714.97,0,NORMAL
perbankan,72373.56,346.43,1466.01,0.0,1812.44,1729.95,93974.24,23493.56,0.0,25740.38,7149581.37,0.0,0.0,1701171884.11,0.0,308194276.38,13187720285.78,0,NORMAL
manufaktur,449685.51,74245.4,55025.54,6710.46,135981.4,128972.62,8321859.82,2080464.95,8849344.64,12916776.97,262306441.5,0.0,0.0,182019982726.38,10336298017.52,170679169026.17,436000692437.79,0,NORMAL
perbankan,64581.98,626.17,2697.87,0.0,3324.04,3211.65,171106.79,42776.7,0.0,46867.67,13017843.09,0.0,0.0,3421458791.44,0.0,443735736.68,17113741597.32,0,NORMAL
perbankan,76631.24,906.64,3865.57,0.0,4772.21,5046.49,247455.38,61863.85,0.0,67780.22,18826461.37,0.0,0.0,4569420892.96,0.0,899134049.53,32944994622.67,0,NORMAL
manufaktur,367934.54,29215.23,21247.44,0.0,50462.67,51277.22,3767466.11,1064274.65,6579111.87,1425873.98,28572032.45,0.0,0.0,5113318252.48,6972412612.61,14973350905.03,39521633110.63,1,FUEL_PRICE_INVOICE_FRAUD
perhotelan,12549.61,333.97,746.16,0.0,1080.13,1057.84,42733.21,10683.3,0.0,99492.56,3607050.93,0.0,0.0,970358406.45,0.0,995819166.75,6350639406.63,0,NORMAL
pertanian,173263.29,20646.32,7373.68,0.0,13567.19,29992.38,4968634.17,331778.96,1029945.0,794409.02,28907117.93,0.0,0.0,95695529569.85,1243800783.47,7993096181.33,45338726138.23,1,SCOPE_MATH_DISCREPANCY
konstruksi,107255.69,22335.1,8566.09,3441.25,34342.44,34213.04,5336349.21,1334087.3,441357.47,2208750.9,41511548.44,0.0,0.0,122243029678.69,391938623.0,22547728413.49,53982780675.23,0,NORMAL
pertanian,200402.81,7356.47,2682.99,0.0,10039.46,9684.83,1863618.48,465904.62,0.0,723153.98,13069748.46,0.0,0.0,40723992040.11,0.0,9563289276.86,20885296621.94,0,NORMAL
konstruksi,207795.31,78886.39,32215.74,0.0,111102.13,110376.86,18919975.09,4729993.77,1564828.71,7831105.2,156299737.53,0.0,0.0,353121411403.05,1699051451.17,74742830704.42,275970610786.73,0,NORMAL
pertanian,46554.8,5555.78,1986.55,397.82,7940.15,7514.97,1400417.26,350104.32,0.0,543414.51,9483502.0,0.0,0.0,24352886865.68,0.0,5980710176.45,13221052674.12,0,NORMAL
perhotelan,94922.48,1637.86,4243.01,656.76,6537.63,6773.27,208838.42,52209.61,0.0,486222.92,20591266.64,0.0,0.0,4967540974.87,0.0,3686929633.95,33650705026.46,0,NORMAL
pertanian,334524.06,60217.96,21553.13,4314.12,86085.21,81922.4,15172566.11,3793141.53,0.0,5887525.65,102747277.38,0.0,0.0,345850583594.19,0.0,62820877960.35,164067107423.46,0,NORMAL
perbankan,75492.03,202.79,1518.47,296.57,2017.83,2067.3,54298.92,13574.73,0.0,14872.96,7267630.23,0.0,0.0,1244919710.34,0.0,168661947.15,9322839594.2,0,NORMAL
perhotelan,50647.84,1027.0,2674.91,407.62,4109.53,4120.81,130226.39,32556.6,0.0,303196.39,12840196.11,0.0,0.0,2727431509.47,0.0,2513066535.66,20373391766.52,0,NORMAL
pertambangan,626657.15,913880.28,187799.31,0.0,1101679.59,1053727.42,164700898.78,41175224.7,58380179.73,36520077.83,913772478.84,0.0,351810.08,3487636454142.42,76367047891.35,292541997717.96,1507920695899.75,0,NORMAL
manufaktur,151929.5,26578.89,19394.38,0.0,45973.27,45718.01,2964881.1,741220.28,3152811.42,4601941.01,93050741.18,0.0,0.0,70208971565.05,3091932047.77,50191720302.5,135116112882.04,0,NORMAL
perbankan,49362.05,302.63,1280.92,0.0,1583.55,1642.22,82507.7,20626.93,0.0,22599.59,6277204.5,0.0,0.0,1850283243.16,0.0,190469216.93,8779976551.52,0,NORMAL
konstruksi,152846.8,38778.03,14550.4,5825.9,59154.33,62544.22,9153544.47,2288386.12,757069.13,3788713.74,71205573.24,0.0,0.0,147927895268.02,927488508.46,50767496651.64,121175468408.89,0,NORMAL
perhotelan,90603.7,1858.13,4859.55,751.98,7469.66,7400.9,237013.35,59253.34,0.0,551820.51,23369287.64,0.0,0.0,4900677585.23,0.0,4690787142.0,39539193416.8,0,NORMAL
konstruksi,328702.07,54822.28,22061.95,0.0,76884.23,73893.5,13004106.68,3251026.67,1075540.5,5382487.39,107428178.44,0.0,0.0,293028162111.44,1693922374.61,44808577379.71,187845499644.17,0,NORMAL
manufaktur,84785.22,8404.96,6112.7,764.09,8873.53,15460.8,4059889.35,768961.5,7624543.33,606575.17,14866830.03,0.0,0.0,87854088898.16,9726934288.22,5414085154.4,22329818255.95,1,SCOPE_MATH_DISCREPANCY
perbankan,38187.5,461.26,1944.03,0.0,2405.29,2361.27,125251.86,31312.97,0.0,34307.6,9529190.13,0.0,0.0,3036908148.16,0.0,295402892.44,17946761821.55,0,NORMAL
pertambangan,458193.25,559926.91,114960.06,0.0,674886.97,640663.27,100118475.95,25029618.99,35488176.83,22199845.67,555464533.7,0.0,213858.51,2131190353939.14,32449866296.47,255718656656.4,778387560932.57,0,NORMAL
manufaktur,112314.3,8240.87,1833.67,0.0,10074.53,14554.37,3278730.71,721449.8,3459489.66,1972444.0,17194493.56,0.0,0.0,66279474853.43,4608431120.72,20468487816.67,24588028141.15,1,SCOPE2_ELECTRICITY_MISMATCH
perhotelan,58295.83,2221.18,4879.99,0.0,7101.17,7004.15,279181.41,69795.35,0.0,649997.24,23565312.24,0.0,0.0,5347827214.63,0.0,8515141190.92,31357789185.49,0,NORMAL
manufaktur,163644.96,36093.87,6869.12,3281.26,46244.25,66806.21,2907753.11,343030.91,1355454.55,794311.77,9422422.29,0.0,0.0,60790348830.5,1801021852.45,8736583136.74,15530011612.94,1,SCOPE2_ELECTRICITY_MISMATCH
pertambangan,411536.46,407527.55,83181.74,0.0,490709.29,489470.09,72083848.98,18020962.25,25550972.04,15983566.54,399926399.05,0.0,153975.02,1750687515163.65,27425887713.54,173455524454.75,497288315192.07,0,NORMAL
pertanian,235203.65,34071.45,12398.47,0.0,46469.92,45172.88,8614846.46,2153711.62,0.0,3342884.07,60416805.89,0.0,0.0,173659669491.28,0.0,39222108578.95,107454517406.49,0,NORMAL
perbankan,53304.46,265.77,1126.28,0.0,1392.05,1404.58,71967.48,17991.87,0.0,19712.53,5475302.13,0.0,0.0,1783456632.92,0.0,214722841.99,8739186346.28,0,NORMAL
pertanian,245162.43,33221.77,11864.92,2372.98,31861.85,45277.57,2451995.45,675546.75,5457598.29,1384828.09,7920889.74,0.0,0.0,51051780784.65,7444612111.07,13063455482.0,13611178392.24,1,SCOPE_MATH_DISCREPANCY
pertanian,79509.48,1241.86,797.09,0.0,2038.95,16714.74,4272104.76,745824.61,3037888.13,384677.33,28271055.26,0.0,0.0,96368348373.7,3653357743.57,3712553785.51,40027244517.49,1,EXTREME_YOY_COLLAPSE
manufaktur,425310.46,65873.7,47364.56,0.0,113238.26,116679.26,7395212.19,1848803.05,7863961.03,11478480.61,232093615.88,0.0,0.0,167903730759.23,9677211426.28,130692428653.59,298517976392.6,0,NORMAL
perbankan,41983.12,384.33,1654.9,0.0,2039.23,2078.0,103536.83,25884.21,0.0,28359.65,7877105.08,0.0,0.0,1808432445.5,0.0,321082249.85,13128442261.32,0,NORMAL
pertambangan,697472.02,408808.65,84246.89,0.0,493055.54,483500.25,72808124.71,18202031.18,25807700.13,16144164.37,403944733.07,0.0,155522.12,1654234464429.0,34909136307.88,136133376869.93,730587951419.51,0,NORMAL
konstruksi,135024.05,36101.52,14667.21,0.0,50768.73,52808.2,8580596.75,2145149.19,709681.91,3551566.82,70885136.67,0.0,0.0,185434453796.66,1026114748.55,33931849249.65,116747128770.34,0,NORMAL
perbankan,12216.28,121.3,514.6,0.0,635.9,618.6,32651.67,8162.92,0.0,8943.58,2484146.36,0.0,0.0,733174992.95,0.0,103116385.57,4076483090.0,0,NORMAL
perhotelan,68564.59,2866.67,6292.52,0.0,9159.19,8732.79,362283.7,90570.93,0.0,843478.12,30579861.05,0.0,0.0,6569405387.64,0.0,7609044180.07,54511523419.62,0,NORMAL
perhotelan,54783.86,1360.36,3533.85,542.43,5436.64,5319.72,171391.99,42848.0,0.0,399039.19,16899084.73,0.0,0.0,3052169794.71,0.0,3796374468.0,26241805058.64,0,NORMAL
perbankan,78924.07,163.94,1234.16,243.42,1641.52,1623.05,44266.95,11066.74,0.0,12125.11,5924902.59,0.0,0.0,777194572.96,0.0,156437811.78,10030622220.47,0,NORMAL
pertanian,96150.99,20312.84,7293.17,1439.09,29045.1,28790.55,5181579.76,1295394.94,0.0,2010647.61,35089200.4,0.0,0.0,108253212027.68,0.0,17633552739.41,52664491177.27,0,NORMAL
pertanian,90747.63,6527.75,2341.9,462.29,9331.94,9341.23,1656101.7,414025.43,0.0,642629.68,11214974.43,0.0,0.0,39311381124.73,0.0,8234146678.41,14426103602.59,0,NORMAL
perbankan,37883.15,231.04,994.17,0.0,1225.21,1294.78,62515.23,15628.81,0.0,17123.48,4756172.9,0.0,0.0,1347298962.99,0.0,168971438.53,6567477667.48,0,NORMAL
perhotelan,358683.61,5446.12,14159.92,2178.45,21784.49,22637.46,5550550.97,548872.93,3062768.25,790738.31,17046367.59,0.0,0.0,6443427144.69,3945335663.87,8227227833.5,27590398303.32,1,FUEL_PRICE_INVOICE_FRAUD
perbankan,38376.71,245.56,1069.13,0.0,1314.69,1325.52,66949.01,16737.25,0.0,18337.93,5093495.91,0.0,0.0,1380740184.94,0.0,193376151.95,6503170128.71,0,NORMAL
perhotelan,92689.54,2704.64,5960.6,0.0,8665.24,8660.26,345541.55,86385.39,0.0,804498.61,29166679.02,0.0,0.0,8538493674.57,0.0,10355334797.64,51533182879.4,0,NORMAL
perhotelan,116214.1,2220.13,5034.66,0.0,7254.79,6962.34,285464.39,71366.1,0.0,664625.44,24095649.93,0.0,0.0,5365149093.03,0.0,8436147656.8,33774606275.06,0,NORMAL
perbankan,258236.3,2310.66,17329.97,3465.99,23106.62,23387.57,4003785.41,817132.6,2391276.1,1428677.84,27881904.89,0.0,0.0,4962867698.19,2932866507.55,13331837369.72,48352918409.55,1,FUEL_PRICE_INVOICE_FRAUD
pertanian,66967.44,8780.65,3174.71,640.47,12595.83,12600.82,2266975.99,566744.0,0.0,879671.85,15351761.13,0.0,0.0,44063750700.16,0.0,10000868018.06,24715639717.84,0,NORMAL
manufaktur,57379.73,9471.59,6973.71,0.0,16445.3,17347.43,1058089.18,264522.29,1125156.64,1642313.4,33207396.48,0.0,0.0,17168328432.68,1337076907.86,21035711420.65,47803597003.25,0,NORMAL
manufaktur,263257.92,50349.9,36618.11,0.0,86968.01,95593.12,5586944.63,648528.81,1577058.55,590971.08,21070692.41,0.0,0.0,3190357387.19,1944055072.2,6304146007.87,31219186863.67,1,FUEL_PRICE_INVOICE_FRAUD
pertambangan,170004.08,234666.42,48061.95,0.0,282728.37,268924.29,42345609.53,10586402.38,15009901.67,9389535.62,234936499.31,0.0,90452.53,770336827264.02,15946466780.82,125241449780.19,303124537136.8,0,NORMAL
pertanian,121144.29,14777.82,5270.03,1069.43,21117.28,21818.35,3761230.19,940307.55,0.0,1459498.62,25470718.61,0.0,0.0,66521125236.07,0.0,11506260256.75,44184723961.47,0,NORMAL
pertambangan,558575.75,683272.73,138224.03,0.0,821496.76,781726.31,120732587.77,30183146.94,42795092.35,26770731.28,669833114.59,0.0,257891.38,2075984014184.56,43377796859.62,271738024680.17,814680736605.03,0,NORMAL
perhotelan,115420.22,1494.93,3803.85,592.87,5891.65,5692.12,189059.74,47264.94,0.0,440173.7,18641108.05,0.0,0.0,4697519962.71,0.0,5649148751.99,28118467392.21,0,NORMAL
perhotelan,103092.47,1259.98,2850.31,0.0,4110.29,4059.85,161521.96,40380.49,0.0,376059.53,13633842.91,0.0,0.0,2806625421.77,0.0,2892738173.31,17532118792.99,0,NORMAL
manufaktur,277780.53,43772.91,31834.84,3979.36,79587.11,80535.1,2078332.27,305808.72,3399235.95,1818306.18,18379282.09,0.0,0.0,3788029130.3,4227976551.85,17324790630.85,31063847250.9,1,FUEL_PRICE_INVOICE_FRAUD
perhotelan,80044.54,492.53,1095.5,0.0,1588.03,1625.27,63219.89,15804.97,0.0,147190.16,5336302.7,0.0,0.0,1362726488.2,0.0,1490835692.61,8646943006.93,0,NORMAL
pertambangan,222280.63,240033.57,13000.76,0.0,253034.33,309528.44,5013214.96,412523.17,7738858.52,1356099.05,15925566.25,0.0,44456.13,113597106962.83,9397355232.39,11665063140.35,21955692889.22,1,SCOPE2_ELECTRICITY_MISMATCH
konstruksi,47463.52,5583.12,2250.76,0.0,7833.88,7538.35,1332662.24,333165.56,110221.5,551597.88,11009251.2,0.0,0.0,22303065183.15,122822430.14,5846629397.66,16658256775.66,0,NORMAL
konstruksi,30347.52,4176.61,1596.45,628.56,6401.62,6688.49,986754.09,246688.52,81612.22,408424.17,7675976.34,0.0,0.0,21464999052.04,102929614.73,5221916955.62,13072171969.53,0,NORMAL
perhotelan,39507.84,567.1,1276.18,0.0,1843.28,1895.04,72880.84,18220.21,0.0,169683.02,6151769.63,0.0,0.0,1351689105.42,0.0,2020302160.24,10957906133.07,0,NORMAL
perhotelan,54961.0,769.77,1719.52,0.0,2489.29,2423.32,97640.72,24410.18,0.0,227329.61,8241716.82,0.0,0.0,2188163180.75,0.0,1899063240.34,13401690370.0,0,NORMAL
perbankan,63256.45,255.07,1095.78,0.0,1350.85,1342.96,68690.85,17172.71,0.0,18815.03,5226015.24,0.0,0.0,1425023084.33,0.0,170401117.85,9783518731.05,0,NORMAL
pertambangan,166913.47,175445.4,36229.01,0.0,211674.41,224059.91,31412008.14,7853002.03,11134357.46,6965165.28,174276089.29,0.0,67097.76,733193222137.78,14577529933.2,60310697670.12,302479987135.53,0,NORMAL
konstruksi,165073.3,71236.78,28784.75,0.0,100021.53,98856.76,16877165.43,4219291.36,1395872.5,6985572.51,139423890.08,0.0,0.0,306791083950.43,1902846217.09,91012538572.7,182411151823.01,0,NORMAL
perbankan,73265.87,179.09,1355.3,273.14,1807.53,1895.34,49020.28,12255.07,0.0,13427.09,6561111.15,0.0,0.0,983679809.86,0.0,126366354.8,8299624804.78,0,NORMAL
pertanian,153769.12,20212.06,7572.1,0.0,27784.16,28970.1,5205757.38,1301439.35,0.0,2020029.43,36508512.92,0.0,0.0,118025197189.42,0.0,15480201832.53,62583473657.48,0,NORMAL
perhotelan,23407.98,413.51,900.92,0.0,1314.43,1378.66,52037.72,13009.43,0.0,121155.53,4392430.8,0.0,0.0,1046040860.07,0.0,1121390793.36,8052291685.22,0,NORMAL
manufaktur,411661.52,65455.77,46598.77,0.0,112054.54,109897.8,7261335.46,1815333.86,7721598.47,11270683.81,227891987.44,0.0,0.0,138513310196.21,11303248939.94,129600783380.8,391840742813.69,0,NORMAL
konstruksi,157668.51,25013.41,9444.77,3802.37,38260.55,37835.88,5909944.39,1477486.1,488798.25,2446165.81,45973554.76,0.0,0.0,125844017332.85,770293429.02,26557470418.02,65309755993.6,0,NORMAL
manufaktur,341681.89,10223.53,4153.44,0.0,14376.97,90841.81,4226500.62,1135859.61,3999299.2,1250578.37,5221680.12,0.0,0.0,94944696236.09,4738042274.43,12218119011.14,7639179182.81,1,EXTREME_YOY_COLLAPSE
perhotelan,66047.93,2015.62,4470.95,0.0,6486.57,6515.25,258670.18,64667.55,0.0,602242.49,21833988.5,0.0,0.0,5123222056.13,0.0,8074259539.8,29315601620.99,0,NORMAL
manufaktur,124312.95,8489.09,6261.58,792.05,15542.72,15865.98,957282.13,239320.53,1017959.89,1485845.72,30173696.16,0.0,0.0,15774777215.05,1488213451.94,15605037919.78,38989480836.14,0,NORMAL
pertambangan,135686.77,147674.58,30431.06,0.0,178105.64,175097.29,26308894.36,6577223.59,9325498.48,5833622.5,145963645.55,0.0,56197.23,478004990601.12,12616558135.29,73301727968.68,196336892957.07,0,NORMAL
perbankan,147265.98,248.5,124.25,0.0,372.75,4417.6,4999505.03,816575.89,4424209.19,382545.22,26515407.43,0.0,0.0,112713938358.25,5170235426.38,3515279529.67,42797334665.22,1,SECTOR_INTENSITY_ANOMALY
pertanian,248066.95,34252.56,12568.41,0.0,46820.97,45654.57,8626922.76,2156730.69,0.0,3347570.13,60501498.2,0.0,0.0,189926043240.7,0.0,41307433970.99,112228287321.84,0,NORMAL
perhotelan,21271.72,567.18,1235.32,0.0,1802.5,1798.43,71189.89,17797.47,0.0,165746.11,6009038.93,0.0,0.0,1715242324.13,0.0,1761506587.33,7502932008.52,0,NORMAL
konstruksi,46395.94,19752.86,8194.99,0.0,27947.85,29377.72,4727723.13,1181930.78,391019.38,1956836.46,39056176.38,0.0,0.0,85682861335.79,525421371.01,24295578924.14,68798370944.42,0,NORMAL
pertanian,127338.71,13689.62,4988.82,0.0,18678.44,18301.25,3488755.03,872188.76,0.0,1353768.02,24466998.52,0.0,0.0,60405908284.45,0.0,17900115025.25,42182673367.76,0,NORMAL
perhotelan,21649.32,482.66,1268.4,194.64,1945.7,1937.7,61808.41,15452.1,0.0,143903.91,6094249.62,0.0,0.0,1299609661.09,0.0,1086851465.06,10070042600.5,0,NORMAL
manufaktur,204247.55,34543.48,24929.35,0.0,59472.83,56996.71,3875062.44,968765.61,4120685.02,6014679.23,121616152.66,0.0,0.0,64828792639.49,4722987708.69,66637596818.37,195602279495.99,0,NORMAL
perbankan,69354.64,70.3,513.81,103.52,687.63,686.81,18774.35,4693.59,0.0,5142.46,2512849.44,0.0,0.0,304750505.44,0.0,40611757.36,4495609613.41,0,NORMAL
konstruksi,233804.48,14412.46,4320.92,0.0,18733.38,91521.73,2392414.11,1106057.92,1020908.0,1185813.32,24631883.26,0.0,0.0,50199820513.87,1185361810.17,12716459369.64,36100947238.2,1,EXTREME_YOY_COLLAPSE
pertanian,125234.61,28546.63,10355.96,0.0,38902.59,40737.75,7238268.14,1809567.04,0.0,2808719.97,50762720.3,0.0,0.0,158286796289.06,0.0,25638548667.57,83027730578.96,0,NORMAL
manufaktur,263001.48,29758.22,21789.14,2736.69,54284.05,52171.9,3359080.18,839770.05,3571996.99,5213797.22,105878780.57,0.0,0.0,74559993872.42,4303285488.21,44641285090.65,191966631922.64,0,NORMAL
pertanian,348015.0,25697.11,8927.7,1826.12,36450.93,34907.35,6457740.55,1614435.14,0.0,2505845.94,43731248.58,0.0,0.0,157171221321.64,0.0,33472928506.68,69090019729.48,0,NORMAL
pertanian,193216.17,23019.41,8218.88,1645.73,32884.02,31815.61,5874085.8,1468521.45,0.0,2279365.97,39778790.15,0.0,0.0,110533498609.85,0.0,26553706137.63,53158023150.96,0,NORMAL
perhotelan,345496.15,9843.76,5310.67,3937.5,19091.93,38941.25,4958270.84,1025908.12,3346408.04,1874583.53,28930668.53,0.0,0.0,108286599116.32,4060290492.38,18388478812.0,44273930391.23,1,SCOPE2_ELECTRICITY_MISMATCH
perhotelan,60764.44,771.07,2005.33,308.28,3084.68,3266.8,99409.66,24852.42,0.0,231448.11,9801696.91,0.0,0.0,2395751855.0,0.0,2392014118.41,12479232604.0,0,NORMAL
pertanian,383392.01,69747.59,26212.95,0.0,95960.54,95201.88,18011795.53,4502948.88,0.0,6989253.33,126318577.95,0.0,0.0,341863985255.62,0.0,69208780715.13,197190628033.23,0,NORMAL
manufaktur,156945.52,28095.88,20754.07,2538.07,51388.02,53364.95,3152751.09,788187.77,3352589.63,4893543.46,99375252.26,0.0,0.0,58204535527.12,5104579907.31,41705358578.33,176178661065.35,0,NORMAL
perhotelan,59466.26,728.18,1902.14,298.52,2928.84,2803.28,93728.67,23432.17,0.0,218221.48,9241556.69,0.0,0.0,1738066358.06,0.0,2438307586.63,15097560965.81,0,NORMAL
konstruksi,316596.99,93321.05,38042.99,0.0,131364.04,133217.63,22187959.48,5546989.87,1835116.36,9183745.96,183296871.5,0.0,0.0,430947282138.94,1761126764.07,113142766479.14,342074194395.4,0,NORMAL
pertanian,189324.96,21260.94,7579.61,1548.84,30389.39,31927.41,5473010.07,1368252.52,0.0,2123733.52,37062740.74,0.0,0.0,116461413998.94,0.0,27469401605.45,49124481065.89,0,NORMAL
perbankan,43733.52,99.05,432.53,0.0,531.58,510.01,27085.42,6771.35,0.0,7418.94,2060664.52,0.0,0.0,553673071.4,0.0,89748783.47,2724324581.99,0,NORMAL
perhotelan,87980.02,2080.17,4686.78,0.0,6766.95,6816.8,267799.61,66949.9,0.0,623497.87,22604591.09,0.0,0.0,4288974031.48,0.0,6204825606.86,38670000705.92,0,NORMAL
perbankan,49990.97,461.4,1951.36,0.0,2412.76,2522.07,124747.25,31186.81,0.0,34169.38,9490799.28,0.0,0.0,2727876943.62,0.0,351549517.29,15082116137.68,0,NORMAL
konstruksi,102879.82,24423.69,9393.73,3757.49,37574.91,36697.02,5444063.48,720567.12,2609830.21,802331.25,18582540.02,0.0,0.0,9440057514.9,3208629772.27,8054742845.37,32423017204.32,1,FUEL_PRICE_INVOICE_FRAUD
perbankan,124335.79,596.02,4470.14,0.0,3299.28,5778.57,2575162.49,1038844.97,2799027.33,487536.19,9797672.05,0.0,0.0,53558912187.71,3150646141.62,5197811792.81,15104959516.98,1,SCOPE_MATH_DISCREPANCY
manufaktur,378386.83,5548.73,2774.36,0.0,8323.09,107408.52,3807315.93,1173710.65,4845714.68,379386.93,28281738.67,0.0,0.0,82817684864.06,6632520890.88,3297030431.48,48758485882.13,1,SECTOR_INTENSITY_ANOMALY
perhotelan,71793.43,2257.76,5003.28,0.0,7261.04,7147.76,283827.84,70956.96,0.0,660815.19,23957511.17,0.0,0.0,6014579111.42,0.0,7581182529.51,32607734502.71,0,NORMAL
pertanian,245807.41,24876.55,9314.25,0.0,34190.8,32181.61,6360890.99,1590222.75,0.0,2468264.67,44609583.92,0.0,0.0,134142184537.39,0.0,29475350189.87,55374601066.58,0,NORMAL
pertambangan,277023.39,344924.47,71356.13,0.0,416280.6,416499.43,61992177.01,15498044.25,21973859.66,13745882.06,343937074.26,0.0,132418.66,1118401403626.59,21488896117.39,137859113686.85,416876366892.75,0,NORMAL
perhotelan,191719.18,410.59,205.29,0.0,615.88,24780.44,4110966.58,359241.17,5980443.35,994469.57,17959506.82,0.0,0.0,93683751386.94,6817107676.41,11308105689.51,29227552260.56,1,SECTOR_INTENSITY_ANOMALY
perbankan,56720.93,342.7,2520.47,506.84,3370.01,3323.07,91959.55,22989.89,0.0,25188.54,12308311.31,0.0,0.0,2249589597.81,0.0,301367779.35,18971999809.87,0,NORMAL
pertambangan,762666.31,379733.85,77487.6,0.0,457221.45,446961.24,67736426.5,16934106.63,24009976.77,15019587.54,375806585.22,0.0,144688.69,1604107124312.44,36429336048.96,153552087644.3,657844771387.63,0,NORMAL
perhotelan,155767.67,203.97,702.26,0.0,906.24,7287.91,2027665.73,603537.48,5344168.59,500486.37,19992798.19,0.0,0.0,38985475726.54,6474393874.95,5407261851.44,31368352721.74,1,EXTREME_YOY_COLLAPSE
perhotelan,57401.49,1540.97,3370.81,0.0,4911.78,4622.35,194289.29,48572.32,0.0,452349.27,16399687.65,0.0,0.0,4654452553.78,0.0,5858976684.17,25041330542.66,0,NORMAL
pertanian,184516.55,21570.91,7812.04,0.0,29382.95,28061.58,5422510.78,1355627.69,0.0,2104137.89,38028626.79,0.0,0.0,106203209557.72,0.0,18563053938.2,47677569109.79,0,NORMAL
pertambangan,95663.08,84450.31,17419.23,0.0,101869.54,100920.96,15277606.59,3819401.65,5415328.18,3387591.6,84761264.51,0.0,32633.8,354650982882.15,7324124392.21,36529074584.52,146840225924.58,0,NORMAL
pertanian,384748.76,36853.55,13109.54,2661.53,52624.62,50901.94,9385643.82,2346410.96,0.0,3641982.4,63558750.87,0.0,0.0,200400562332.4,0.0,30794952953.96,110482201623.76,0,NORMAL
pertanian,109462.18,19367.52,7326.72,0.0,26694.24,27661.33,4981319.21,1245329.8,0.0,1932938.99,34934504.89,0.0,0.0,80952917623.97,0.0,20999851719.28,46238424231.68,0,NORMAL
pertanian,77828.41,11157.56,4150.91,0.0,15308.47,16174.61,2832532.4,708133.1,0.0,1099128.98,19864841.57,0.0,0.0,55464047507.72,0.0,14607683265.36,31677077253.03,0,NORMAL
manufaktur,345805.09,46553.91,33958.57,4281.73,84794.21,81038.17,5180349.58,1295087.39,5508708.36,8040681.01,163285502.73,0.0,0.0,124541598687.41,5456599002.12,103404857643.27,254377941484.38,0,NORMAL
perhotelan,81471.14,1778.17,3901.21,0.0,5679.38,5339.52,223296.35,55824.09,0.0,519884.24,18848133.02,0.0,0.0,4694672010.36,0.0,5183804607.96,34982564136.99,0,NORMAL
konstruksi,333295.25,121521.08,46845.19,19016.54,187382.81,194517.39,29268107.92,7317026.98,2420699.56,12114267.11,227677093.7,0.0,0.0,555724452295.31,2250866751.79,163144286795.71,418272452272.02,0,NORMAL
manufaktur,96939.34,12672.3,9244.14,0.0,21916.44,23097.05,1415390.11,353847.53,1505105.25,2196898.14,44421038.86,0.0,0.0,25149712449.04,1620874698.95,22559696572.15,58493142131.5,0,NORMAL
konstruksi,243376.1,73695.6,29772.35,0.0,103467.95,102712.14,17504295.62,4376073.91,1447741.03,7245145.92,144604672.99,0.0,0.0,285787087724.13,1612103567.88,88858935617.73,256898983725.63,0,NORMAL
konstruksi,84519.18,23823.67,9682.22,0.0,33505.89,33530.22,5617732.21,1404433.05,464630.03,2325217.22,46408627.17,0.0,0.0,101837508160.65,648098431.57,23743091986.73,65913864245.36,0,NORMAL
konstruksi,219140.0,59578.5,22975.21,9071.04,91624.75,87588.9,14102054.99,3525513.75,1166349.34,5836935.6,109700118.13,0.0,0.0,344339004749.55,1407799506.66,45387733451.29,177655130509.05,0,NORMAL
pertambangan,56444.24,4013.57,2006.78,0.0,6020.35,71356.91,4828258.57,465009.29,5556658.58,1048901.32,17579904.98,0.0,11288.85,92246846169.36,6214064138.21,9148164914.18,30411806110.74,1,SECTOR_INTENSITY_ANOMALY
perhotelan,107518.03,3493.65,7860.48,0.0,11354.13,11881.21,445697.2,111424.3,0.0,1037683.56,37620677.99,0.0,0.0,8150835610.3,0.0,11928601500.55,50769745294.23,0,NORMAL
pertambangan,250966.4,232519.71,44477.27,14839.08,291836.06,304116.77,41796644.39,10449161.1,14815314.49,9267810.42,212282387.73,0.0,89279.91,754541117403.77,16463665585.54,76079764401.64,345352083996.75,0,NORMAL
manufaktur,312281.87,57913.1,41780.68,5281.18,104974.96,109604.87,6403926.35,1600981.59,6809842.1,9939856.03,201852851.53,0.0,0.0,150647369803.24,8149817390.89,123079051210.53,303664045533.25,0,NORMAL
pertanian,67909.25,9848.22,3506.83,712.85,14067.9,13951.7,2526005.58,631501.39,0.0,980185.06,17105886.64,0.0,0.0,54830693360.6,0.0,11775920991.56,24114208598.36,0,NORMAL
perhotelan,377536.96,5740.28,5046.96,2296.11,13083.35,23467.21,3069164.63,585610.86,5523457.56,1521827.11,18900744.33,0.0,0.0,70553315613.19,5668570951.04,14130338778.86,30541216466.74,1,SCOPE2_ELECTRICITY_MISMATCH
pertambangan,238525.52,203075.07,41092.95,0.0,244168.02,242458.49,36315319.8,9078829.95,12872394.22,8052404.79,201480016.42,0.0,77571.5,647623240508.89,20293368336.81,85205198881.69,310892868103.63,0,NORMAL
pertambangan,437998.34,365125.63,74057.55,0.0,439183.18,414049.57,64630006.52,16157501.63,22908869.5,14330783.17,358571942.82,0.0,138053.21,1203147339298.16,23440731699.46,134622931863.48,490283957834.6,0,NORMAL
perhotelan,20886.42,644.16,1659.86,260.34,2564.36,2571.02,82093.88,20523.47,0.0,191133.06,8094377.39,0.0,0.0,1951047644.44,0.0,1671628672.6,11801279938.43,0,NORMAL
manufaktur,107167.79,23759.69,17182.68,0.0,40942.37,43315.86,2666238.63,666559.66,2835239.37,4138403.02,83678054.11,0.0,0.0,53410198533.84,3803866880.18,33479847540.77,153559305828.35,0,NORMAL
konstruksi,150613.19,15991.89,6520.03,0.0,22511.92,21226.16,3831283.0,957820.75,316876.82,1585793.85,31650598.04,0.0,0.0,89860971314.49,381662690.52,15573429557.95,41407735076.67,0,NORMAL
perhotelan,105565.6,560.48,1489.67,223.34,2273.49,2363.04,71992.24,17998.06,0.0,167614.17,7098365.63,0.0,0.0,1621835591.41,0.0,1533420474.62,9160417466.32,0,NORMAL
perbankan,17421.61,150.4,643.07,0.0,793.47,836.14,40643.89,10160.97,0.0,11132.72,3092196.5,0.0,0.0,887842608.29,0.0,123536988.79,4179260464.59,0,NORMAL
perbankan,55643.94,11.03,89.69,0.0,100.72,698.84,2295929.04,544600.72,3014649.79,1405227.59,13190805.07,0.0,0.0,47381470253.66,3197720698.63,13702752443.4,20613916999.94,1,EXTREME_YOY_COLLAPSE
perhotelan,15093.8,625.73,1390.73,0.0,2016.46,1935.9,79462.63,19865.66,0.0,185006.92,6707329.67,0.0,0.0,1862838977.97,0.0,1676856746.52,9943877567.53,0,NORMAL
perbankan,73872.98,681.57,2903.27,0.0,3584.84,3371.7,182958.07,45739.52,0.0,50113.84,13919491.59,0.0,0.0,3677681248.47,0.0,661248607.24,18716421640.81,0,NORMAL
perbankan,210306.54,1211.38,2590.46,0.0,3801.85,12037.53,4747336.8,854967.73,6632206.09,1341617.78,28519430.34,0.0,0.0,100304238193.92,7028015060.15,13076405863.45,42620426483.89,1,SCOPE2_ELECTRICITY_MISMATCH
konstruksi,193618.9,43283.68,18078.74,0.0,61362.42,57924.63,10474411.12,2618602.78,866315.05,4335429.35,86530119.64,0.0,0.0,190094521892.88,872973321.85,40024831954.44,128066588797.66,0,NORMAL
manufaktur,425945.02,50958.66,36534.05,0.0,87492.71,91553.78,5655006.51,1413751.63,6013451.64,8777419.89,177478465.15,0.0,0.0,112053859003.96,6385751511.19,107637755173.65,241756564082.78,0,NORMAL
pertanian,249837.75,39843.26,13903.34,2821.28,56567.88,56405.33,10021823.14,2505455.78,0.0,3888843.88,67866901.01,0.0,0.0,175864313811.04,0.0,45191172671.49,96398203371.7,0,NORMAL
pertambangan,257203.73,229279.13,48261.67,0.0,277540.8,264357.43,41454224.24,10363556.06,14693939.62,9191883.63,229991029.32,0.0,88548.48,834029468039.97,15639088589.14,103050440011.12,429876652778.66,0,NORMAL
perhotelan,104022.14,2245.7,5793.62,892.97,8932.29,8898.92,286826.97,71706.74,0.0,667797.84,28280862.04,0.0,0.0,5990289746.89,0.0,7670517158.15,43141619208.0,0,NORMAL
pertanian,318568.03,40571.02,15235.12,0.0,55806.14,54512.01,10371874.24,2592968.56,0.0,4024676.85,72739022.71,0.0,0.0,220956945853.02,0.0,39541719713.64,121832065783.82,0,NORMAL
pertambangan,279028.78,217376.5,13419.44,0.0,230795.95,276090.62,5119759.37,370084.6,6811846.95,466260.12,12875049.33,0.0,55805.76,117602167990.84,6889431847.12,4200604562.62,20821170913.85,1,SCOPE2_ELECTRICITY_MISMATCH
pertanian,184923.0,7634.87,2726.74,545.35,6885.36,10375.5,3733207.05,350509.36,6752623.35,1533732.68,27169477.19,0.0,0.0,71625308039.49,6961616919.67,15133146853.72,47303548661.63,1,SCOPE_MATH_DISCREPANCY
pertanian,387099.81,71339.3,25204.79,5119.72,101663.81,102582.8,18032777.81,4508194.45,0.0,6997395.25,122116378.37,0.0,0.0,399982619532.99,0.0,69247031880.88,190214488673.72,0,NORMAL
pertambangan,105700.06,12110.16,6055.08,0.0,18165.24,118733.42,5969971.4,975734.04,3440648.97,1182778.17,29594753.49,0.0,21140.01,123801754880.1,4219849387.99,10499671840.83,43555905801.16,1,SECTOR_INTENSITY_ANOMALY
konstruksi,264052.52,80578.09,31040.41,12475.69,124094.19,122962.51,19293891.35,4823472.84,1595754.48,7985871.65,150087498.64,0.0,0.0,465615100647.4,2079910378.85,88722157554.5,278489865544.97,0,NORMAL
pertanian,391726.2,67788.44,24441.7,4881.52,97111.66,95824.25,17284604.46,4321151.11,0.0,6707075.88,117049814.51,0.0,0.0,417203508067.2,0.0,77801613077.52,175735012728.72,0,NORMAL
konstruksi,345245.71,70582.21,29224.32,0.0,99806.53,104481.43,17067337.5,4266834.38,1411601.21,7064286.01,140994919.85,0.0,0.0,411676635340.7,1327820631.2,90583531194.64,173221548693.36,0,NORMAL
manufaktur,384245.86,68536.42,49745.89,0.0,118282.31,124118.57,7673652.06,1918413.01,8160049.94,11910661.13,240832258.47,0.0,0.0,182537276741.84,7139439846.04,132321569725.74,421779012603.93,0,NORMAL
konstruksi,328697.17,115274.83,46765.18,0.0,162040.01,159682.37,27525963.62,6881490.9,2276610.71,11393181.84,227394638.09,0.0,0.0,498932945857.72,2827893787.8,138717388042.32,331640878138.67,0,NORMAL
pertanian,304364.32,38429.62,14298.97,0.0,52728.59,50300.4,9799130.72,2449782.68,0.0,3802430.85,68722313.39,0.0,0.0,239708477620.66,0.0,42260290944.47,128366939539.01,0,NORMAL
pertambangan,115784.02,147796.01,30071.99,0.0,177868.0,176859.61,26078029.52,6519507.38,9243665.71,5782431.52,144682790.76,0.0,55704.09,636716637115.0,10356014901.43,75665389665.68,191354622735.2,0,NORMAL
pertambangan,753102.73,885626.34,170030.85,56668.57,1112325.76,1139933.74,160189925.38,40047481.34,56781211.91,35519833.75,813594017.98,0.0,342174.4,2637625439426.34,60538186838.96,362446253528.76,1451419645822.56,0,NORMAL
perbankan,49709.58,94.63,405.1,0.0,499.73,485.07,25567.19,6391.8,0.0,7003.08,1945157.65,0.0,0.0,524056839.38,0.0,60163980.98,3016914230.56,0,NORMAL
pertambangan,306647.11,53507.93,10338.89,0.0,63846.82,369805.43,3219981.4,398938.77,6241187.7,443281.1,19722422.73,0.0,61329.42,62243191794.64,6911359243.19,3937616591.54,33154352838.05,1,EXTREME_YOY_COLLAPSE
perhotelan,119095.9,1438.95,3190.87,0.0,4629.82,4774.48,182009.99,45502.5,0.0,423760.29,15363209.02,0.0,0.0,4342108986.79,0.0,4869130570.09,29068925259.62,0,NORMAL
manufaktur,455141.53,57518.49,41354.33,5238.53,104111.35,105140.8,6361475.42,1590368.86,6764700.4,9873965.8,200514790.86,0.0,0.0,150371347268.39,8091844889.61,77097435324.34,379954869487.02,0,NORMAL
konstruksi,148663.49,38050.25,15336.73,0.0,53386.98,51503.89,9065741.27,2266435.32,749807.13,3752371.41,74892962.27,0.0,0.0,222055434063.57,883956240.35,41090033804.46,95117295977.12,0,NORMAL
konstruksi,283069.23,8404.64,4202.32,0.0,12606.96,127711.52,2993548.31,436979.46,6419755.76,1841295.11,24546374.37,0.0,0.0,67199997891.17,7101830890.2,21097907528.52,39454468240.2,1,SECTOR_INTENSITY_ANOMALY
pertanian,288397.4,23803.49,8765.85,0.0,32569.34,31749.43,6003704.65,1500926.16,0.0,2329662.95,42104599.31,0.0,0.0,126617992148.97,0.0,18868716707.89,73024132822.95,0,NORMAL
perhotelan,63380.89,1220.26,3198.58,489.23,4908.07,4739.62,157719.77,39429.94,0.0,367207.18,15551017.25,0.0,0.0,3368764659.45,0.0,3848120110.69,22533427292.39,0,NORMAL
pertanian,269899.98,39996.17,14787.55,0.0,54783.72,54547.28,10115055.01,2528763.75,0.0,3925021.35,70937923.01,0.0,0.0,184488474475.64,0.0,47988069648.54,85723038216.75,0,NORMAL
perhotelan,42065.0,1538.01,4035.52,610.52,6184.05,5837.78,195880.52,48970.13,0.0,456053.99,19313629.63,0.0,0.0,3202056582.92,0.0,3776097204.04,24242496634.52,0,NORMAL
perbankan,12442.64,127.31,535.7,0.0,663.01,650.82,34271.53,8567.88,0.0,9387.28,2607386.12,0.0,0.0,644604514.11,0.0,91993620.46,3411413099.85,0,NORMAL
pertambangan,455154.14,535159.26,101756.82,33789.3,670705.38,654012.95,95551484.52,23887871.13,33869352.75,21187180.38,485299659.32,0.0,204103.17,2063046355128.46,33314120070.25,192903832053.15,793923139558.86,0,NORMAL
perhotelan,88477.89,1116.9,2963.46,447.53,4527.89,4748.14,143447.86,35861.97,0.0,333978.95,14143820.43,0.0,0.0,2388013076.5,0.0,3799444772.54,19915580521.95,0,NORMAL
konstruksi,324526.89,129060.69,51955.33,0.0,181016.02,171318.59,30440509.33,7610127.33,2517666.25,12599531.96,251471981.1,0.0,0.0,552080655776.6,3329222867.87,164562641184.41,322703117097.68,0,NORMAL
pertambangan,645176.52,597241.66,111933.33,38084.16,747259.15,760423.47,107880035.64,26970008.91,38239353.38,23920860.95,547915553.7,0.0,230437.63,2296869329789.86,47239934910.82,195742432295.24,856665790240.48,0,NORMAL
pertambangan,595599.96,576615.37,116884.36,0.0,693499.73,688519.95,102998894.12,25749723.53,36509175.09,22838537.36,571445301.74,0.0,220011.24,1709139347859.81,44154318054.27,261058357755.99,942379922959.37,0,NORMAL
konstruksi,260103.63,74216.75,30520.74,0.0,104737.49,103758.34,17850779.81,4462694.95,1476397.96,7388558.06,147467012.25,0.0,0.0,373432930790.41,2336891134.62,77741040923.57,251014528607.39,0,NORMAL
pertanian,128461.56,951.14,475.57,0.0,1426.72,28529.52,5151573.21,958256.45,2564825.82,1591524.9,11094759.57,0.0,0.0,102052204837.62,3527213529.12,16319206032.66,16010088780.87,1,SECTOR_INTENSITY_ANOMALY
perbankan,39441.47,471.7,2023.98,0.0,2495.68,2400.27,127044.01,31761.0,0.0,34798.48,9665536.88,0.0,0.0,3079611574.42,0.0,289058029.83,15240909223.83,0,NORMAL
perhotelan,60687.87,625.53,1371.64,0.0,1997.17,1983.23,79600.2,19900.05,0.0,185327.2,6718941.41,0.0,0.0,1792411779.38,0.0,2088664210.66,8949621641.1,0,NORMAL
perbankan,8661.36,124.08,527.55,0.0,651.63,619.26,33431.41,8357.85,0.0,9157.16,2543469.14,0.0,0.0,786506436.32,0.0,95483070.58,3485240265.13,0,NORMAL
konstruksi,266012.53,86328.58,35332.27,0.0,121660.85,128748.82,20591868.33,5147967.08,1703107.25,8523113.08,170111408.72,0.0,0.0,417467113355.05,1801935314.13,89278506055.51,218835048260.58,0,NORMAL
pertanian,296456.83,29109.22,10461.31,2093.29,41663.82,40236.44,7407412.74,1851853.19,0.0,2874354.43,50162344.75,0.0,0.0,141810568400.65,0.0,32642276569.34,81917548593.57,0,NORMAL
perbankan,62584.74,297.02,1238.49,0.0,1535.51,1504.14,79530.43,19882.61,0.0,21784.09,6050693.07,0.0,0.0,1909459634.38,0.0,222364846.43,9596625751.28,0,NORMAL
pertanian,160490.42,29438.92,10513.9,0.0,18138.51,40044.9,3818187.16,930146.24,7329776.62,401477.28,12625474.64,0.0,0.0,73053060493.29,7921419200.72,3783955667.95,19859410573.64,1,SCOPE_MATH_DISCREPANCY
pertanian,249239.53,33478.98,11937.72,2425.53,47842.23,48449.92,8606795.55,2151698.89,0.0,3339760.01,58284459.18,0.0,0.0,143693512707.49,0.0,28736713645.19,107760985744.76,0,NORMAL
pertanian,366849.19,58829.5,21371.11,0.0,80200.61,76203.01,14807371.91,3701842.98,0.0,5745816.59,103845624.94,0.0,0.0,293204397135.21,0.0,64351913512.88,192085069805.93,0,NORMAL
perbankan,10378.04,10.39,78.4,15.51,104.3,106.21,2809.34,702.34,0.0,769.5,376015.87,0.0,0.0,58998011.12,0.0,9157846.09,565136207.45,0,NORMAL
perbankan,273030.97,1275.6,3119.24,0.0,4394.84,13123.67,5019617.86,1074149.97,2901753.07,500879.73,17242672.08,0.0,0.0,106583588298.41,3049966552.72,5099074174.32,24485995369.29,1,SCOPE2_ELECTRICITY_MISMATCH
pertambangan,268214.92,241591.1,45349.03,14948.84,301888.97,294418.49,43254018.21,10813504.55,15331897.86,9590962.3,219684292.79,0.0,92392.94,958362575867.92,18619132797.51,110926416825.03,335377766667.52,0,NORMAL
konstruksi,156523.93,48026.83,5663.62,0.0,53690.45,77393.17,4768612.65,801614.2,5307334.19,1992377.75,28341424.94,0.0,0.0,99579787512.99,6756979943.42,19814525899.85,41185302771.29,1,SCOPE2_ELECTRICITY_MISMATCH
pertanian,49041.25,3240.9,1196.93,0.0,4437.83,4422.42,831046.37,207761.59,0.0,322477.21,5828213.85,0.0,0.0,18764863001.34,0.0,2425599803.29,7749205245.83,0,NORMAL
pertambangan,630249.15,639902.6,117664.77,39916.21,797483.58,808476.46,113224076.88,28306019.22,40133611.95,25105825.96,575057585.11,0.0,241852.79,2058484132657.93,36425674370.17,299107871899.67,842548631358.49,0,NORMAL
perbankan,278614.34,792.28,5942.13,1188.43,7922.84,7863.58,3919566.94,861672.77,5667778.18,1889906.62,27232951.47,0.0,0.0,5886230585.5,5815549269.92,18884511737.95,47315181972.71,1,FUEL_PRICE_INVOICE_FRAUD
pertambangan,450101.73,271217.04,55886.03,0.0,327103.07,320313.01,48772383.51,12193095.88,17287947.64,10814581.19,270592705.36,0.0,104180.47,937628167515.58,19582590564.3,96401128955.98,416741470168.23,0,NORMAL
pertambangan,484362.46,650068.47,135640.52,0.0,785708.99,739167.24,117477667.38,29369416.84,41641347.36,26048999.05,651774581.21,0.0,250938.69,2439549600674.65,64422546144.11,338433208879.98,1175999020652.95,0,NORMAL
perbankan,42438.9,205.11,858.48,0.0,1063.59,1004.98,54749.41,13687.35,0.0,14996.35,4165347.37,0.0,0.0,926057473.33,0.0,128133767.64,6645414870.5,0,NORMAL
perhotelan,249146.01,1540.06,10657.2,0.0,12197.26,16811.19,2654778.36,611260.15,6923791.56,1956367.46,26732164.89,0.0,0.0,54069807970.98,7070586134.12,20106944340.21,45621509903.19,1,SCOPE1_UNDERREPORTING_FRAUD
perbankan,18278.6,34.54,146.37,0.0,180.91,173.82,9401.25,2350.31,0.0,2575.09,715249.41,0.0,0.0,191352591.11,0.0,28257069.93,1305421278.52,0,NORMAL
manufaktur,195934.39,46926.95,33063.44,0.0,79990.39,78950.81,5163123.29,1290780.82,5490390.18,8013943.22,162041050.76,0.0,0.0,99592988094.63,6110832331.4,64217287342.38,239793099163.69,0,NORMAL
konstruksi,243056.77,77870.75,30895.64,0.0,108766.39,111959.86,18341106.62,4585276.65,1516951.79,7591507.63,151517649.29,0.0,0.0,365561961440.39,2373035242.68,85509041523.2,248866369774.15,0,NORMAL
manufaktur,406883.77,60813.52,43160.31,5385.82,109359.65,103534.01,6683810.52,1670952.63,7107466.86,10374278.32,210674848.33,0.0,0.0,153034320050.39,10935235649.27,92569428683.69,283385628774.08,0,NORMAL
manufaktur,496738.64,110256.05,80004.13,9955.98,200216.16,194274.53,12243469.67,3060867.42,13019527.49,19003704.77,385916253.25,0.0,0.0,196161496587.15,11169711145.65,154798910493.6,485897129925.42,0,NORMAL
pertanian,140433.71,22338.54,8305.53,0.0,30644.07,29520.7,5732083.0,1433020.75,0.0,2224263.55,40199688.72,0.0,0.0,99297130449.91,0.0,21877175462.01,59695489266.78,0,NORMAL
perbankan,50117.55,467.15,2007.69,0.0,2474.84,2379.08,127870.78,31967.7,0.0,35024.94,9728438.1,0.0,0.0,3058947910.04,0.0,296473579.76,16463799986.95,0,NORMAL
konstruksi,268879.79,63759.53,26495.37,0.0,90254.9,88363.94,15370723.17,3842680.79,1271278.04,6362045.91,126979025.36,0.0,0.0,381574873566.21,1434164535.42,78354213468.82,183224229070.6,0,NORMAL
pertanian,380100.9,32498.77,12280.28,0.0,44779.05,43703.06,8349991.8,2087497.95,0.0,3240110.51,58559352.89,0.0,0.0,165804591216.43,0.0,26053872043.31,89779293652.21,0,NORMAL
manufaktur,203323.93,30007.9,21823.93,2727.99,54559.83,55660.66,2902918.59,323106.85,1862971.9,1033546.04,27107674.67,0.0,0.0,5025473969.95,2501718117.04,9839631247.81,43207577761.47,1,FUEL_PRICE_INVOICE_FRAUD
perhotelan,32115.03,311.37,693.32,0.0,1004.69,1011.64,39777.92,9944.48,0.0,92611.97,3357598.85,0.0,0.0,797219312.85,0.0,909545109.82,4575532990.54,0,NORMAL
manufaktur,275727.74,59078.95,42269.12,0.0,101348.07,99196.64,6562228.54,1640557.13,6978178.34,10185564.81,205951000.62,0.0,0.0,117780565044.39,10082582479.95,91081218036.35,362345723264.46,0,NORMAL
manufaktur,161143.67,34829.61,25389.87,0.0,60219.48,57607.26,3897244.88,974311.22,4144273.5,6049109.7,122312333.02,0.0,0.0,90922502405.47,5918654923.05,53100113649.57,192763543592.66,0,NORMAL
perhotelan,85110.26,2039.31,4438.05,0.0,6477.36,6331.78,256606.62,64151.65,0.0,597438.05,21659805.89,0.0,0.0,4726888898.06,0.0,4577705493.82,39553201435.02,0,NORMAL
manufaktur,352200.54,56272.43,40925.4,0.0,44944.26,106282.4,2111495.61,801528.11,7030835.73,951487.79,11969682.42,0.0,0.0,45056080041.21,9376708683.9,9508949385.77,19233938424.09,1,SCOPE_MATH_DISCREPANCY
perhotelan,78766.91,1854.96,4094.14,0.0,5949.1,5618.64,235667.93,58916.98,0.0,548688.06,19892400.43,0.0,0.0,5469407066.43,0.0,4392808997.41,32448703502.92,0,NORMAL
perhotelan,119153.04,3565.16,9383.73,1454.3,14403.19,15159.25,460922.98,115230.75,0.0,1073132.59,45446560.51,0.0,0.0,10993992219.61,0.0,10087683133.48,65110868187.77,0,NORMAL
konstruksi,335456.07,47784.41,19544.95,0.0,67329.36,64273.74,11526843.19,2881710.8,953359.35,4771038.08,95224362.42,0.0,0.0,276073752990.13,1495385295.84,49010821417.93,123123752340.15,0,NORMAL
pertanian,63721.37,5961.54,2184.88,0.0,8146.42,8519.28,1506430.33,376607.58,0.0,584551.56,10564751.11,0.0,0.0,24156572798.33,0.0,7339614654.3,15495485009.88,0,NORMAL
pertambangan,290487.63,349692.38,72151.08,0.0,421843.46,430955.15,62259019.66,15564754.92,22068445.19,13805050.61,345417536.57,0.0,132988.65,1299209091931.6,19529654589.59,108134871378.36,638532344206.24,0,NORMAL
perbankan,41044.79,144.32,1104.67,215.99,1464.98,1422.3,39514.34,9878.59,0.0,10823.33,5288791.18,0.0,0.0,708654551.02,0.0,128819710.33,9153706161.79,0,NORMAL
perbankan,22256.78,289.63,1220.84,0.0,1510.47,1522.8,78582.01,19645.5,0.0,21524.31,5978537.04,0.0,0.0,1690548538.74,0.0,189596120.4,9703968588.47,0,NORMAL
pertanian,353586.27,31379.91,11195.45,2214.97,44790.33,46622.28,7925483.68,1981370.92,0.0,3075385.41,53670675.4,0.0,0.0,155210000542.49,0.0,26081106434.9,100153039878.48,0,NORMAL
perbankan,40397.23,385.83,1637.01,0.0,2022.84,1915.76,103751.41,25937.85,0.0,28418.43,7893430.54,0.0,0.0,2177372470.66,0.0,225873753.32,12594571864.14,0,NORMAL
perhotelan,107209.7,3365.11,8749.29,1346.05,6847.4,14104.97,2963703.77,759686.08,3741520.26,583008.98,23065255.32,0.0,0.0,63684639727.69,4534823553.66,5008183904.67,34570574780.54,1,SCOPE_MATH_DISCREPANCY
pertanian,263771.8,36965.92,13614.83,0.0,50580.75,51350.23,9497030.54,2374257.63,0.0,3685204.63,66603653.72,0.0,0.0,205577434876.04,0.0,30787498841.98,114725570418.1,0,NORMAL
konstruksi,112063.83,41805.51,16732.81,0.0,58538.32,59320.02,9863205.45,2465801.36,815763.6,4082447.21,81480890.74,0.0,0.0,208410543514.86,908973036.85,50982177124.63,111865612214.96,0,NORMAL
perhotelan,13584.69,332.12,727.16,0.0,1059.28,1110.18,42064.83,10516.21,0.0,97936.41,3550633.65,0.0,0.0,786041933.63,0.0,997245653.31,5047569535.29,0,NORMAL
pertanian,116349.17,27311.3,9505.99,1949.86,38767.15,38873.25,6875566.75,1718891.69,0.0,2667978.2,46560730.66,0.0,0.0,127123226506.36,0.0,26201416429.75,73835402911.22,0,NORMAL
manufaktur,141643.91,16046.65,11734.8,0.0,27781.45,26223.97,1797565.38,449391.34,1911504.87,2790091.59,56415345.23,0.0,0.0,42667927502.88,2762357447.84,27772072165.04,103356924642.65,0,NORMAL
pertanian,234018.58,33438.17,12074.91,2405.95,47919.03,49359.79,8550933.23,2137733.31,0.0,3318083.33,57906164.48,0.0,0.0,157512106188.42,0.0,39820245360.09,82361142582.76,0,NORMAL
perhotelan,30730.77,665.26,1461.69,0.0,2126.95,2205.2,84226.34,21056.59,0.0,196097.91,7109427.89,0.0,0.0,1585989809.21,0.0,1898252188.3,9751699199.47,0,NORMAL
pertanian,373911.64,53766.13,19785.46,0.0,73551.59,69531.18,13635356.66,3408839.17,0.0,5291030.64,95626161.23,0.0,0.0,308646967453.4,0.0,68144465265.05,134195888056.92,0,NORMAL
perhotelan,96637.55,2202.57,5003.16,0.0,7205.73,7035.17,284513.48,71128.37,0.0,662411.51,24015385.05,0.0,0.0,6469777603.88,0.0,6882659170.45,28834319623.37,0,NORMAL
perhotelan,217226.48,437.07,218.54,0.0,655.61,16898.67,5582440.35,981147.47,7261733.67,1400326.87,29029673.25,0.0,0.0,116166496172.33,9143786829.05,14894123554.0,46599242539.16,1,SECTOR_INTENSITY_ANOMALY
perbankan,24823.46,203.17,869.56,0.0,1072.73,1025.69,54991.03,13747.76,0.0,15062.53,4183730.32,0.0,0.0,1167475236.27,0.0,200838326.74,6003297442.82,0,NORMAL
konstruksi,179240.51,53585.86,22127.5,0.0,75713.36,78418.82,12948866.12,3237216.53,1070971.67,5359622.95,106971830.93,0.0,0.0,308124861165.98,1136167562.87,43024496337.01,189035094188.37,0,NORMAL
konstruksi,145431.05,46695.15,19409.8,0.0,66104.95,67744.22,11313140.66,2828285.16,935684.49,4682585.16,93458945.22,0.0,0.0,242162062604.64,1457908297.69,44247277763.81,154215360556.89,0,NORMAL
konstruksi,112386.47,42262.84,16371.4,6547.99,65182.23,66535.98,10148783.64,2537195.91,839383.13,4200649.94,78947555.15,0.0,0.0,168954619485.65,1149732443.83,40067718513.9,118185870217.23,0,NORMAL
pertambangan,476374.09,552948.85,112939.54,0.0,665888.39,656596.29,98622893.46,24655723.37,34958049.95,21868221.56,547166934.1,0.0,210663.87,1908562109894.24,48885632884.2,216296532448.27,812171306970.51,0,NORMAL
perhotelan,116208.29,1840.25,4017.02,0.0,5857.27,5700.3,231498.04,57874.51,0.0,538979.62,19540426.18,0.0,0.0,5152936318.39,0.0,6451139787.98,31838274445.77,0,NORMAL
pertambangan,139789.2,82997.77,17201.97,0.0,100199.74,103093.44,15026925.33,3756731.33,5326471.25,3332006.61,83370466.76,0.0,32098.33,331215055773.91,5271676250.28,27530416157.82,116136860744.75,0,NORMAL
pertanian,357389.51,37785.52,13939.25,0.0,51724.77,52798.66,9584643.13,2396160.78,0.0,3719201.61,67218089.86,0.0,0.0,184491776157.07,0.0,32295932235.91,105247656217.06,0,NORMAL
perhotelan,51896.39,1182.82,2622.43,0.0,3805.25,3976.35,149703.22,37425.81,0.0,348542.85,12636239.71,0.0,0.0,3268532310.53,0.0,2876028982.59,16934971796.1,0,NORMAL
manufaktur,322608.29,56664.49,40627.68,0.0,97292.17,98964.58,6242907.5,1560726.87,6638616.99,9689930.57,195929330.72,0.0,0.0,141435629351.35,10054599151.03,126897812942.26,319252855810.07,0,NORMAL
konstruksi,124157.27,46907.91,19466.71,0.0,66374.62,66430.14,11341458.77,2835364.69,938026.62,4694306.22,93692883.9,0.0,0.0,202865525866.78,1178165546.22,57852649539.57,144341740282.83,0,NORMAL
konstruksi,356696.97,77271.52,5278.33,0.0,82549.84,114391.82,2159526.06,1011699.57,2868175.6,1290211.14,24371683.96,0.0,0.0,48012337498.54,3455674739.27,12996868826.62,35074496852.13,1,SCOPE2_ELECTRICITY_MISMATCH
perbankan,72184.08,282.68,2163.98,433.76,2880.42,2713.19,77239.09,19309.77,0.0,21156.47,10338053.34,0.0,0.0,1814352348.84,0.0,250443978.66,13514734241.22,0,NORMAL
konstruksi,56851.8,18487.53,7197.39,2840.52,28525.44,27215.88,4452422.37,1113105.59,368249.87,1842887.62,34635466.94,0.0,0.0,87143725817.22,422302959.63,23785971942.29,62260085206.98,0,NORMAL
perbankan,45824.73,152.79,1141.37,230.84,1525.0,1563.86,41354.43,10338.61,0.0,11327.35,5535077.14,0.0,0.0,944164820.46,0.0,142268657.75,6866772642.76,0,NORMAL
pertambangan,755633.43,683613.42,126840.13,42437.75,852891.3,829469.62,120143345.17,30035836.29,42586228.35,26640075.12,610200090.32,0.0,256632.72,2984463388133.41,65707451726.36,277651350965.15,1006825385785.86,0,NORMAL
perhotelan,68868.47,1876.74,4769.74,735.36,7381.84,7783.7,236319.52,59079.88,0.0,550205.11,23300876.35,0.0,0.0,5493977522.03,0.0,5174716024.57,28321941074.41,0,NORMAL
pertanian,220136.19,28982.27,10506.02,0.0,39488.29,40264.28,7323634.6,1830908.65,0.0,2841845.36,51361404.03,0.0,0.0,123314554558.33,0.0,33402776084.05,62513449604.33,0,NORMAL
pertanian,43808.52,5864.62,2173.74,0.0,8038.36,8242.45,1500005.19,375001.3,0.0,582058.36,10519690.94,0.0,0.0,24401362903.68,0.0,6352009638.64,19791311099.29,0,NORMAL
pertambangan,316246.17,283287.11,56743.71,0.0,340030.82,325166.96,49845098.75,12461274.69,17668184.24,11052440.51,276544206.97,0.0,106471.84,1140069978591.98,25825820323.21,113178777706.31,355033537587.26,0,NORMAL
manufaktur,481061.35,31845.8,22480.34,0.0,54326.14,56680.06,3505609.82,876402.46,3727814.47,5441233.24,110021137.82,0.0,0.0,67612126211.91,4453238211.85,61188445934.03,187601551278.44,0,NORMAL
manufaktur,187120.56,17417.18,12799.57,0.0,30216.75,31395.18,1947035.43,486758.86,2070449.14,3022091.57,61106359.32,0.0,0.0,32782419856.25,2055625227.83,30531150080.82,93449278218.48,0,NORMAL
pertambangan,537810.88,602989.96,125404.39,0.0,728394.35,708495.89,109096620.68,27274155.17,38670586.32,24190621.35,605275928.95,0.0,233036.32,2322983007855.34,45721621586.01,280914400281.25,912052830624.68,0,NORMAL
pertambangan,83763.99,82338.55,15400.3,5115.73,102854.58,97919.1,14648406.3,3662101.58,5192300.7,3248075.4,74398285.12,0.0,31289.79,271913781322.46,6212197089.92,26314300971.44,94204040691.65,0,NORMAL
pertambangan,543751.05,521393.19,97853.84,32727.42,651974.45,637500.99,92325999.44,23081499.86,32726041.45,20471975.02,468917634.3,0.0,197213.36,1553305594574.11,34891658937.54,243879186306.0,650068944271.64,0,NORMAL
konstruksi,291289.63,103821.59,41836.37,0.0,145657.96,152548.68,24810569.59,6202642.4,2052026.56,10269261.96,204962506.39,0.0,0.0,576826122302.74,2684586758.15,123888506324.28,277053644265.48,0,NORMAL
perbankan,75953.21,333.35,1407.33,0.0,1740.68,1750.96,90687.75,22671.94,0.0,24840.18,6899544.48,0.0,0.0,2029608725.6,0.0,222989770.66,8548525104.2,0,NORMAL
perhotelan,103817.58,287.58,473.99,0.0,761.57,5165.6,4029239.52,1189422.83,1308149.93,848784.55,11051626.77,0.0,0.0,81152559827.25,1388807222.52,8826909392.04,17385463362.39,1,EXTREME_YOY_COLLAPSE
manufaktur,429897.39,74728.68,54700.36,6744.25,136173.29,132417.66,8333286.48,2083321.62,8861495.58,12934512.87,262666611.8,0.0,0.0,171338252019.08,12143613026.93,172598310148.36,384534741464.64,0,NORMAL
pertambangan,110228.58,109720.18,20662.45,6752.0,137134.63,129515.92,19389594.06,4847398.51,6872870.73,4299366.24,98478463.61,0.0,41417.23,347198319800.78,6357706698.29,48772512577.23,179900373161.58,0,NORMAL
pertambangan,691083.78,732782.87,135535.62,45270.21,913588.7,866094.69,129128705.09,32282176.27,45771195.35,28632450.67,655836138.06,0.0,275825.94,3192464896033.49,50236376029.79,357733249411.53,825813856316.99,0,NORMAL
konstruksi,62532.83,22092.15,8496.98,3398.79,33987.92,35644.49,5242550.11,617045.67,7270459.49,1470975.9,14715549.53,0.0,0.0,8192287843.76,7892795989.53,16373059813.63,22175987860.72,1,FUEL_PRICE_INVOICE_FRAUD
perhotelan,43810.21,912.21,2034.99,0.0,2947.2,2959.35,116572.29,29143.07,0.0,271406.57,9839704.29,0.0,0.0,2549819767.05,0.0,2086822917.96,13049768735.35,0,NORMAL
konstruksi,84759.5,23881.5,9079.94,3626.48,36587.92,38687.49,5658034.3,1414508.58,467963.33,2341898.53,44013942.05,0.0,0.0,100652197520.28,697274263.61,26806144751.31,56699959667.31,0,NORMAL
pertanian,174204.83,33840.5,11978.92,2397.06,48216.48,50288.12,8650923.55,2162730.89,0.0,3356883.33,58583290.08,0.0,0.0,211830275992.99,0.0,37482790217.79,98177904108.77,0,NORMAL
pertambangan,399464.9,38756.44,19378.22,0.0,58134.66,452097.51,5442729.29,1011860.3,6554062.98,1553073.87,18361135.14,0.0,79892.98,120210571626.9,8989484261.12,17147984900.99,27810177778.5,1,SECTOR_INTENSITY_ANOMALY
pertanian,313998.48,48468.49,17580.26,0.0,66048.75,62971.1,12227263.95,3056815.99,0.0,4744637.77,85751061.98,0.0,0.0,299554448352.29,0.0,57144880916.68,151023288595.35,0,NORMAL
manufaktur,272847.34,53746.98,38565.59,0.0,92312.57,96276.59,5970081.39,1492520.35,6348497.68,9266463.45,187366872.26,0.0,0.0,103759463076.33,6192168205.27,73191535133.75,318650915112.53,0,NORMAL
pertanian,391294.14,59630.71,21298.56,4253.68,85182.95,84289.21,15235833.7,3808958.42,0.0,5912075.85,103175719.91,0.0,0.0,322027389111.31,0.0,75450237949.23,149399999725.85,0,NORMAL
manufaktur,420219.95,48307.81,34215.69,0.0,82523.5,83698.95,5336675.7,1334168.92,5674943.28,8283322.63,167487872.94,0.0,0.0,127408031070.4,7994480779.25,69829452717.62,278295700763.24,0,NORMAL
pertanian,388050.65,61183.57,22933.23,0.0,84116.8,80884.96,15717012.32,3929253.08,0.0,6098791.24,110225026.84,0.0,0.0,308148855085.53,0.0,68317784292.08,207237688843.89,0,NORMAL
pertanian,69192.53,8443.68,3111.18,0.0,11554.86,12236.67,2154350.57,538587.64,0.0,835968.96,15108682.53,0.0,0.0,44993373394.93,0.0,8968057703.46,27956539195.82,0,NORMAL
perbankan,16903.35,241.72,1007.01,0.0,1248.73,1317.05,64590.63,16147.66,0.0,17691.95,4914070.06,0.0,0.0,1224280416.06,0.0,171327640.96,7581799067.73,0,NORMAL
pertanian,301383.0,62719.57,23190.94,0.0,85910.51,90723.03,15934347.62,3983586.91,0.0,6183125.5,111749221.7,0.0,0.0,384055950019.08,0.0,79469949764.87,162462512939.36,0,NORMAL
konstruksi,40143.61,7582.67,3042.57,0.0,10625.24,11169.92,1797077.34,449269.34,148632.24,743822.42,14845829.11,0.0,0.0,37449279854.13,168738812.2,8847928171.38,18882526214.4,0,NORMAL
pertambangan,179806.99,223483.64,45623.67,0.0,269107.31,266117.83,39752016.84,9938004.21,14090572.09,8814443.39,220547059.75,0.0,84912.47,826129657160.48,13397338871.06,76707528216.17,341495901802.15,0,NORMAL
perhotelan,69672.61,2166.93,4782.04,0.0,6948.97,7228.91,273868.88,68467.22,0.0,637628.49,23116889.48,0.0,0.0,6425965993.78,0.0,7625251042.99,39496978365.31,0,NORMAL
perhotelan,12996.42,479.82,1057.31,0.0,1537.13,1452.97,61228.48,15307.12,0.0,142553.69,5168210.02,0.0,0.0,1207165842.19,0.0,1875721712.07,9638770259.59,0,NORMAL
konstruksi,159648.22,15565.7,5986.81,2394.72,9836.92,23677.02,5857301.94,965264.99,3994312.99,1130560.98,6685029.79,0.0,0.0,123113229825.59,5379950671.05,12425479933.75,9722124371.49,1,SCOPE_MATH_DISCREPANCY
perbankan,6145.79,46.75,201.55,0.0,248.3,242.36,12803.35,3200.84,0.0,3506.95,974081.67,0.0,0.0,271390212.42,0.0,46997624.66,1424176196.34,0,NORMAL
perhotelan,97311.35,3801.68,8308.96,0.0,12110.64,12343.52,481659.13,120414.78,0.0,1121411.03,40656174.21,0.0,0.0,9153170471.52,0.0,15103391454.01,70731594333.86,0,NORMAL
perbankan,28554.26,229.35,993.59,0.0,1222.94,1236.38,62978.78,15744.69,0.0,17250.45,4791439.49,0.0,0.0,1294648606.21,0.0,161774594.77,9016895643.95,0,NORMAL
pertanian,229137.69,20541.05,7303.11,1447.7,29291.86,30384.18,5175543.44,1293885.86,0.0,2008305.29,35048322.96,0.0,0.0,104736354234.84,0.0,18164155058.5,59959423143.25,0,NORMAL
perbankan,63879.85,814.87,3438.49,0.0,4253.36,4046.38,219649.96,54912.49,0.0,60164.07,16711018.51,0.0,0.0,4038428081.39,0.0,528638005.62,20870255445.36,0,NORMAL
perbankan,16225.67,124.82,533.37,0.0,658.19,656.98,33914.16,8478.54,0.0,9289.39,2580196.65,0.0,0.0,678178572.88,0.0,110794523.9,3252488602.27,0,NORMAL
pertambangan,58183.58,5645.13,2822.57,0.0,8467.7,66067.37,5407763.95,735003.32,4157067.65,1350920.32,20504341.97,0.0,11636.72,109633517914.74,4482940515.02,13015715286.09,31775242903.57,1,SECTOR_INTENSITY_ANOMALY
perhotelan,69664.41,879.51,2298.7,347.78,3525.99,3504.48,112388.83,28097.21,0.0,261666.53,11081429.98,0.0,0.0,1963815408.06,0.0,2371509528.03,15052415114.92,0,NORMAL
pertambangan,515297.91,614627.01,126125.53,0.0,740752.54,732789.06,109145215.38,27286303.85,38687811.29,24201396.53,605545535.89,0.0,233140.12,2263184822817.07,46744478637.55,255058466737.69,969248670744.78,0,NORMAL
konstruksi,299103.83,37026.64,15040.0,0.0,52066.64,53058.44,8884787.71,2221196.93,734840.86,3677473.51,73398087.46,0.0,0.0,220942617222.37,1154469783.0,42946414406.46,99897796540.74,0,NORMAL
manufaktur,476198.15,116819.02,85830.27,10812.7,213461.99,208805.4,13162856.27,3290714.07,13997189.83,20430730.95,414895476.04,0.0,0.0,326180781959.14,15226903978.86,226003847155.7,680869801208.67,0,NORMAL
perbankan,8818.05,74.12,319.17,0.0,393.29,385.0,20155.12,5038.78,0.0,5520.67,1533406.26,0.0,0.0,502945595.55,0.0,51074069.09,2238612532.1,0,NORMAL
pertanian,347980.58,9003.57,3014.66,0.0,12018.23,64240.15,4655324.33,752317.35,3369679.06,898891.42,25315029.68,0.0,0.0,90389716749.44,4018221248.97,8210100910.72,36198761038.93,1,EXTREME_YOY_COLLAPSE
pertanian,261785.71,24891.91,9028.61,1794.2,35714.72,33863.8,6435240.37,1608810.09,0.0,2497115.02,43578879.29,0.0,0.0,118008053861.75,0.0,33282420185.48,58183262412.57,0,NORMAL
konstruksi,336925.72,82656.16,31320.8,12661.88,126638.84,120056.05,19468801.8,4867200.45,1610220.93,8058268.27,151448129.92,0.0,0.0,350841848978.17,1957926495.1,72358016888.64,248657746020.18,0,NORMAL
perbankan,367960.97,736.8,368.4,0.0,1105.19,16275.96,4947547.34,862555.9,7353540.93,1556964.11,7884244.18,0.0,0.0,100072604052.67,7516902084.53,15505767222.02,11635079604.16,1,SECTOR_INTENSITY_ANOMALY
manufaktur,101188.86,19091.94,13911.79,0.0,33003.73,34326.15,2136488.19,534122.05,2271910.45,3316150.73,67052203.09,0.0,0.0,51978320335.91,2797799817.32,33112875644.47,87611107898.93,0,NORMAL
pertambangan,529911.19,614345.75,128806.36,0.0,743152.11,744459.53,110662246.43,27665561.61,39225540.87,24537776.55,613962133.67,0.0,236380.58,2057746109814.22,38460359468.15,192195223892.61,982302056781.48,0,NORMAL
pertanian,173533.54,24744.77,8807.46,1759.7,35311.93,36046.68,6264144.45,1566036.11,0.0,2430723.38,42420232.87,0.0,0.0,125387048385.68,0.0,32192789843.23,54444750803.34,0,NORMAL
pertambangan,556965.36,304928.02,62393.12,0.0,367321.14,350073.88,54825153.23,13706288.31,19433423.39,12156696.64,304173908.83,0.0,117109.51,1130605678164.97,17772292234.33,146178835823.93,496960475573.88,0,NORMAL
manufaktur,71386.04,8041.41,5846.03,721.58,14609.02,14461.37,891141.61,222785.4,947627.03,1383185.7,28088935.76,0.0,0.0,16408909641.29,1120828872.97,18138664649.18,45832867181.55,0,NORMAL
perbankan,30899.17,303.96,1272.44,0.0,1576.4,1636.29,81822.8,20455.7,0.0,22411.99,6225097.18,0.0,0.0,1923319736.79,0.0,282743552.45,10496902023.43,0,NORMAL
pertambangan,104541.45,83799.25,16834.45,0.0,100633.7,97149.85,14798736.88,3699684.22,5245587.15,3281409.07,82104460.78,0.0,31610.91,328376185742.58,8269798773.35,32613502162.92,121620093977.06,0,NORMAL
manufaktur,330463.07,44953.47,33099.95,4145.97,82199.39,83930.0,5064643.27,1266160.82,5385667.96,7861087.44,159638420.3,0.0,0.0,112243778466.35,5881471560.13,70399989427.88,271148697906.82,0,NORMAL
perbankan,8025.69,65.24,278.36,0.0,343.6,326.64,17928.26,4482.07,0.0,4910.71,1363986.27,0.0,0.0,434535700.07,0.0,42389392.14,1706271271.65,0,NORMAL
perbankan,25835.32,92.75,705.76,140.55,939.06,917.89,25280.52,6320.13,0.0,6924.56,3383667.4,0.0,0.0,421210394.45,0.0,68369124.42,5000066709.64,0,NORMAL
perhotelan,96857.86,2891.1,6308.73,0.0,9199.83,8761.92,363970.7,90992.67,0.0,847405.82,30722257.66,0.0,0.0,6199182947.41,0.0,8255058851.15,40411673617.4,0,NORMAL
pertanian,168859.99,14728.39,5504.92,0.0,20233.31,19757.64,3765957.54,941489.39,0.0,1461333.01,26411048.29,0.0,0.0,62866009398.22,0.0,19351957798.67,46567535435.31,0,NORMAL
pertambangan,682954.3,718548.41,136083.51,45618.31,900250.23,917204.16,128694972.32,32173743.08,45617453.64,28536276.61,653633238.01,0.0,274899.46,3018293777669.45,54836532058.21,256658035801.81,868460110952.89,0,NORMAL
konstruksi,55100.9,14205.55,5820.46,0.0,20026.01,19696.22,3432019.05,858004.76,283854.6,1420535.82,28352240.14,0.0,0.0,77571915864.97,257355724.53,14041886857.29,50496992397.86,0,NORMAL
pertambangan,110326.17,97518.55,5648.11,0.0,103166.66,121229.21,5670181.32,330899.56,3354043.93,1279464.2,11392174.62,0.0,22065.23,115030994425.8,3467558790.97,13400755901.64,17356644504.41,1,SCOPE2_ELECTRICITY_MISMATCH
pertambangan,757825.39,685320.95,128860.33,42800.16,856981.44,847372.04,121273283.18,30318320.79,42986748.23,26890622.78,615938970.6,0.0,259046.33,2845984451737.2,62679095484.08,272883472631.73,978995263433.85,0,NORMAL
perhotelan,85209.4,2868.21,7438.98,1133.61,11440.8,11753.15,361893.27,90473.32,0.0,842569.11,35682326.99,0.0,0.0,5919036059.93,0.0,6515364960.95,52212711116.68,0,NORMAL
pertanian,217294.69,18433.38,6852.32,0.0,25285.7,24360.84,4733659.24,1183414.81,0.0,1836837.62,33197640.03,0.0,0.0,108024653300.24,0.0,13856684141.82,51472578965.41,0,NORMAL
pertanian,259112.57,33442.62,12592.5,0.0,46035.12,43902.41,8647945.56,2161986.39,0.0,3355727.76,60648933.3,0.0,0.0,199447415950.29,0.0,28511362505.32,73388511398.49,0,NORMAL
pertanian,164794.98,19239.0,6971.61,0.0,26210.61,26339.62,4873729.71,1218432.43,0.0,1891190.22,34179968.61,0.0,0.0,89802385470.27,0.0,14986352006.72,56176947309.29,0,NORMAL
pertambangan,691544.97,668872.81,137557.04,0.0,806429.85,813339.06,120032856.79,30008214.2,42547064.44,26615575.9,665950956.58,0.0,256396.71,2212015734242.08,39989432195.54,266551864777.15,1087876097233.37,0,NORMAL
pertambangan,95171.74,88646.72,16555.72,5510.73,110713.17,112776.46,15929568.82,3982392.21,5646423.9,3532154.94,80905224.68,0.0,34026.43,284757592564.65,6345931116.02,35550912818.45,143864948886.57,0,NORMAL
perhotelan,92121.05,2728.35,6047.77,0.0,8776.12,8632.31,343335.96,85833.99,0.0,799363.5,28980508.21,0.0,0.0,7345733699.54,0.0,8913476585.41,39260047334.96,0,NORMAL
perbankan,23403.46,203.13,1515.56,303.09,2021.78,2080.33,54927.81,13731.95,0.0,15045.21,7351804.21,0.0,0.0,1315332711.29,0.0,160490727.85,12841520710.12,0,NORMAL
pertanian,319376.41,51803.71,19030.41,0.0,70834.12,70062.61,13216193.41,3304048.35,0.0,5128379.55,92686526.17,0.0,0.0,319995463073.74,0.0,61210661226.2,121420632084.18,0,NORMAL
konstruksi,209207.48,39347.37,15855.69,0.0,55203.06,56034.8,9332705.59,2333176.4,771887.15,3862869.74,77098380.23,0.0,0.0,230752911976.05,1188734876.57,41185081692.05,123861485615.74,0,NORMAL
perbankan,61506.97,117.31,495.22,0.0,612.53,581.66,31634.95,7908.74,0.0,8665.09,2406794.39,0.0,0.0,583764718.18,0.0,82458215.12,3253151729.91,0,NORMAL
pertambangan,403566.52,474486.58,96628.55,0.0,571115.13,584848.94,84291880.07,21072970.02,29878252.91,18690523.51,467657437.03,0.0,180052.04,1639291148448.35,27285173672.45,141532265027.5,665286997934.04,0,NORMAL
pertambangan,77387.56,13854.82,13364.92,4454.97,31674.72,93016.29,5763520.99,1044715.78,2787367.77,493614.3,8528570.25,0.0,15477.51,110525890110.39,2841033961.39,5081104121.43,12487748441.61,1,SCOPE1_UNDERREPORTING_FRAUD
pertambangan,621516.14,715425.52,149817.1,0.0,865242.62,855176.28,128741438.27,32185359.57,45633924.05,28546579.77,714266795.41,0.0,274998.72,2822866413503.94,43380895886.76,368052428422.12,1278361341737.38,0,NORMAL
perbankan,24612.77,173.68,758.02,0.0,931.7,972.57,47674.21,11918.55,0.0,13058.39,3627064.91,0.0,0.0,1057529953.19,0.0,175581881.16,5788610614.12,0,NORMAL
perhotelan,12077.91,203.75,539.87,82.46,826.08,843.89,26112.95,6528.24,0.0,60796.83,2574711.51,0.0,0.0,570446298.94,0.0,554986590.09,3316110126.88,0,NORMAL
pertanian,190173.03,22080.25,8122.6,0.0,30202.85,31617.55,5619634.44,1404908.61,0.0,2180629.28,39411075.34,0.0,0.0,105343751917.39,0.0,22851377201.1,57050950005.89,0,NORMAL
perbankan,19941.73,20.09,149.66,29.87,199.62,201.42,5398.24,1349.56,0.0,1478.63,722526.47,0.0,0.0,125409559.37,0.0,16647849.16,912048874.02,0,NORMAL
pertanian,350324.79,51193.43,6092.76,0.0,57286.19,73197.23,3987136.96,336474.8,5240443.34,744082.08,22082406.52,0.0,0.0,88946963266.19,6638899385.79,7244659875.87,35738637501.2,1,SCOPE2_ELECTRICITY_MISMATCH
konstruksi,334605.21,109662.62,45706.05,0.0,155368.67,146930.49,26369857.58,6592464.39,2180991.78,10914661.76,217843934.69,0.0,0.0,430343050705.8,2220348731.44,93942867932.63,408107952325.39,0,NORMAL
pertanian,179964.92,17138.41,6022.27,1229.91,24390.59,23339.78,4361402.15,1090350.54,0.0,1692387.88,29535030.06,0.0,0.0,75903308954.18,0.0,17900607251.23,54125267899.92,0,NORMAL
konstruksi,90963.94,27141.31,3256.01,0.0,30397.32,41806.79,4736427.8,768617.45,3766183.56,1479305.98,14967154.97,0.0,0.0,104759051274.49,3927508123.38,13707817340.21,24868491986.95,1,SCOPE2_ELECTRICITY_MISMATCH
konstruksi,126915.92,28917.36,11883.28,0.0,40800.64,40465.68,6983503.27,1745875.82,577589.89,2890519.07,57691393.51,0.0,0.0,150747122306.31,816170048.89,23313775400.11,97377768511.94,0,NORMAL
pertambangan,59696.78,66099.25,12393.61,4131.2,37832.89,82266.58,3589229.33,406306.59,1672623.92,1592221.45,6136309.74,0.0,11939.36,81185357569.97,2274114782.29,14313762935.22,10129939153.76,1,SCOPE_MATH_DISCREPANCY
perbankan,206601.37,149.34,1115.47,0.0,1264.81,6677.8,2632973.86,783461.0,1741407.48,1741840.88,27566968.06,0.0,0.0,58128034461.4,2396161400.82,18680329361.7,47025676961.47,1,EXTREME_YOY_COLLAPSE
perbankan,57519.24,179.9,1366.54,274.01,1820.45,1851.24,48883.23,12220.81,0.0,13389.55,6542768.68,0.0,0.0,931814560.39,0.0,112478061.06,10030192787.6,0,NORMAL
pertanian,69651.72,7017.28,2557.56,0.0,9574.84,9660.51,1768109.11,442027.28,0.0,686092.76,12399931.38,0.0,0.0,37988171101.41,0.0,6988126487.47,18039159409.76,0,NORMAL
perhotelan,47721.54,1018.51,2643.23,413.11,4074.85,3959.61,130044.49,32511.12,0.0,302772.88,12822261.03,0.0,0.0,2287761421.6,0.0,3000960538.01,15922148374.49,0,NORMAL
perbankan,33764.72,289.99,1226.22,0.0,1516.21,1507.63,78448.25,19612.06,0.0,21487.67,5968360.24,0.0,0.0,1363598220.55,0.0,240794046.63,9963691098.42,0,NORMAL
pertambangan,290155.39,281020.54,57805.23,0.0,338825.77,338846.64,50818673.9,12704668.47,18013279.45,11268316.93,281945672.2,0.0,108551.45,1185793990039.85,26008510432.99,106377845252.82,455368709390.31,0,NORMAL
konstruksi,287658.15,78284.94,31420.25,0.0,109705.19,112240.55,18438334.32,4609583.58,1524993.28,7631750.83,152320856.71,0.0,0.0,352914006226.23,2372218883.58,57977249378.87,256731790607.5,0,NORMAL
manufaktur,439121.58,45847.01,32985.62,0.0,78832.63,74573.36,5041591.72,1260397.93,5361155.27,7825307.95,158226866.45,0.0,0.0,108866921155.13,6664747799.41,101841438737.19,199184663585.36,0,NORMAL
manufaktur,148851.0,24702.76,17965.64,0.0,42668.4,44688.54,3203506.92,960851.3,6045848.23,1233061.88,28616730.55,0.0,0.0,5589420261.22,6464207757.28,13262318527.32,43321258681.02,1,FUEL_PRICE_INVOICE_FRAUD
pertanian,117281.54,18309.74,6723.72,0.0,25033.46,25747.65,4598794.16,1149698.54,0.0,1784504.9,32251817.29,0.0,0.0,95486815499.21,0.0,22011746629.9,60102287277.09,0,NORMAL
perbankan,32611.49,444.19,1859.48,0.0,2303.67,2316.6,119169.06,29792.26,0.0,32641.46,9066408.82,0.0,0.0,2372670329.39,0.0,333948801.94,15010607087.95,0,NORMAL
manufaktur,148808.26,24008.99,17588.25,2187.26,43784.5,44921.39,2672871.12,668217.78,2842292.26,4148697.64,84249353.9,0.0,0.0,51834075919.34,3705936109.23,38640924562.09,151688946479.15,0,NORMAL
perbankan,77212.5,524.82,2246.36,0.0,2771.18,2791.49,141396.76,35349.19,0.0,38729.83,10757497.66,0.0,0.0,3038663090.37,0.0,509263645.99,17943136284.04,0,NORMAL
konstruksi,103797.95,14612.25,5616.39,2233.4,22462.04,21639.5,3505178.79,876294.7,289905.48,1450817.12,27266843.55,0.0,0.0,58765470026.71,337837227.89,17929552707.98,38482187596.28,0,NORMAL
perhotelan,62917.03,908.72,2350.92,368.72,3628.36,3436.45,115934.77,28983.69,0.0,269922.28,11431056.22,0.0,0.0,2874317650.96,0.0,3471394959.73,18483369784.29,0,NORMAL
perhotelan,84314.36,2903.74,6533.05,0.0,9436.79,9700.84,370875.09,92718.77,0.0,863480.8,31305047.79,0.0,0.0,6832848589.83,0.0,9366041732.75,50467092382.0,0,NORMAL
perbankan,29447.31,247.21,1057.71,0.0,1304.92,1362.61,66240.71,16560.18,0.0,18143.92,5039608.07,0.0,0.0,1507119933.7,0.0,204600858.9,8034261128.56,0,NORMAL
pertanian,193828.76,1763.96,881.98,0.0,2645.94,45547.17,4934082.52,1007867.85,3208718.24,429336.26,27457542.24,0.0,0.0,111571150327.97,3492802643.29,4833991219.13,37177141956.0,1,SECTOR_INTENSITY_ANOMALY
pertanian,308475.29,56436.44,21217.68,0.0,77654.12,75389.82,14471641.24,3617910.31,0.0,5615540.47,101491111.17,0.0,0.0,326989427540.83,0.0,75451982437.5,174277354338.47,0,NORMAL
pertanian,306634.37,48852.55,18193.62,0.0,67046.17,66403.11,12487373.46,3121843.36,0.0,4845570.03,87575236.74,0.0,0.0,236515688605.24,0.0,57953040759.19,156780515043.81,0,NORMAL
konstruksi,39382.64,10626.05,4030.01,1612.15,16268.21,16631.34,2524708.54,631177.13,208812.98,1044993.88,19639749.3,0.0,0.0,41911554248.6,199730855.62,13902099220.32,31513253473.63,0,NORMAL
perbankan,48791.14,584.34,2504.16,0.0,3088.5,3162.41,157698.82,39424.71,0.0,43195.11,11997762.16,0.0,0.0,2960730063.2,0.0,442425226.97,16924340391.75,0,NORMAL
konstruksi,183986.48,46057.31,17876.78,7076.14,71010.23,69567.87,10973475.33,2743368.83,907591.53,4541995.39,85362845.41,0.0,0.0,233868634785.75,774818922.86,60073858301.54,162070743314.14,0,NORMAL
pertambangan,598171.8,745327.11,152523.43,0.0,897850.54,905213.89,131092986.39,32773246.6,46467458.07,29068002.07,727313354.2,0.0,280021.75,2618153686006.48,71447615014.05,262714849379.04,1254615558998.68,0,NORMAL
perbankan,129919.68,241.02,430.59,0.0,671.6,2374.18,3341040.73,380429.36,2946690.87,635744.11,9457598.1,0.0,0.0,76237553826.01,4064287577.21,5932269560.23,14473691985.5,1,SCOPE2_ELECTRICITY_MISMATCH
perhotelan,42746.55,1323.41,3512.07,534.01,5369.49,5197.87,171045.88,42761.47,0.0,398233.37,16864958.66,0.0,0.0,3897979301.88,0.0,3432779242.65,30150994457.4,0,NORMAL
konstruksi,105031.13,47411.88,19384.2,0.0,66796.08,65094.62,11318304.02,2829576.01,936111.54,4684722.31,93501600.25,0.0,0.0,218045406109.08,1167258042.2,35680585591.9,141610838334.4,0,NORMAL
perhotelan,262467.74,9266.55,24093.04,3706.62,18979.37,36726.35,3517746.93,832718.05,4339274.38,493345.32,13123160.23,0.0,0.0,69787566324.01,5007573952.42,5523670978.93,21354291306.98,1,SCOPE_MATH_DISCREPANCY
perhotelan,13420.19,226.98,574.92,90.31,892.21,944.49,28504.81,7126.2,0.0,66365.63,2810546.92,0.0,0.0,666933468.66,0.0,791136306.4,4561750398.38,0,NORMAL
konstruksi,34834.07,8292.67,3401.25,0.0,11693.92,11275.94,1972787.94,493196.99,163164.87,816550.22,16297391.31,0.0,0.0,42096247017.55,181573151.23,6182771100.89,30032079488.89,0,NORMAL
manufaktur,404362.01,83303.56,61439.74,7731.87,152475.17,152418.78,9403544.54,2350886.14,9999592.43,14595714.22,296401328.66,0.0,0.0,170997977676.52,9113491119.61,183594639365.49,465118336842.74,0,NORMAL
pertanian,139152.08,15661.97,5826.27,0.0,21488.24,22492.42,3989289.47,997322.37,0.0,1547994.18,27977298.1,0.0,0.0,93214176968.77,0.0,14497493854.33,40659331911.85,0,NORMAL
manufaktur,127030.42,20562.47,15085.33,0.0,35647.8,34673.33,2313114.29,578278.57,2459732.08,3590300.98,72595491.07,0.0,0.0,44335786869.24,3200125597.4,41025896929.96,115890296261.4,0,NORMAL
konstruksi,134724.91,15716.59,6086.07,2475.77,24278.43,23332.27,3799584.72,949896.18,314255.13,1572673.72,29557032.16,0.0,0.0,79208793647.56,326487620.96,19020762385.09,47539674001.03,0,NORMAL
konstruksi,238915.34,90134.32,35075.26,13948.09,139157.67,141762.83,21696625.87,5424156.47,1794479.26,8980379.66,168778410.08,0.0,0.0,505188679272.73,2384665049.76,100935411676.83,266002519376.49,0,NORMAL
perhotelan,37599.83,909.75,2355.62,360.25,3625.62,3674.84,114453.41,28613.35,0.0,266473.34,11284995.85,0.0,0.0,2838263259.39,0.0,3221253213.37,16737989164.66,0,NORMAL
manufaktur,236528.3,40266.66,28861.78,0.0,69128.44,68707.59,4491090.28,1122772.57,4775760.05,6970846.99,140949759.79,0.0,0.0,72073472940.25,6439638766.58,67003479270.92,199425778046.36,0,NORMAL
perbankan,192196.44,177.03,88.52,0.0,265.55,7480.67,4037243.84,336686.48,3304144.99,1140169.07,28012175.44,0.0,0.0,78421526659.19,3370124277.81,13095267671.5,45181459959.8,1,SECTOR_INTENSITY_ANOMALY
pertambangan,234630.69,181242.72,36996.01,0.0,218238.73,219128.94,32655228.73,8163807.18,11575031.69,7240831.74,181173566.89,0.0,69753.35,761320128746.38,10297876378.17,87655538602.15,260225071891.96,0,NORMAL
perhotelan,50747.19,1050.5,2298.25,0.0,3348.75,3529.2,131955.14,32988.78,0.0,307221.3,11138148.61,0.0,0.0,3227488604.95,0.0,2977073604.46,19181108395.18,0,NORMAL
pertambangan,103392.84,99468.11,18650.27,0.0,118118.38,125942.67,4749419.78,888725.92,1682659.41,1793919.46,17359047.66,0.0,20678.57,4049236703.68,2174739819.14,18891344988.41,24710437649.19,1,FUEL_PRICE_INVOICE_FRAUD
perbankan,6567.57,34.87,152.21,0.0,187.08,193.29,9525.53,2381.38,0.0,2609.13,724704.46,0.0,0.0,215951501.3,0.0,35089468.36,1307223810.74,0,NORMAL
manufaktur,449117.5,55339.8,39724.57,0.0,95064.37,93888.63,6108750.07,1527187.52,6495955.94,9481698.09,191718892.88,0.0,0.0,110227557834.18,7035776005.59,110308514121.17,337922441370.66,0,NORMAL
pertambangan,711801.58,567076.29,114015.63,0.0,681091.92,677766.41,100216873.04,25054218.26,35523054.85,22221663.82,556010447.9,0.0,214068.69,1712736198870.25,32709694106.04,293403626368.85,795492145838.97,0,NORMAL
perhotelan,79428.46,3446.09,7720.99,0.0,11167.08,10924.59,436790.2,109197.55,0.0,1016946.04,36868850.05,0.0,0.0,10756358016.69,0.0,9493880529.94,53595853674.09,0,NORMAL
pertambangan,778681.43,873349.55,165550.54,54349.49,1093249.58,1049478.38,155484560.17,38871140.04,55113339.61,34476486.05,789695779.85,0.0,332123.48,3332138088425.3,76766963972.56,325258561132.9,1489539770225.21,0,NORMAL
pertambangan,355473.65,403821.5,81616.59,0.0,485438.09,492748.77,71891448.79,17972862.2,25482773.52,15940904.54,398858948.88,0.0,153564.05,1743845414525.75,30003102858.37,179239119789.55,535045290742.35,0,NORMAL
manufaktur,297078.3,18911.41,13907.14,1697.59,34516.14,34470.89,2111257.24,527814.31,2245080.23,3276988.51,66547188.62,0.0,0.0,37029994316.14,3549606317.02,34428181938.66,94916025289.17,0,NORMAL
perbankan,73675.38,481.34,3695.5,737.95,4914.79,5042.09,131437.38,32859.34,0.0,36001.86,17592214.88,0.0,0.0,3010861280.12,0.0,298452501.66,21606600887.62,0,NORMAL
perbankan,39805.18,394.32,1639.34,0.0,2033.66,1967.7,105386.53,26346.63,0.0,28866.31,8017831.03,0.0,0.0,1698782898.08,0.0,245687732.94,11117938234.65,0,NORMAL
konstruksi,112636.19,31263.77,4337.81,0.0,35601.58,48954.42,3141402.31,604874.26,6195860.46,1325252.47,19531645.4,0.0,0.0,67747800791.32,6362974787.17,11300194330.9,31432043477.92,1,SCOPE2_ELECTRICITY_MISMATCH
manufaktur,236330.89,33865.29,4071.55,3078.66,41015.5,60694.62,2981495.47,482666.56,6326741.72,785493.39,27156980.56,0.0,0.0,59278351413.53,8600378471.0,6781460515.11,36909242710.83,1,SCOPE2_ELECTRICITY_MISMATCH
perbankan,76777.98,328.93,2454.8,485.59,3269.32,3432.8,88365.09,22091.27,0.0,24203.98,11827211.31,0.0,0.0,2076602203.55,0.0,290195308.39,16659967309.14,0,NORMAL
konstruksi,297071.29,102494.69,7362.77,15768.41,125625.87,155710.05,3601359.39,753942.9,5450252.43,1931036.78,14065817.46,0.0,0.0,77391365090.98,6345711900.74,19023406070.74,23387275769.75,1,SCOPE2_ELECTRICITY_MISMATCH
pertanian,366059.34,46330.05,16284.5,3287.83,65902.38,64337.59,11789776.41,2947444.1,0.0,4574876.16,79839324.37,0.0,0.0,256528579552.86,0.0,34629470284.83,100674250232.51,0,NORMAL
perhotelan,83454.54,1246.35,3264.5,490.85,5001.7,5137.07,157629.06,39407.27,0.0,366995.99,15542073.3,0.0,0.0,3897347752.75,0.0,3382480623.63,21963997254.67,0,NORMAL
perbankan,14423.97,88.8,379.04,0.0,467.84,453.99,23892.96,5973.24,0.0,6544.49,1817781.83,0.0,0.0,596788291.02,0.0,76343057.28,2385771763.73,0,NORMAL
manufaktur,83157.04,11685.91,8383.59,1038.69,21108.19,20388.26,1290243.75,322560.94,1372026.42,2002652.18,40668703.05,0.0,0.0,30871628220.9,1955659341.47,16571593883.61,64480401498.54,0,NORMAL
pertambangan,350176.31,309334.75,63226.88,0.0,372561.63,383417.48,54645392.79,13661348.2,19369705.18,12116837.33,303176584.93,0.0,116725.53,1242210203715.43,21457174069.15,128329003151.96,446232428376.87,0,NORMAL
pertambangan,694476.52,508511.94,103889.46,0.0,612401.4,646175.88,90638146.04,22659536.51,32127761.87,20097717.57,502866978.83,0.0,193608.01,1657299960923.31,43791781780.31,151871086614.54,713968568033.99,0,NORMAL
perbankan,11566.56,103.8,435.03,0.0,538.83,561.03,27881.47,6970.37,0.0,7636.98,2121228.29,0.0,0.0,566962210.67,0.0,67431038.05,2861939960.64,0,NORMAL
perbankan,32997.03,440.81,1866.93,0.0,2307.74,2257.34,119393.29,29848.32,0.0,32702.88,9083468.23,0.0,0.0,2979948202.89,0.0,380601859.48,15895753605.76,0,NORMAL
konstruksi,295271.13,77852.19,29850.45,11820.34,119522.98,115904.89,18595796.74,4648949.19,1538016.64,7696925.59,144657009.2,0.0,0.0,349491932928.77,1401522773.76,99968001821.42,236948689269.76,0,NORMAL
pertambangan,545311.34,521011.97,105918.23,0.0,626930.2,654014.18,93392241.22,23348060.31,33103983.46,20708398.94,518146897.79,0.0,199490.91,2279363782612.19,29452843159.96,233586179665.66,725346479884.93,0,NORMAL
perhotelan,13106.83,322.26,722.88,0.0,1045.14,1006.77,41188.38,10297.09,0.0,95895.82,3476653.29,0.0,0.0,719375863.07,0.0,1131880311.13,4342580694.32,0,NORMAL
pertanian,323006.84,2856.88,1428.44,0.0,4285.32,75969.93,2001821.88,604724.63,5883528.97,328213.97,22116928.91,0.0,0.0,42434635844.72,7838659171.63,3725951759.77,34491750999.01,1,SECTOR_INTENSITY_ANOMALY
perhotelan,119221.79,1343.06,2963.59,0.0,4306.65,4509.75,170515.61,42628.9,0.0,396998.78,14392984.49,0.0,0.0,3152902911.11,0.0,3964743852.05,17577651692.73,0,NORMAL
pertambangan,166114.42,175695.17,35599.96,0.0,211295.13,203898.23,31079720.61,7769930.15,11016574.22,6891485.26,172432534.06,0.0,66387.97,498021531157.72,14008874956.23,80172169522.91,306505703992.61,0,NORMAL
manufaktur,455514.37,110684.25,78227.06,0.0,188911.31,197888.65,12220867.08,3055216.77,12995492.22,18968622.15,383543454.46,0.0,0.0,239656828660.98,14797040789.69,144577869624.4,668478878321.48,0,NORMAL
konstruksi,55611.8,1519.15,759.58,0.0,2278.73,20188.29,2951749.77,788145.53,1354907.88,1133596.04,6041587.51,0.0,0.0,57144979858.49,1848109184.04,12166252377.46,8218230397.78,1,SECTOR_INTENSITY_ANOMALY
konstruksi,193366.52,46714.47,19345.83,0.0,66060.3,68332.28,11200306.91,2800076.73,926352.26,4635882.51,92526814.74,0.0,0.0,211273144686.95,1397771799.37,51709032435.25,145467197460.31,0,NORMAL
pertanian,347304.23,26105.08,9586.81,0.0,35691.89,37121.01,6576772.36,1644193.09,0.0,2552034.75,46123582.24,0.0,0.0,135976579935.89,0.0,26603652416.01,77385157049.57,0,NORMAL
perhotelan,37337.87,1014.91,2272.44,0.0,3287.35,3219.66,128985.48,32246.37,0.0,300307.27,10887483.87,0.0,0.0,3220608714.18,0.0,2958154946.47,14456588772.63,0,NORMAL
manufaktur,86174.07,13651.19,10035.76,0.0,23686.95,22953.86,1525380.45,381345.11,1622067.37,2367619.68,47873009.62,0.0,0.0,28356731349.33,1939380284.86,28741601474.91,81231037138.02,0,NORMAL
perhotelan,117801.12,3106.02,7019.56,0.0,10125.58,9875.65,400374.01,100093.5,0.0,932160.93,33795010.13,0.0,0.0,8699782760.25,0.0,9018196677.5,45395173258.9,0,NORMAL
perhotelan,234650.97,6040.36,15704.94,2416.14,24161.44,25081.38,3444016.0,679667.06,3558082.15,395486.37,14390312.9,0.0,0.0,3819847555.23,4840455552.58,3405372672.47,21930298973.8,1,FUEL_PRICE_INVOICE_FRAUD
konstruksi,180620.45,22470.13,8818.47,3439.22,34727.82,34452.81,5404952.8,1351238.2,447031.52,2237146.39,42045216.87,0.0,0.0,130591366882.07,605782999.08,21873464052.84,65449046407.25,0,NORMAL
perhotelan,227236.18,716.32,358.16,0.0,1074.49,31731.48,3785452.44,1174993.3,7536145.79,919519.78,26227241.42,0.0,0.0,80772541681.24,8539643504.91,8004552441.37,43813794211.18,1,SECTOR_INTENSITY_ANOMALY
manufaktur,187456.86,10906.65,7925.98,0.0,18832.63,18009.67,1211902.63,302975.66,1288719.62,1881054.99,38034725.13,0.0,0.0,22195625073.94,1530110836.9,19788903826.79,49432018871.41,0,NORMAL
pertanian,92763.4,11792.98,4211.78,842.36,7756.99,17679.19,2659029.58,520056.3,5108435.49,1162104.55,12852642.75,0.0,0.0,56658485294.02,6303829518.51,10848720881.41,19181986532.75,1,SCOPE_MATH_DISCREPANCY
perhotelan,77482.33,680.65,6811.3,0.0,7491.95,10636.66,4073835.56,441710.89,3626224.83,660785.77,11130043.65,0.0,0.0,91810835262.42,3952501561.66,7556877111.44,18591959597.76,1,SCOPE1_UNDERREPORTING_FRAUD
perbankan,35077.44,144.7,1095.29,216.2,1456.19,1517.37,39344.28,9836.07,0.0,10776.75,5266029.44,0.0,0.0,973657639.28,0.0,111701650.42,8893703787.1,0,NORMAL
pertanian,205106.76,1718.44,990.82,0.0,2709.26,21863.17,4592863.24,1133271.27,7946169.32,1221483.33,17070176.68,0.0,0.0,103420729567.41,10350413881.85,13594089331.19,27050114051.02,1,EXTREME_YOY_COLLAPSE
konstruksi,367178.3,102544.75,39440.29,0.0,82932.15,163449.56,3849664.73,698551.86,4081434.0,1830206.94,19116817.48,0.0,0.0,82079067056.47,4425548832.27,18680033398.72,28275302081.95,1,SCOPE_MATH_DISCREPANCY
manufaktur,100908.04,18602.03,13528.75,0.0,20281.69,34651.54,4678555.94,698277.06,3312113.08,1156687.56,25813569.9,0.0,0.0,107339705059.85,3695171460.86,10859786522.27,44367140621.44,1,SCOPE_MATH_DISCREPANCY
pertambangan,790125.03,1021565.5,206438.51,0.0,1228004.01,1223852.12,181698836.07,45424709.02,64405299.46,40289128.26,1008078262.25,0.0,388118.6,3135634812948.05,86577292855.63,319277505351.59,1764080055551.94,0,NORMAL
manufaktur,316174.4,53625.74,39260.42,4942.87,97829.03,93276.34,6063572.66,1515893.17,6447914.94,9411575.95,191124845.03,0.0,0.0,148221563003.1,7683533002.11,108562473629.44,291026930309.31,0,NORMAL
manufaktur,310967.34,37613.62,27124.73,3474.94,68213.29,68165.09,4202796.77,1050699.19,4469192.93,6523372.15,132472871.33,0.0,0.0,103746233215.59,4739512558.91,55005829492.48,189755799642.47,0,NORMAL
perhotelan,70507.17,1501.97,3904.84,599.16,6005.97,6121.57,190225.0,47556.25,0.0,442886.67,18756000.85,0.0,0.0,4394271484.62,0.0,4573513425.65,29900117005.73,0,NORMAL
manufaktur,206014.84,31104.58,22621.51,0.0,53726.09,56502.07,5549342.33,593390.21,2686646.0,937918.55,13588760.28,0.0,0.0,6136780240.92,3110811319.99,8517358084.01,18474239402.41,1,FUEL_PRICE_INVOICE_FRAUD
pertambangan,588068.04,640727.37,130817.02,0.0,771544.39,739260.55,113389906.54,28347476.63,40192392.23,25142596.32,629095388.92,0.0,242207.01,2767286680984.23,49773711882.6,338724192267.11,805136674994.35,0,NORMAL
konstruksi,218921.79,68429.48,26243.05,10719.87,105392.4,107318.66,16533008.75,4133252.19,1367408.07,6843123.74,128610547.47,0.0,0.0,310528063803.15,1737240415.17,66289164041.27,183246351234.74,0,NORMAL
pertanian,264488.48,26851.74,9798.56,0.0,36650.3,37944.83,6843838.38,1710959.6,0.0,2655666.4,47996543.76,0.0,0.0,121339947331.93,0.0,29396868024.87,69194911824.94,0,NORMAL
pertambangan,75282.84,52765.49,1881.02,3297.84,57944.35,68864.79,3704053.93,1087201.66,3664493.84,1136073.98,15310548.94,0.0,15056.57,79811724381.38,4019652988.7,13047674933.2,21486602568.11,1,SCOPE2_ELECTRICITY_MISMATCH
pertambangan,298493.63,261319.02,48292.87,16070.56,325682.45,337647.73,46150348.58,11537587.14,16358536.38,10233182.3,234394562.85,0.0,98579.66,1061273860022.24,25293289910.08,92440146166.97,296229580130.64,0,NORMAL
pertanian,382536.67,61861.33,22106.45,4392.54,88360.32,93136.96,15801751.51,3950437.88,0.0,6131673.23,107008065.35,0.0,0.0,327296357964.07,0.0,61213704209.37,131050735148.36,0,NORMAL
manufaktur,349737.26,108160.43,78710.57,0.0,186871.0,194476.77,12049552.79,3012388.2,12813319.1,18702716.64,378166874.2,0.0,0.0,278565013185.01,16979985791.83,234075800095.43,669405348043.43,0,NORMAL
perbankan,21015.01,321.38,1364.54,0.0,1685.92,1608.32,87395.48,21848.87,0.0,23938.4,6649068.09,0.0,0.0,2169471267.51,0.0,232485874.38,11731308219.68,0,NORMAL
pertambangan,145754.81,137976.85,28167.13,0.0,166143.98,161907.18,24471928.48,6117982.12,8674364.22,5426301.49,135772026.24,0.0,52273.37,530105736574.85,13752925504.34,68436154340.67,238000269765.04,0,NORMAL
pertambangan,176652.04,178996.92,33012.22,11136.67,223145.81,229322.8,31545536.96,7886384.24,11181688.33,6994773.4,160217692.26,0.0,67382.98,608279732359.77,11588818507.21,85036821989.8,195312047413.4,0,NORMAL
perbankan,62394.59,592.27,2499.48,0.0,3091.75,3020.33,159439.12,39859.78,0.0,43671.79,12130164.45,0.0,0.0,2833268446.09,0.0,341654019.84,18161568671.59,0,NORMAL
pertanian,264255.78,36082.46,13283.17,0.0,49365.63,46663.11,9262747.05,2315686.76,0.0,3594293.84,64960599.49,0.0,0.0,161279677059.47,0.0,35634223073.14,103106741588.4,0,NORMAL
pertambangan,731156.76,1041617.18,193178.67,65054.62,1299850.47,1356453.47,184278078.13,46069519.53,65319542.28,40861038.44,935936149.92,0.0,393628.0,3769063873757.42,101408603267.76,371687722580.4,1197354666114.33,0,NORMAL
manufaktur,395303.55,41451.47,30146.53,3768.32,75366.31,71983.4,5443900.11,1074805.87,5179486.18,1172208.91,17387578.69,0.0,0.0,8328783098.95,5430132159.88,11219083155.95,30367132327.65,1,FUEL_PRICE_INVOICE_FRAUD
konstruksi,37452.58,15625.39,6183.26,2432.6,24241.25,22952.03,3788825.07,947206.27,313365.22,1568220.23,29473332.65,0.0,0.0,67393519905.57,286416692.16,14636866739.84,47014792129.33,0,NORMAL
perbankan,45237.91,98.15,412.52,0.0,510.67,507.69,26446.65,6611.66,0.0,7243.97,2012066.95,0.0,0.0,513172113.27,0.0,67373608.65,3658167136.3,0,NORMAL
manufaktur,158172.56,28473.82,20708.23,2588.53,51770.58,54241.27,3659069.64,810694.71,3421573.63,1279151.02,23766769.98,0.0,0.0,6094565959.07,4161855628.82,13343325536.86,35367873243.64,1,FUEL_PRICE_INVOICE_FRAUD
pertambangan,586676.96,476157.43,96942.71,0.0,573100.14,591349.7,85035920.24,21258980.06,30141986.74,18855503.82,471785425.61,0.0,181641.35,1436936958858.68,41835412277.1,251296527115.63,797243600466.28,0,NORMAL
perbankan,25379.29,292.38,1259.59,0.0,1551.97,1605.04,79971.51,19992.88,0.0,21904.91,6084250.54,0.0,0.0,1871143150.59,0.0,187517050.59,10933623949.59,0,NORMAL
pertambangan,341188.85,254717.0,47759.44,0.0,147366.78,311984.55,3847762.76,999077.56,3632417.64,1680303.66,17545758.82,0.0,68237.77,81542643188.28,4258722204.31,15540649734.34,26410362310.96,1,SCOPE_MATH_DISCREPANCY
konstruksi,269928.49,114789.14,47113.67,0.0,161902.81,153416.36,27609222.51,6902305.63,2283496.87,11427643.26,228082447.8,0.0,0.0,673726299763.79,2337578919.48,132099955123.02,432697148131.71,0,NORMAL
perbankan,5275.28,38.02,165.92,0.0,203.94,212.09,10440.16,2610.04,0.0,2859.65,794289.36,0.0,0.0,250329403.77,0.0,31888895.14,1347625730.05,0,NORMAL
perhotelan,46596.56,396.05,893.24,0.0,1289.29,1224.43,51184.41,12796.1,0.0,119168.84,4320404.25,0.0,0.0,962962511.92,0.0,984201959.1,6729541325.55,0,NORMAL
perbankan,35593.09,251.16,1073.16,0.0,1324.32,1277.18,67501.23,16875.31,0.0,18489.19,5135508.84,0.0,0.0,1432270387.83,0.0,245788244.84,7399682311.21,0,NORMAL
manufaktur,83155.64,12697.88,9234.82,1154.35,14165.38,23487.1,3850253.36,662826.45,7735864.9,808975.96,8735463.04,0.0,0.0,82975703193.93,8456343906.04,7251595701.43,13283800665.3,1,SCOPE_MATH_DISCREPANCY
konstruksi,282829.08,130662.06,50192.62,20032.28,200886.96,195646.48,31397793.62,7849448.41,2596841.09,12995758.38,244243953.88,0.0,0.0,636167230794.25,2223530024.29,166242336763.46,410750912129.88,0,NORMAL
perbankan,18317.1,72.82,544.03,110.18,727.03,740.64,19772.06,4943.02,0.0,5415.74,2646388.83,0.0,0.0,445631857.5,0.0,42774558.45,4938954188.05,0,NORMAL
pertambangan,208708.26,252704.85,52359.2,0.0,305064.05,290367.65,45194288.19,11298572.05,16019649.48,10021189.53,250741174.17,0.0,96537.46,930591719159.29,15865042259.99,127029492995.59,322034410261.79,0,NORMAL
perhotelan,117464.38,2914.63,6455.82,0.0,9370.45,9026.48,370631.32,92657.83,0.0,862913.25,31284471.35,0.0,0.0,8846789811.3,0.0,10710472124.99,45700352982.1,0,NORMAL
perhotelan,128431.72,695.01,6197.86,0.0,6892.87,9153.73,3213941.21,1144071.43,1189643.97,551871.93,20015266.42,0.0,0.0,70938919545.16,1290866034.62,5852801492.07,34644512785.68,1,SCOPE1_UNDERREPORTING_FRAUD
pertanian,117140.87,10463.92,3860.4,0.0,14324.32,14584.72,2653245.32,663311.33,0.0,1029558.86,18607482.79,0.0,0.0,53450619576.54,0.0,7793446072.82,34927191399.87,0,NORMAL
konstruksi,100699.94,36557.48,14413.59,5647.5,56618.57,54585.65,8864354.33,2216088.58,733150.87,3669016.0,68955958.39,0.0,0.0,198599485025.25,1079496382.54,28178253240.31,94847504934.84,0,NORMAL
pertambangan,171541.33,256608.37,53177.81,0.0,309786.18,324527.32,45861085.97,11465271.49,16256003.83,10169042.44,254440616.38,0.0,97961.78,904286069602.71,15771913816.58,96264221985.17,397681112169.06,0,NORMAL
pertanian,307936.31,38831.65,14436.47,0.0,53268.12,52065.54,9867204.63,2466801.16,0.0,3828846.09,69199722.75,0.0,0.0,244236877136.45,0.0,49334559485.49,92750599636.33,0,NORMAL
manufaktur,479452.64,65805.64,48029.68,0.0,113835.32,120556.24,7364132.53,1841033.13,7830911.37,11430240.3,231118202.2,0.0,0.0,168895880620.55,11579418211.63,132255217804.13,399154537824.67,0,NORMAL
manufaktur,314527.72,70467.14,51186.2,0.0,121653.34,115276.28,7901917.2,1975479.3,8402783.77,12264962.93,247996201.98,0.0,0.0,193400880217.89,11584674418.12,149412527035.6,461817487747.62,0,NORMAL
perhotelan,116477.35,1292.3,2885.31,0.0,4177.61,4057.9,167129.22,41782.3,0.0,389114.49,14107143.45,0.0,0.0,4052489998.02,0.0,5195262005.85,23965242713.89,0,NORMAL
pertanian,224436.73,28753.66,10102.08,2009.06,40864.8,41997.79,7225912.98,1806478.25,0.0,2803925.7,48933244.39,0.0,0.0,172667551914.6,0.0,33465862166.05,70301553415.1,0,NORMAL
konstruksi,127891.9,40604.01,15262.26,6121.11,61987.38,63464.74,9568481.69,2392120.42,791387.66,3960459.06,74433376.71,0.0,0.0,176968683720.95,920275564.25,52374937111.85,110752297193.68,0,NORMAL
konstruksi,173691.93,64083.52,25911.65,0.0,89995.17,93793.83,15172863.77,3793215.94,1254913.53,6280150.57,125344489.81,0.0,0.0,325538824007.24,1336048008.41,53591829288.58,212845297744.3,0,NORMAL
perhotelan,101756.06,3436.14,7558.09,0.0,10994.23,10729.79,436837.78,109209.45,0.0,1017056.83,36872866.77,0.0,0.0,9665814885.38,0.0,7730348278.67,54323528993.02,0,NORMAL
pertanian,197377.73,45585.8,16156.84,3248.08,64990.72,67224.65,11462183.16,2865545.79,0.0,4447757.68,77620891.8,0.0,0.0,256615365767.96,0.0,60024114813.95,101252634097.48,0,NORMAL
manufaktur,283138.3,3767.15,1883.58,0.0,5650.73,93981.1,4878395.38,615816.31,5172540.91,950117.7,10070707.5,0.0,0.0,93359349875.53,6372326413.0,10894408766.42,17466450691.44,1,SECTOR_INTENSITY_ANOMALY
pertanian,372155.55,67625.61,23610.97,4773.89,96010.47,98762.44,17017911.9,4254477.97,0.0,6603589.14,115243796.06,0.0,0.0,407204885604.44,0.0,52368819822.08,166942286364.32,0,NORMAL
perhotelan,41652.95,1059.75,2366.45,0.0,3426.2,3474.61,134258.06,33564.52,0.0,312583.03,11332535.22,0.0,0.0,2832383533.45,0.0,4122794355.32,20952479643.87,0,NORMAL
manufaktur,293724.04,61371.29,44943.0,5515.02,111829.31,118391.83,6848730.18,1712182.54,7282840.02,10630258.41,215873144.01,0.0,0.0,145767753587.59,9411303334.17,112667195614.15,313523078616.15,0,NORMAL
pertambangan,352742.91,307629.47,62854.52,0.0,370483.99,374173.21,54667928.59,13666982.15,19377693.26,12121834.32,303301615.19,0.0,116773.67,1132747086595.07,19108533698.28,150585390398.56,441706907473.62,0,NORMAL
perhotelan,91603.83,1135.96,2980.99,460.34,4577.29,4616.22,145226.27,36306.57,0.0,338119.5,14319170.06,0.0,0.0,2752630812.67,0.0,2597952096.84,23719586031.53,0,NORMAL
perhotelan,86188.87,3052.09,6910.42,0.0,9962.51,10349.46,394278.6,98569.65,0.0,917969.44,33280505.08,0.0,0.0,8463161672.36,0.0,9075836613.19,45809580649.66,0,NORMAL
konstruksi,43452.35,12350.36,5119.87,0.0,17470.23,17654.83,2960555.02,740138.76,244860.87,1225393.68,24457430.35,0.0,0.0,56737424330.3,257696547.53,9980856856.05,35908139603.84,0,NORMAL
pertambangan,209436.13,177655.02,36466.2,0.0,214121.22,206065.01,31298725.1,7824681.28,11094202.95,6940046.38,173647586.83,0.0,66855.78,656123129327.25,15612179505.97,79927563761.63,222657310508.22,0,NORMAL
pertambangan,210214.94,257169.03,16547.05,0.0,273716.09,329595.99,3997093.85,485338.72,1848669.6,1055329.99,24956764.38,0.0,42042.99,85276918879.28,2136651902.91,10204490962.92,38513409943.05,1,SCOPE2_ELECTRICITY_MISMATCH
manufaktur,61000.01,8918.62,6369.64,0.0,15288.26,14830.63,991512.73,247878.18,1054360.21,1538976.76,31117940.79,0.0,0.0,20059395451.09,1097502656.97,16194193811.3,50768636119.3,0,NORMAL
pertambangan,154608.36,145961.54,27920.91,9255.01,183137.46,177163.44,26251783.78,6562945.95,9305254.96,5820959.05,133331070.59,0.0,56075.24,575112802325.67,12544039299.36,55857213528.42,171553998310.53,0,NORMAL
konstruksi,67845.97,12736.67,4898.72,0.0,11262.44,18627.76,4735560.72,446798.7,7068381.31,1917365.23,26429262.36,0.0,0.0,105516446535.87,9356934075.2,19265146519.77,41921331580.3,1,SCOPE_MATH_DISCREPANCY
pertanian,60914.77,8721.69,3210.96,0.0,11932.65,11722.95,2191220.34,547805.09,0.0,850275.81,15367254.04,0.0,0.0,53370269137.95,0.0,9680682869.1,19857269668.45,0,NORMAL
pertanian,232397.57,31784.72,4078.67,0.0,35863.39,44787.54,3479382.58,1102610.15,1536943.68,295891.1,23647763.82,0.0,0.0,69711024185.94,1590780949.11,3348658725.06,32678973261.9,1,SCOPE2_ELECTRICITY_MISMATCH
manufaktur,97895.58,14980.86,10784.54,0.0,25765.4,25065.41,1657953.99,414488.5,1763044.15,2573393.74,52033738.57,0.0,0.0,32014614017.71,1805738328.89,24394934680.37,82551730744.47,0,NORMAL
manufaktur,82172.43,11793.48,8415.4,1069.94,21278.82,20790.49,1307309.22,326827.31,1390173.61,2029140.37,41206609.85,0.0,0.0,30510239306.72,1450705415.37,24543833861.3,57852995033.51,0,NORMAL
pertanian,55607.84,10417.9,3720.68,744.14,9500.72,15225.86,3563973.3,1072924.24,5229567.56,446316.26,26646285.02,0.0,0.0,75764986951.45,5737012503.97,3797592332.55,41590626261.46,1,SCOPE_MATH_DISCREPANCY
perbankan,24329.45,90.16,669.58,133.57,893.31,898.94,24315.56,6078.89,0.0,6660.25,3254511.96,0.0,0.0,408477583.32,0.0,71236702.28,4493653908.97,0,NORMAL
pertanian,49483.32,6348.36,2231.02,446.68,9026.06,8635.03,1594355.2,398588.8,0.0,618669.71,10796832.57,0.0,0.0,36214486006.17,0.0,5445135869.39,18638699754.35,0,NORMAL
manufaktur,119113.66,4107.24,7813.4,0.0,11920.64,18741.57,3039132.64,598256.04,3605375.81,1374026.09,26958601.47,0.0,0.0,68185187605.51,4237076060.08,15653157750.67,44206475197.35,1,SCOPE1_UNDERREPORTING_FRAUD
konstruksi,288487.21,70511.94,29370.21,0.0,99882.15,105081.28,17035688.59,4258922.15,1408983.59,7051186.31,140733465.16,0.0,0.0,293293179049.02,1531259310.59,72811142501.88,239693017169.2,0,NORMAL
pertanian,279812.0,38331.79,13486.36,2745.67,54563.82,53773.34,9704244.42,2426061.11,0.0,3765611.41,65716285.99,0.0,0.0,188452622562.88,0.0,45935356540.17,105892806510.07,0,NORMAL
konstruksi,289601.22,105498.66,43248.24,0.0,148746.9,153361.84,25462709.69,6365677.42,2105963.61,10539187.14,210349898.58,0.0,0.0,469159175839.76,2677717938.42,130210180191.31,256317194616.05,0,NORMAL
perhotelan,27416.89,721.48,1858.03,284.24,2863.75,2906.63,91755.41,22938.85,0.0,213627.28,9046994.88,0.0,0.0,1655579592.16,0.0,2304113335.82,13554085519.41,0,NORMAL
pertambangan,59223.87,48060.53,9011.35,3003.78,60075.66,59759.57,3050131.42,796247.68,3335624.34,764748.48,11115507.75,0.0,11844.77,1822606606.21,3967070377.58,8138689557.37,15773146533.85,1,FUEL_PRICE_INVOICE_FRAUD
pertambangan,227608.86,221984.65,41801.66,13808.1,277594.41,275799.83,39399931.15,9849982.79,13965771.16,8736373.41,200109639.95,0.0,84160.4,831983900503.39,17982306081.34,113709094929.1,336469411056.15,0,NORMAL
konstruksi,305473.47,112627.44,45713.2,0.0,158340.64,165300.21,27134226.94,6783556.74,2244211.05,11231039.39,224158463.68,0.0,0.0,446418645786.97,3370839385.07,142025415035.87,334596414408.9,0,NORMAL
pertanian,101957.08,12252.65,4370.06,869.92,17492.63,18004.17,3083492.28,770873.07,0.0,1196510.84,20881137.32,0.0,0.0,58987790855.49,0.0,14252493472.6,26438320482.23,0,NORMAL
perhotelan,39012.06,1113.81,2476.29,0.0,3590.1,3549.5,140139.78,35034.95,0.0,326277.0,11829003.08,0.0,0.0,3335921712.79,0.0,2887589340.67,20654842349.0,0,NORMAL
manufaktur,72953.19,7487.68,5342.14,0.0,12829.82,13136.54,829459.51,207364.88,882035.17,1287445.8,26032012.58,0.0,0.0,16160136276.08,1085694893.81,10984730017.12,38413616386.64,0,NORMAL
perhotelan,119756.91,3261.14,7351.36,0.0,10612.5,10804.9,417443.46,104360.87,0.0,971902.48,35235819.27,0.0,0.0,9484709558.9,0.0,7811308353.19,54764300804.97,0,NORMAL
pertambangan,199031.81,30094.34,11663.53,0.0,41757.87,326294.08,2464082.6,369742.01,1929876.59,1941039.83,21481725.35,0.0,39806.36,54787686242.82,2564159410.33,20648165543.77,32009440480.31,1,EXTREME_YOY_COLLAPSE
manufaktur,287108.82,53165.44,38266.72,0.0,91432.16,86256.92,5842680.86,1460670.22,6213021.81,9068718.69,183368494.83,0.0,0.0,128907656206.7,5962387828.96,100414527512.68,322048612761.6,0,NORMAL
pertanian,149495.76,8192.07,3041.5,0.0,11233.57,11748.83,2113212.99,528303.25,0.0,820006.03,14820180.45,0.0,0.0,38533427123.07,0.0,11013289631.43,21683813334.29,0,NORMAL
perbankan,20684.41,92.06,691.21,138.35,921.62,878.89,25262.84,6315.71,0.0,6919.72,3381300.48,0.0,0.0,503876414.68,0.0,78116333.44,6040524503.95,0,NORMAL
perhotelan,49787.88,1898.63,4310.51,0.0,6209.14,6248.17,245139.32,61284.83,0.0,570739.58,20691866.98,0.0,0.0,4333600574.63,0.0,5617042029.87,33480739270.02,0,NORMAL
perbankan,75991.76,588.88,4507.99,881.08,5977.95,6319.33,160413.38,40103.35,0.0,43938.65,21470504.09,0.0,0.0,3966081911.6,0.0,503572250.89,40173704394.3,0,NORMAL
pertanian,238089.43,39426.29,14455.57,0.0,53881.86,52506.79,10028030.14,2507007.53,0.0,3891252.43,70327608.6,0.0,0.0,239067414333.23,0.0,39808773220.57,116307514793.6,0,NORMAL
pertanian,244118.56,2141.42,1070.71,0.0,3212.13,46088.91,3715252.69,826856.99,5380093.9,942554.48,25712255.08,0.0,0.0,81584605525.52,5438770468.46,10042314762.13,44140376953.85,1,SECTOR_INTENSITY_ANOMALY
perbankan,47381.47,167.74,716.8,0.0,884.54,884.13,46013.5,11503.37,0.0,12603.5,3500717.24,0.0,0.0,821716808.26,0.0,102138851.48,5099888974.38,0,NORMAL
manufaktur,356318.42,54183.62,39220.15,0.0,93403.77,91699.57,6039468.54,1509867.13,6422282.96,9374162.73,189544539.85,0.0,0.0,130953731473.82,5967130673.57,79790834187.49,237405094592.36,0,NORMAL
perbankan,12107.13,71.88,304.12,0.0,376.0,389.95,19299.7,4824.92,0.0,5286.36,1468325.29,0.0,0.0,415734040.08,0.0,48379519.08,1813404348.28,0,NORMAL
manufaktur,222496.87,51249.77,37174.13,4532.22,92956.12,91363.48,5631984.62,1407996.15,5988970.49,8741686.46,177521116.28,0.0,0.0,103881639507.94,7037918706.39,72362661193.3,256649539378.4,0,NORMAL
perbankan,13028.17,224.09,976.36,0.0,1200.45,1142.03,61442.67,15360.67,0.0,16829.69,4674572.56,0.0,0.0,1360119281.76,0.0,177502508.11,8157201779.38,0,NORMAL
perbankan,75051.41,172.39,1266.83,257.67,1696.89,1692.07,46360.14,11590.03,0.0,12698.45,6205065.09,0.0,0.0,803745356.49,0.0,145744800.39,9911853639.11,0,NORMAL
perhotelan,107074.55,3225.12,7065.19,0.0,10290.31,9829.04,410259.34,102564.84,0.0,955176.22,34629417.58,0.0,0.0,6840076404.17,0.0,12088685319.53,45868035911.58,0,NORMAL
konstruksi,206083.94,50497.07,20479.47,0.0,70976.54,66942.67,11915612.85,2978903.21,985513.61,4931952.46,98436026.08,0.0,0.0,244634905438.48,1194157668.94,43716095766.07,119769410885.5,0,NORMAL
pertanian,142581.06,19381.81,7213.61,0.0,26595.42,26701.87,4975484.48,1243871.12,0.0,1930674.9,34893585.3,0.0,0.0,83195620472.12,0.0,20172680410.23,48018878454.37,0,NORMAL
